iso3,city,province_state,country_region,latitude,longitude,combined_key,population,who_region
AFG,,,Afghanistan,33.93911,67.709953,Afghanistan,38928341,Eastern Mediterranean
ALB,,,Albania,41.1533,20.1683,Albania,2877800,Europe
DZA,,,Algeria,28.0339,1.6596,Algeria,43851043,Africa
AND,,,Andorra,42.5063,1.5218,Andorra,77265,Europe
AGO,,,Angola,-11.2027,17.8739,Angola,32866268,Africa
ATG,,,Antigua and Barbuda,17.0608,-61.7964,Antigua and Barbuda,97928,Americas
ARG,,,Argentina,-38.4161,-63.6167,Argentina,45195777,Americas
ARM,,,Armenia,40.0691,45.0382,Armenia,2963234,Europe
AUT,,,Austria,47.5162,14.5501,Austria,9006400,Europe
AZE,,,Azerbaijan,40.1431,47.5769,Azerbaijan,10139175,Europe
BHS,,,Bahamas,25.025885,-78.035889,Bahamas,393248,Americas
BHR,,,Bahrain,26.0275,50.55,Bahrain,1701583,Eastern Mediterranean
BGD,,,Bangladesh,23.685,90.3563,Bangladesh,164689383,South-East Asia
BRB,,,Barbados,13.1939,-59.5432,Barbados,287371,Americas
BLR,,,Belarus,53.7098,27.9534,Belarus,9449321,Europe
BEL,,,Belgium,50.8333,4.469936,Belgium,11492641,Europe
BEL,,Antwerp,Belgium,51.2195,4.4024,"Antwerp, Belgium",1869730,Europe
BEL,,Brussels,Belgium,50.8503,4.3517,"Brussels, Belgium",1218255,Europe
BEL,,East Flanders,Belgium,51.0362,3.7373,"East Flanders, Belgium",1525255,Europe
BEL,,Flemish Brabant,Belgium,50.9167,4.5833,"Flemish Brabant, Belgium",1155843,Europe
BEL,,Hainaut,Belgium,50.5257,4.0621,"Hainaut, Belgium",1346840,Europe
BEL,,Liege,Belgium,50.4496,5.8492,"Liege, Belgium",1109800,Europe
BEL,,Limburg,Belgium,50.9739,5.342,"Limburg, Belgium",877370,Europe
BEL,,Luxembourg,Belgium,50.0547,5.4677,"Luxembourg, Belgium",286752,Europe
BEL,,Namur,Belgium,50.331,4.8221,"Namur, Belgium",495832,Europe
BEL,,Walloon Brabant,Belgium,50.4,4.35,"Walloon Brabant, Belgium",406019,Europe
BEL,,West Flanders,Belgium,51.0536,3.1458,"West Flanders, Belgium",1200945,Europe
BLZ,,,Belize,17.1899,-88.4976,Belize,397621,Americas
BEN,,,Benin,9.3077,2.3158,Benin,12123198,Africa
BTN,,,Bhutan,27.5142,90.4336,Bhutan,771612,South-East Asia
BOL,,,Bolivia,-16.2902,-63.5887,Bolivia,11673029,Americas
BIH,,,Bosnia and Herzegovina,43.9159,17.6791,Bosnia and Herzegovina,3280815,Europe
BWA,,,Botswana,-22.3285,24.6849,Botswana,2351625,Africa
BRA,,,Brazil,-14.235,-51.9253,Brazil,212559409,Americas
BRA,,Acre,Brazil,-9.0238,-70.812,"Acre, Brazil",881935,Americas
BRA,,Alagoas,Brazil,-9.5713,-36.782,"Alagoas, Brazil",3337357,Americas
BRA,,Amapa,Brazil,0.902,-52.003,"Amapa, Brazil",845731,Americas
BRA,,Amazonas,Brazil,-3.4168,-65.8561,"Amazonas, Brazil",4144597,Americas
BRA,,Bahia,Brazil,-12.5797,-41.7007,"Bahia, Brazil",14873064,Americas
BRA,,Ceara,Brazil,-5.4984,-39.3206,"Ceara, Brazil",9132078,Americas
BRA,,Distrito Federal,Brazil,-15.7998,-47.8645,"Distrito Federal, Brazil",3015268,Americas
BRA,,Espirito Santo,Brazil,-19.1834,-40.3089,"Espirito Santo, Brazil",4018650,Americas
BRA,,Goias,Brazil,-15.827,-49.8362,"Goias, Brazil",7018354,Americas
BRA,,Maranhao,Brazil,-4.9609,-45.2744,"Maranhao, Brazil",7075181,Americas
BRA,,Mato Grosso,Brazil,-12.6819,-56.9211,"Mato Grosso, Brazil",3484466,Americas
BRA,,Mato Grosso do Sul,Brazil,-20.7722,-54.7852,"Mato Grosso do Sul, Brazil",2778986,Americas
BRA,,Minas Gerais,Brazil,-18.5122,-44.555,"Minas Gerais, Brazil",21168791,Americas
BRA,,Para,Brazil,-1.9981,-54.9306,"Para, Brazil",8602865,Americas
BRA,,Paraiba,Brazil,-7.24,-36.782,"Paraiba, Brazil",4018127,Americas
BRA,,Parana,Brazil,-25.2521,-52.0215,"Parana, Brazil",11433957,Americas
BRA,,Pernambuco,Brazil,-8.8137,-36.9541,"Pernambuco, Brazil",9557071,Americas
BRA,,Piaui,Brazil,-7.7183,-42.7289,"Piaui, Brazil",3273227,Americas
BRA,,Rio de Janeiro,Brazil,-22.9068,-43.1729,"Rio de Janeiro, Brazil",17264943,Americas
BRA,,Rio Grande do Norte,Brazil,-5.4026,-36.9541,"Rio Grande do Norte, Brazil",3506853,Americas
BRA,,Rio Grande do Sul,Brazil,-30.0346,-51.2177,"Rio Grande do Sul, Brazil",11377239,Americas
BRA,,Rondonia,Brazil,-11.5057,-63.5806,"Rondonia, Brazil",1777225,Americas
BRA,,Roraima,Brazil,-2.7376,-62.0751,"Roraima, Brazil",605761,Americas
BRA,,Santa Catarina,Brazil,-27.2423,-50.2189,"Santa Catarina, Brazil",7164788,Americas
BRA,,Sao Paulo,Brazil,-23.5505,-46.6333,"Sao Paulo, Brazil",45919049,Americas
BRA,,Sergipe,Brazil,-10.5741,-37.3857,"Sergipe, Brazil",2298696,Americas
BRA,,Tocantins,Brazil,-10.1753,-48.2982,"Tocantins, Brazil",1572866,Americas
BRN,,,Brunei,4.5353,114.7277,Brunei,437483,Western Pacific
BGR,,,Bulgaria,42.7339,25.4858,Bulgaria,6948445,Europe
BFA,,,Burkina Faso,12.2383,-1.5616,Burkina Faso,20903278,Africa
MMR,,,Burma,21.9162,95.956,Burma,54409794,South-East Asia
BDI,,,Burundi,-3.3731,29.9189,Burundi,11890781,Africa
CPV,,,Cabo Verde,16.5388,-23.0418,Cabo Verde,555988,Africa
KHM,,,Cambodia,11.55,104.9167,Cambodia,16718971,Western Pacific
CMR,,,Cameroon,3.848,11.5021,Cameroon,26545864,Africa
CAF,,,Central African Republic,6.6111,20.9394,Central African Republic,4829764,Africa
TCD,,,Chad,15.4542,18.7322,Chad,16425859,Africa
CHL,,,Chile,-35.6751,-71.543,Chile,19116209,Americas
CHL,,Antofagasta,Chile,-23.6509,-70.3975,"Antofagasta, Chile",607534,Americas
CHL,,Araucania,Chile,-38.9489,-72.3311,"Araucania, Chile",957224,Americas
CHL,,Arica y Parinacota,Chile,-18.594,-69.4785,"Arica y Parinacota, Chile",226068,Americas
CHL,,Atacama,Chile,-27.5661,-70.0503,"Atacama, Chile",288944,Americas
CHL,,Aysen,Chile,-45.9864,-73.7669,"Aysen, Chile",103158,Americas
CHL,,Biobio,Chile,-37.4464,-72.1416,"Biobio, Chile",1556805,Americas
CHL,,Coquimbo,Chile,-29.959,-71.3389,"Coquimbo, Chile",757586,Americas
CHL,,Los Lagos,Chile,-41.9198,-72.1416,"Los Lagos, Chile",828708,Americas
CHL,,Los Rios,Chile,-40.231,-72.3311,"Los Rios, Chile",384837,Americas
CHL,,Magallanes,Chile,-52.368,-70.9863,"Magallanes, Chile",166533,Americas
CHL,,Maule,Chile,-35.5183,-71.6885,"Maule, Chile",1044950,Americas
CHL,,Metropolitana,Chile,-33.4376,-70.6505,"Metropolitana, Chile",7112808,Americas
CHL,,Nuble,Chile,-36.7226,-71.7622,"Nuble, Chile",480609,Americas
CHL,,OHiggins,Chile,-34.5755,-71.0022,"OHiggins, Chile",914555,Americas
CHL,,Tarapaca,Chile,-19.9232,-69.5132,"Tarapaca, Chile",330558,Americas
CHL,,Valparaiso,Chile,-33.0472,-71.6127,"Valparaiso, Chile",1815902,Americas
COL,,,Colombia,4.5709,-74.2973,Colombia,50882884,Americas
COL,,Amazonas,Colombia,-1.4429,-71.5724,"Amazonas, Colombia",76589,Americas
COL,,Antioquia,Colombia,7.1986,-75.3412,"Antioquia, Colombia",6407102,Americas
COL,,Arauca,Colombia,7.0762,-70.7105,"Arauca, Colombia",262174,Americas
COL,,Atlantico,Colombia,10.6966,-74.8741,"Atlantico, Colombia",2535517,Americas
COL,,Bolivar,Colombia,8.6704,-74.03,"Bolivar, Colombia",2070110,Americas
COL,,Boyaca,Colombia,5.4545,-73.362,"Boyaca, Colombia",1217376,Americas
COL,,Caldas,Colombia,5.2983,-75.2479,"Caldas, Colombia",998255,Americas
COL,,Capital District,Colombia,4.711,-74.0721,"Capital District, Colombia",7412566,Americas
COL,,Caqueta,Colombia,0.8699,-73.8419,"Caqueta, Colombia",401489,Americas
COL,,Casanare,Colombia,5.7589,-71.5724,"Casanare, Colombia",420504,Americas
COL,,Cauca,Colombia,2.705,-76.826,"Cauca, Colombia",1464488,Americas
COL,,Cesar,Colombia,9.3373,-73.6536,"Cesar, Colombia",1200574,Americas
COL,,Choco,Colombia,5.2528,-76.826,"Choco, Colombia",534826,Americas
COL,,Cordoba,Colombia,8.0493,-75.574,"Cordoba, Colombia",1784783,Americas
COL,,Cundinamarca,Colombia,5.026,-74.03,"Cundinamarca, Colombia",2919060,Americas
COL,,Guainia,Colombia,2.5854,-68.5247,"Guainia, Colombia",48114,Americas
COL,,Guaviare,Colombia,1.0654,-73.2603,"Guaviare, Colombia",82767,Americas
COL,,Huila,Colombia,2.5359,-75.5277,"Huila, Colombia",1100386,Americas
COL,,La Guajira,Colombia,11.3548,-72.5205,"La Guajira, Colombia",880560,Americas
COL,,Magdalena,Colombia,10.4113,-74.4057,"Magdalena, Colombia",1341746,Americas
COL,,Meta,Colombia,3.272,-73.0877,"Meta, Colombia",1039722,Americas
COL,,Narino,Colombia,1.2892,-77.3579,"Narino, Colombia",1630592,Americas
COL,,Norte de Santander,Colombia,7.9463,-72.8988,"Norte de Santander, Colombia",1491689,Americas
COL,,Putumayo,Colombia,0.436,-75.5277,"Putumayo, Colombia",348182,Americas
COL,,Quindio,Colombia,4.461,-75.6674,"Quindio, Colombia",539904,Americas
COL,,Risaralda,Colombia,5.3158,-75.9928,"Risaralda, Colombia",943401,Americas
COL,,San Andres y Providencia,Colombia,12.5567,-81.7185,"San Andres y Providencia, Colombia",61280,Americas
COL,,Santander,Colombia,6.6437,-73.6536,"Santander, Colombia",2184837,Americas
COL,,Sucre,Colombia,8.814,-74.7233,"Sucre, Colombia",904863,Americas
COL,,Tolima,Colombia,4.0925,-75.1545,"Tolima, Colombia",1330187,Americas
COL,,Valle del Cauca,Colombia,3.8009,-76.6413,"Valle del Cauca, Colombia",4475886,Americas
COL,,Vaupes,Colombia,0.8554,-70.812,"Vaupes, Colombia",40797,Americas
COL,,Vichada,Colombia,4.4234,-69.2878,"Vichada, Colombia",107808,Americas
COG,,,Congo (Brazzaville),-0.228,15.8277,Congo (Brazzaville),5518092,Africa
COD,,,Congo (Kinshasa),-4.0383,21.7587,Congo (Kinshasa),89561404,Africa
COM,,,Comoros,-11.6455,43.3333,Comoros,869595,Africa
CRI,,,Costa Rica,9.7489,-83.7534,Costa Rica,5094114,Americas
CIV,,,Cote d'Ivoire,7.54,-5.5471,Cote d'Ivoire,26378275,Africa
HRV,,,Croatia,45.1,15.2,Croatia,4105268,Europe
CUB,,,Cuba,21.521757,-77.781167,Cuba,11326616,Americas
CYP,,,Cyprus,35.1264,33.4299,Cyprus,1207361,Europe
CZE,,,Czechia,49.8175,15.473,Czechia,10708982,Europe
DNK,,,Denmark,56.2639,9.5018,Denmark,5837213,Europe
FRO,,Faroe Islands,Denmark,61.8926,-6.9118,"Faroe Islands, Denmark",48865,Europe
GRL,,Greenland,Denmark,71.7069,-42.6043,"Greenland, Denmark",56772,Americas
DJI,,,Djibouti,11.8251,42.5903,Djibouti,988002,Eastern Mediterranean
DMA,,,Dominica,15.415,-61.371,Dominica,71991,Americas
DOM,,,Dominican Republic,18.7357,-70.1627,Dominican Republic,10847904,Americas
ECU,,,Ecuador,-1.8312,-78.1834,Ecuador,17643060,Americas
EGY,,,Egypt,26.820553,30.802498,Egypt,102334403,Eastern Mediterranean
SLV,,,El Salvador,13.7942,-88.8965,El Salvador,6486201,Americas
GNQ,,,Equatorial Guinea,1.6508,10.2679,Equatorial Guinea,1402985,Africa
ERI,,,Eritrea,15.1794,39.7823,Eritrea,3546427,Africa
EST,,,Estonia,58.5953,25.0136,Estonia,1326539,Europe
SWZ,,,Eswatini,-26.5225,31.4659,Eswatini,1160164,Africa
ETH,,,Ethiopia,9.145,40.4897,Ethiopia,114963583,Africa
FJI,,,Fiji,-17.7134,178.065,Fiji,896444,Western Pacific
FIN,,,Finland,61.92411,25.748151,Finland,5540718,Europe
FRA,,,France,46.2276,2.2137,France,65249843,Europe
GUF,,French Guiana,France,4.0,-53.0,"French Guiana, France",298682,Americas
PYF,,French Polynesia,France,-17.6797,-149.4068,"French Polynesia, France",280904,Western Pacific
GLP,,Guadeloupe,France,16.265,-61.551,"Guadeloupe, France",400127,Americas
MTQ,,Martinique,France,14.6415,-61.0242,"Martinique, France",375265,Americas
MYT,,Mayotte,France,-12.8275,45.166244,"Mayotte, France",272813,Africa
NCL,,New Caledonia,France,-20.904305,165.618042,"New Caledonia, France",285491,Western Pacific
REU,,Reunion,France,-21.1151,55.5364,"Reunion, France",895308,Africa
BLM,,Saint Barthelemy,France,17.9,-62.8333,"Saint Barthelemy, France",9885,Americas
SPM,,Saint Pierre and Miquelon,France,46.8852,-56.3159,"Saint Pierre and Miquelon, France",5795,Americas
MAF,,St Martin,France,18.0708,-63.0501,"St Martin, France",38659,Americas
WLF,,Wallis and Futuna,France,-14.2938,-178.1165,"Wallis and Futuna, France",15289,Western Pacific
GAB,,,Gabon,-0.8037,11.6094,Gabon,2225728,Africa
GMB,,,Gambia,13.4432,-15.3101,Gambia,2416664,Africa
GEO,,,Georgia,42.3154,43.3569,Georgia,3989175,Europe
DEU,,,Germany,51.165691,10.451526,Germany,83155031,Europe
DEU,,Baden-Wurttemberg,Germany,48.6616,9.3501,"Baden-Wurttemberg, Germany",11103043,Europe
DEU,,Bayern,Germany,48.7904,11.4979,"Bayern, Germany",13140183,Europe
DEU,,Berlin,Germany,52.52,13.405,"Berlin, Germany",3664088,Europe
DEU,,Brandenburg,Germany,52.4125,12.5316,"Brandenburg, Germany",2531071,Europe
DEU,,Bremen,Germany,53.0793,8.8017,"Bremen, Germany",680130,Europe
DEU,,Hamburg,Germany,53.5511,9.9937,"Hamburg, Germany",1852478,Europe
DEU,,Hessen,Germany,50.6521,9.1624,"Hessen, Germany",6293154,Europe
DEU,,Mecklenburg-Vorpommern,Germany,53.6127,12.4296,"Mecklenburg-Vorpommern, Germany",1610774,Europe
DEU,,Niedersachsen,Germany,52.6367,9.8451,"Niedersachsen, Germany",8003421,Europe
DEU,,Nordrhein-Westfalen,Germany,51.4332,7.6616,"Nordrhein-Westfalen, Germany",17925570,Europe
DEU,,Rheinland-Pfalz,Germany,50.1183,7.309,"Rheinland-Pfalz, Germany",4098391,Europe
DEU,,Saarland,Germany,49.3964,7.023,"Saarland, Germany",983991,Europe
DEU,,Sachsen,Germany,51.1045,13.2017,"Sachsen, Germany",4056941,Europe
DEU,,Sachsen-Anhalt,Germany,51.9503,11.6923,"Sachsen-Anhalt, Germany",2180684,Europe
DEU,,Schleswig-Holstein,Germany,54.2194,9.6961,"Schleswig-Holstein, Germany",2910875,Europe
DEU,,Thuringen,Germany,51.011,10.8453,"Thuringen, Germany",2120237,Europe
GHA,,,Ghana,7.9465,-1.0232,Ghana,31072945,Africa
GRC,,,Greece,39.0742,21.8243,Greece,10423056,Europe
GRD,,,Grenada,12.1165,-61.679,Grenada,112519,Americas
GTM,,,Guatemala,15.7835,-90.2308,Guatemala,17915567,Americas
GIN,,,Guinea,9.9456,-9.6966,Guinea,13132792,Africa
GNB,,,Guinea-Bissau,11.8037,-15.1804,Guinea-Bissau,1967998,Africa
GUY,,,Guyana,4.860416,-58.93018,Guyana,786559,Americas
HTI,,,Haiti,18.9712,-72.2852,Haiti,11402533,Americas
VAT,,,Holy See,41.9029,12.4534,Holy See,809,Europe
HND,,,Honduras,15.2,-86.2419,Honduras,9904608,Americas
HUN,,,Hungary,47.1625,19.5033,Hungary,9660350,Europe
ISL,,,Iceland,64.9631,-19.0208,Iceland,341250,Europe
IND,,,India,20.593684,78.96288,India,1380004385,South-East Asia
IND,,Andaman and Nicobar Islands,India,11.225999,92.968178,"Andaman and Nicobar Islands, India",417036,South-East Asia
IND,,Andhra Pradesh,India,15.9129,79.74,"Andhra Pradesh, India",53903393,South-East Asia
IND,,Arunachal Pradesh,India,27.768456,96.384277,"Arunachal Pradesh, India",1570458,South-East Asia
IND,,Assam,India,26.357149,92.830441,"Assam, India",35607039,South-East Asia
IND,,Bihar,India,25.679658,85.60484,"Bihar, India",124799926,South-East Asia
IND,,Chandigarh,India,30.733839,76.768278,"Chandigarh, India",1158473,South-East Asia
IND,,Chhattisgarh,India,21.264705,82.035366,"Chhattisgarh, India",29436231,South-East Asia
IND,,Dadra and Nagar Haveli and Daman and Diu,India,20.194742,73.080901,"Dadra and Nagar Haveli and Daman and Diu, India",615724,South-East Asia
IND,,Delhi,India,28.646519,77.10898,"Delhi, India",18710922,South-East Asia
IND,,Goa,India,15.359682,74.057396,"Goa, India",1586250,South-East Asia
IND,,Gujarat,India,22.694884,71.590923,"Gujarat, India",63872399,South-East Asia
IND,,Haryana,India,29.20004,76.332824,"Haryana, India",28204692,South-East Asia
IND,,Himachal Pradesh,India,31.927213,77.233081,"Himachal Pradesh, India",7451955,South-East Asia
IND,,Jammu and Kashmir,India,33.75943,76.612638,"Jammu and Kashmir, India",13606320,South-East Asia
IND,,Jharkhand,India,23.654536,85.557631,"Jharkhand, India",38593948,South-East Asia
IND,,Karnataka,India,14.70518,76.166436,"Karnataka, India",67562686,South-East Asia
IND,,Kerala,India,10.450898,76.405749,"Kerala, India",35699443,South-East Asia
IND,,Ladakh,India,34.1526,77.5771,"Ladakh, India",274289,South-East Asia
IND,,Madhya Pradesh,India,23.541513,78.289633,"Madhya Pradesh, India",85358965,South-East Asia
IND,,Maharashtra,India,19.449759,76.108221,"Maharashtra, India",123144223,South-East Asia
IND,,Manipur,India,24.738975,93.882541,"Manipur, India",3091545,South-East Asia
IND,,Meghalaya,India,25.536934,91.278882,"Meghalaya, India",3366710,South-East Asia
IND,,Mizoram,India,23.309381,92.83822,"Mizoram, India",1239244,South-East Asia
IND,,Nagaland,India,26.06702,94.470302,"Nagaland, India",2249695,South-East Asia
IND,,Odisha,India,20.505428,84.418059,"Odisha, India",46356334,South-East Asia
IND,,Puducherry,India,11.882658,78.86498,"Puducherry, India",1413542,South-East Asia
IND,,Punjab,India,30.841465,75.40879,"Punjab, India",30141373,South-East Asia
IND,,Rajasthan,India,26.583423,73.847973,"Rajasthan, India",81032689,South-East Asia
IND,,Sikkim,India,27.571671,88.472712,"Sikkim, India",690251,South-East Asia
IND,,Tamil Nadu,India,11.006091,78.400624,"Tamil Nadu, India",77841267,South-East Asia
IND,,Telangana,India,18.1124,79.0193,"Telangana, India",39362732,South-East Asia
IND,,Tripura,India,23.746783,91.743565,"Tripura, India",4169794,South-East Asia
IND,,Uttar Pradesh,India,26.925425,80.560982,"Uttar Pradesh, India",237882725,South-East Asia
IND,,Uttarakhand,India,30.156447,79.197608,"Uttarakhand, India",11250858,South-East Asia
IND,,West Bengal,India,23.814082,87.979803,"West Bengal, India",99609303,South-East Asia
IND,,Lakshadweep,India,13.6999972,72.1833326,"Lakshadweep, India",64429,South-East Asia
IDN,,,Indonesia,-0.7893,113.9213,Indonesia,273523621,South-East Asia
IRN,,,Iran,32.427908,53.688046,Iran,83992953,Eastern Mediterranean
IRQ,,,Iraq,33.223191,43.679291,Iraq,40222503,Eastern Mediterranean
IRL,,,Ireland,53.1424,-7.6921,Ireland,4937796,Europe
ISR,,,Israel,31.046051,34.851612,Israel,8655541,Europe
ITA,,,Italy,41.87194,12.56738,Italy,60461828,Europe
ITA,,Abruzzo,Italy,42.35122196,13.39843823,"Abruzzo, Italy",1311580,Europe
ITA,,Basilicata,Italy,40.63947052,15.80514834,"Basilicata, Italy",562869,Europe
ITA,,Calabria,Italy,38.90597598,16.59440194,"Calabria, Italy",1947131,Europe
ITA,,Campania,Italy,40.83956555,14.25084984,"Campania, Italy",5801692,Europe
ITA,,Emilia-Romagna,Italy,44.49436681,11.3417208,"Emilia-Romagna, Italy",4459477,Europe
ITA,,Friuli Venezia Giulia,Italy,45.6494354,13.76813649,"Friuli Venezia Giulia, Italy",1215220,Europe
ITA,,Lazio,Italy,41.89277044,12.48366722,"Lazio, Italy",5879082,Europe
ITA,,Liguria,Italy,44.41149315,8.9326992,"Liguria, Italy",1550640,Europe
ITA,,Lombardia,Italy,45.46679409,9.190347404,"Lombardia, Italy",10060574,Europe
ITA,,Marche,Italy,43.61675973,13.5188753,"Marche, Italy",1525271,Europe
ITA,,Molise,Italy,41.55774754,14.65916051,"Molise, Italy",305617,Europe
ITA,,P.A. Bolzano,Italy,46.49933453,11.35662422,"P.A. Bolzano, Italy",532318,Europe
ITA,,P.A. Trento,Italy,46.06893511,11.12123097,"P.A. Trento, Italy",541418,Europe
ITA,,Piemonte,Italy,45.0732745,7.680687483,"Piemonte, Italy",4356406,Europe
ITA,,Puglia,Italy,41.12559576,16.86736689,"Puglia, Italy",4029053,Europe
ITA,,Sardegna,Italy,39.21531192,9.110616306,"Sardegna, Italy",1639591,Europe
ITA,,Sicilia,Italy,38.11569725,13.3623567,"Sicilia, Italy",4999891,Europe
ITA,,Toscana,Italy,43.76923077,11.25588885,"Toscana, Italy",3729641,Europe
ITA,,Umbria,Italy,43.10675841,12.38824698,"Umbria, Italy",882015,Europe
ITA,,Valle d'Aosta,Italy,45.73750286,7.320149366,"Valle d'Aosta, Italy",125666,Europe
ITA,,Veneto,Italy,45.43490485,12.33845213,"Veneto, Italy",4905854,Europe
JAM,,,Jamaica,18.1096,-77.2975,Jamaica,2961161,Americas
JPN,,,Japan,36.204824,138.252924,Japan,126476458,Western Pacific
JPN,,Aichi,Japan,35.035551,137.211621,"Aichi, Japan",7552239,Western Pacific
JPN,,Akita,Japan,39.748679,140.408228,"Akita, Japan",966490,Western Pacific
JPN,,Aomori,Japan,40.781541,140.828896,"Aomori, Japan",1246371,Western Pacific
JPN,,Chiba,Japan,35.510141,140.198917,"Chiba, Japan",6259382,Western Pacific
JPN,,Ehime,Japan,33.624835,132.856842,"Ehime, Japan",1339215,Western Pacific
JPN,,Fukui,Japan,35.846614,136.224654,"Fukui, Japan",767937,Western Pacific
JPN,,Fukuoka,Japan,33.526032,130.666949,"Fukuoka, Japan",5103679,Western Pacific
JPN,,Fukushima,Japan,37.378867,140.223295,"Fukushima, Japan",1845519,Western Pacific
JPN,,Gifu,Japan,35.778671,137.055925,"Gifu, Japan",1986587,Western Pacific
JPN,,Gunma,Japan,36.504479,138.985605,"Gunma, Japan",1942456,Western Pacific
JPN,,Hiroshima,Japan,34.605309,132.788719,"Hiroshima, Japan",2804177,Western Pacific
JPN,,Hokkaido,Japan,43.385711,142.552318,"Hokkaido, Japan",5250049,Western Pacific
JPN,,Hyogo,Japan,35.039913,134.828057,"Hyogo, Japan",5466190,Western Pacific
JPN,,Ibaraki,Japan,36.303588,140.319591,"Ibaraki, Japan",2860307,Western Pacific
JPN,,Ishikawa,Japan,36.769464,136.771027,"Ishikawa, Japan",1137649,Western Pacific
JPN,,Iwate,Japan,39.593287,141.361777,"Iwate, Japan",1226816,Western Pacific
JPN,,Kagawa,Japan,34.217292,133.969047,"Kagawa, Japan",956347,Western Pacific
JPN,,Kagoshima,Japan,31.009484,130.430665,"Kagoshima, Japan",1602273,Western Pacific
JPN,,Kanagawa,Japan,35.415312,139.338983,"Kanagawa, Japan",9198268,Western Pacific
JPN,,Kochi,Japan,33.422519,133.367307,"Kochi, Japan",698029,Western Pacific
JPN,,Kumamoto,Japan,32.608154,130.745231,"Kumamoto, Japan",1747567,Western Pacific
JPN,,Kyoto,Japan,35.253815,135.443341,"Kyoto, Japan",2582957,Western Pacific
JPN,,Mie,Japan,34.508018,136.376013,"Mie, Japan",1780882,Western Pacific
JPN,,Miyagi,Japan,38.446859,140.927086,"Miyagi, Japan",2306365,Western Pacific
JPN,,Miyazaki,Japan,32.193204,131.299374,"Miyazaki, Japan",1073301,Western Pacific
JPN,,Nagano,Japan,36.132134,138.045528,"Nagano, Japan",2048790,Western Pacific
JPN,,Nagasaki,Japan,33.235712,129.608033,"Nagasaki, Japan",1326524,Western Pacific
JPN,,Nara,Japan,34.317451,135.871644,"Nara, Japan",1330123,Western Pacific
JPN,,Niigata,Japan,37.521819,138.918647,"Niigata, Japan",2223106,Western Pacific
JPN,,Oita,Japan,33.200697,131.43324,"Oita, Japan",1135434,Western Pacific
JPN,,Okayama,Japan,34.89246,133.826252,"Okayama, Japan",1889586,Western Pacific
JPN,,Okinawa,Japan,25.768923,126.668016,"Okinawa, Japan",1453168,Western Pacific
JPN,,Osaka,Japan,34.620965,135.507481,"Osaka, Japan",8809363,Western Pacific
JPN,,Saga,Japan,33.286977,130.115738,"Saga, Japan",814711,Western Pacific
JPN,,Saitama,Japan,35.997101,139.347635,"Saitama, Japan",7349693,Western Pacific
JPN,,Shiga,Japan,35.215827,136.138064,"Shiga, Japan",1413943,Western Pacific
JPN,,Shimane,Japan,35.07076,132.554064,"Shimane, Japan",674346,Western Pacific
JPN,,Shizuoka,Japan,34.916975,138.407784,"Shizuoka, Japan",3643528,Western Pacific
JPN,,Tochigi,Japan,36.689912,139.819213,"Tochigi, Japan",1933990,Western Pacific
JPN,,Tokushima,Japan,33.919178,134.242091,"Tokushima, Japan",727977,Western Pacific
JPN,,Tokyo,Japan,35.711343,139.446921,"Tokyo, Japan",13920663,Western Pacific
JPN,,Tottori,Japan,35.359069,133.863619,"Tottori, Japan",555558,Western Pacific
JPN,,Toyama,Japan,36.637464,137.269346,"Toyama, Japan",1043502,Western Pacific
JPN,,Wakayama,Japan,33.911879,135.505446,"Wakayama, Japan",924933,Western Pacific
JPN,,Yamagata,Japan,38.448396,140.102154,"Yamagata, Japan",1077666,Western Pacific
JPN,,Yamaguchi,Japan,34.20119,131.573293,"Yamaguchi, Japan",1358336,Western Pacific
JPN,,Yamanashi,Japan,35.612364,138.611489,"Yamanashi, Japan",810956,Western Pacific
JOR,,,Jordan,31.24,36.51,Jordan,10203140,Eastern Mediterranean
KAZ,,,Kazakhstan,48.0196,66.9237,Kazakhstan,18776707,Europe
KEN,,,Kenya,-0.0236,37.9062,Kenya,53771300,Africa
KIR,,,Kiribati,-3.3704,-168.734,Kiribati,117606,Western Pacific
PRK,,,"Korea, North",40.3399,127.5101,"Korea, North",25778815,South-East Asia
KOR,,,"Korea, South",35.907757,127.766922,"Korea, South",51269183,Western Pacific
XKS,,,Kosovo,42.602636,20.902977,Kosovo,1810366,Europe
KWT,,,Kuwait,29.31166,47.481766,Kuwait,4270563,Eastern Mediterranean
KGZ,,,Kyrgyzstan,41.20438,74.766098,Kyrgyzstan,6524191,Europe
LAO,,,Laos,19.85627,102.495496,Laos,7275556,Western Pacific
LVA,,,Latvia,56.8796,24.6032,Latvia,1886202,Europe
LBN,,,Lebanon,33.8547,35.8623,Lebanon,6825442,Eastern Mediterranean
LSO,,,Lesotho,-29.61,28.2336,Lesotho,2142252,Africa
LBR,,,Liberia,6.428055,-9.429499,Liberia,5057677,Africa
LBY,,,Libya,26.3351,17.228331,Libya,6871287,Eastern Mediterranean
LIE,,,Liechtenstein,47.14,9.55,Liechtenstein,38137,Europe
LTU,,,Lithuania,55.1694,23.8813,Lithuania,2722291,Europe
LUX,,,Luxembourg,49.8153,6.1296,Luxembourg,625976,Europe
MDG,,,Madagascar,-18.766947,46.869107,Madagascar,27691019,Africa
MWI,,,Malawi,-13.2543,34.3015,Malawi,19129955,Africa
MYS,,,Malaysia,4.210484,101.975766,Malaysia,32365998,Western Pacific
MYS,,Johor,Malaysia,1.4854,103.7618,"Johor, Malaysia",3768200,Western Pacific
MYS,,Kedah,Malaysia,6.1184,100.3685,"Kedah, Malaysia",2185900,Western Pacific
MYS,,Kelantan,Malaysia,6.1254,102.2381,"Kelantan, Malaysia",1892200,Western Pacific
MYS,,Melaka,Malaysia,2.1896,102.2501,"Melaka, Malaysia",932700,Western Pacific
MYS,,Negeri Sembilan,Malaysia,2.7258,101.9424,"Negeri Sembilan, Malaysia",1132100,Western Pacific
MYS,,Pahang,Malaysia,3.8126,103.3256,"Pahang, Malaysia",1677100,Western Pacific
MYS,,Perak,Malaysia,4.5921,101.0901,"Perak, Malaysia",2514300,Western Pacific
MYS,,Perlis,Malaysia,6.4449,100.2048,"Perlis, Malaysia",254600,Western Pacific
MYS,,Pulau Pinang,Malaysia,5.4141,100.3288,"Pulau Pinang, Malaysia",1777600,Western Pacific
MYS,,Sabah,Malaysia,5.9788,116.0753,"Sabah, Malaysia",3904700,Western Pacific
MYS,,Sarawak,Malaysia,1.5533,110.3592,"Sarawak, Malaysia",2818100,Western Pacific
MYS,,Selangor,Malaysia,3.0738,101.5183,"Selangor, Malaysia",6541900,Western Pacific
MYS,,Terengganu,Malaysia,5.3117,103.1324,"Terengganu, Malaysia",1250100,Western Pacific
MYS,,W.P. Kuala Lumpur,Malaysia,3.139,101.6869,"W.P. Kuala Lumpur, Malaysia",1778400,Western Pacific
MYS,,W.P. Labuan,Malaysia,5.2831,115.2308,"W.P. Labuan, Malaysia",99400,Western Pacific
MYS,,W.P. Putrajaya,Malaysia,2.9264,101.6964,"W.P. Putrajaya, Malaysia",105400,Western Pacific
MDV,,,Maldives,3.2028,73.2207,Maldives,540542,South-East Asia
MLI,,,Mali,17.570692,-3.996166,Mali,20250834,Africa
MLT,,,Malta,35.9375,14.3754,Malta,441539,Europe
MHL,,,Marshall Islands,7.1315,171.1845,Marshall Islands,58413,Western Pacific
MRT,,,Mauritania,21.0079,-10.9408,Mauritania,4649660,Africa
MUS,,,Mauritius,-20.348404,57.552152,Mauritius,1271767,Africa
MEX,,,Mexico,23.6345,-102.5528,Mexico,127792286,Americas
MEX,,Aguascalientes,Mexico,21.8853,-102.2916,"Aguascalientes, Mexico",1434635,Americas
MEX,,Baja California,Mexico,30.8406,-115.2838,"Baja California, Mexico",3634868,Americas
MEX,,Baja California Sur,Mexico,26.0444,-111.6661,"Baja California Sur, Mexico",804708,Americas
MEX,,Campeche,Mexico,19.8301,-90.5349,"Campeche, Mexico",1000617,Americas
MEX,,Chiapas,Mexico,16.7569,-93.1292,"Chiapas, Mexico",5730367,Americas
MEX,,Chihuahua,Mexico,28.633,-106.0691,"Chihuahua, Mexico",3801487,Americas
MEX,,Ciudad de Mexico,Mexico,19.4326,-99.1332,"Ciudad de Mexico, Mexico",9018645,Americas
MEX,,Coahuila,Mexico,27.0587,-101.7068,"Coahuila, Mexico",3218720,Americas
MEX,,Colima,Mexico,19.1223,-104.0072,"Colima, Mexico",785153,Americas
MEX,,Durango,Mexico,24.5593,-104.6588,"Durango, Mexico",1868996,Americas
MEX,,Guanajuato,Mexico,21.019,-101.2574,"Guanajuato, Mexico",6228175,Americas
MEX,,Guerrero,Mexico,17.4392,-99.5451,"Guerrero, Mexico",3657048,Americas
MEX,,Hidalgo,Mexico,20.0911,-98.7624,"Hidalgo, Mexico",3086414,Americas
MEX,,Jalisco,Mexico,20.6595,-103.3494,"Jalisco, Mexico",8409693,Americas
MEX,,Mexico,Mexico,19.4969,-99.7233,"Mexico, Mexico",17427790,Americas
MEX,,Michoacan,Mexico,19.5665,-101.7068,"Michoacan, Mexico",4825401,Americas
MEX,,Morelos,Mexico,18.6813,-99.1013,"Morelos, Mexico",2044058,Americas
MEX,,Nayarit,Mexico,21.7514,-104.8455,"Nayarit, Mexico",1288571,Americas
MEX,,Nuevo Leon,Mexico,25.5922,-99.9962,"Nuevo Leon, Mexico",5610153,Americas
MEX,,Oaxaca,Mexico,17.0732,-96.7266,"Oaxaca, Mexico",4143593,Americas
MEX,,Puebla,Mexico,19.0414,-98.2063,"Puebla, Mexico",6604451,Americas
MEX,,Queretaro,Mexico,20.5888,-100.3899,"Queretaro, Mexico",2279637,Americas
MEX,,Quintana Roo,Mexico,19.1817,-88.4791,"Quintana Roo, Mexico",1723259,Americas
MEX,,San Luis Potosi,Mexico,22.1565,-100.9855,"San Luis Potosi, Mexico",2866142,Americas
MEX,,Sinaloa,Mexico,25.1721,-107.4795,"Sinaloa, Mexico",3156674,Americas
MEX,,Sonora,Mexico,29.2972,-110.3309,"Sonora, Mexico",3074745,Americas
MEX,,Tabasco,Mexico,17.8409,-92.6189,"Tabasco, Mexico",2572287,Americas
MEX,,Tamaulipas,Mexico,24.2669,-98.8363,"Tamaulipas, Mexico",3650602,Americas
MEX,,Tlaxcala,Mexico,19.3139,-98.2404,"Tlaxcala, Mexico",1380011,Americas
MEX,,Veracruz,Mexico,19.1738,-96.1342,"Veracruz, Mexico",8539862,Americas
MEX,,Yucatan,Mexico,20.7099,-89.0943,"Yucatan, Mexico",2259098,Americas
MEX,,Zacatecas,Mexico,22.7709,-102.5832,"Zacatecas, Mexico",1666426,Americas
FSM,,,Micronesia,7.4256,150.5508,Micronesia,113815,Western Pacific
MDA,,,Moldova,47.4116,28.3699,Moldova,4027690,Europe
MDA,,Anenii Noi,Moldova,46.8833,29.2167,"Anenii Noi, Moldova",81710,Europe
MDA,,Balti,Moldova,47.754,27.9184,"Balti, Moldova",127561,Europe
MDA,,Basarabeasca,Moldova,46.3333,28.9667,"Basarabeasca, Moldova",28978,Europe
MDA,,Bender,Moldova,46.8228,29.462,"Bender, Moldova",91197,Europe
MDA,,Briceni,Moldova,48.36,27.0858,"Briceni, Moldova",78027,Europe
MDA,,Cahul,Moldova,45.9167,28.1833,"Cahul, Moldova",119231,Europe
MDA,,Calarasi,Moldova,47.25,28.3,"Calarasi, Moldova",75075,Europe
MDA,,Camenca,Moldova,48.0319,28.6978,"Camenca, Moldova",8871,Europe
MDA,,Cantemir,Moldova,46.2854,28.1979,"Cantemir, Moldova",60001,Europe
MDA,,Causeni,Moldova,46.6333,29.4,"Causeni, Moldova",90612,Europe
MDA,,Ceadir-Lunga,Moldova,46.057,28.826,"Ceadir-Lunga, Moldova",16605,Europe
MDA,,Chisinau,Moldova,47.0105,28.8638,"Chisinau, Moldova",712218,Europe
MDA,,Cimislia,Moldova,46.5289,28.7838,"Cimislia, Moldova",60925,Europe
MDA,,Comrat,Moldova,46.2956,28.6549,"Comrat, Moldova",72254,Europe
MDA,,Criuleni,Moldova,47.212,29.1617,"Criuleni, Moldova",46442,Europe
MDA,,Donduseni,Moldova,48.2372,27.6104,"Donduseni, Moldova",87092,Europe
MDA,,Drochia,Moldova,48.0333,27.75,"Drochia, Moldova",43015,Europe
MDA,,Dubasari,Moldova,47.267,29.167,"Dubasari, Moldova",28500,Europe
MDA,,Edinet,Moldova,48.1667,27.3167,"Edinet, Moldova",90320,Europe
MDA,,Falesti,Moldova,47.5,27.72,"Falesti, Moldova",89389,Europe
MDA,,Floresti,Moldova,47.8933,28.3014,"Floresti, Moldova",155646,Europe
MDA,,Glodeni,Moldova,47.7667,27.5167,"Glodeni, Moldova",119762,Europe
MDA,,Grigoriopol,Moldova,47.1536,29.2964,"Grigoriopol, Moldova",9381,Europe
MDA,,Hincesti,Moldova,46.8167,28.5833,"Hincesti, Moldova",97704,Europe
MDA,,Ialoveni,Moldova,46.9439,28.7772,"Ialoveni, Moldova",51056,Europe
MDA,,Leova,Moldova,46.4806,28.2644,"Leova, Moldova",64924,Europe
MDA,,Nisporeni,Moldova,47.0833,28.1833,"Nisporeni, Moldova",56510,Europe
MDA,,Ocnita,Moldova,48.4061,27.4859,"Ocnita, Moldova",116271,Europe
MDA,,Orhei,Moldova,47.3735,28.822,"Orhei, Moldova",48105,Europe
MDA,,Rezina,Moldova,47.7333,28.95,"Rezina, Moldova",69454,Europe
MDA,,Ribnita,Moldova,47.7667,29.0,"Ribnita, Moldova",47949,Europe
MDA,,Riscani,Moldova,47.9679,27.5565,"Riscani, Moldova",87153,Europe
MDA,,Singerei,Moldova,47.6333,28.15,"Singerei, Moldova",42227,Europe
MDA,,Slobozia,Moldova,46.7333,29.7,"Slobozia, Moldova",14618,Europe
MDA,,Soldanesti,Moldova,47.8167,28.8,"Soldanesti, Moldova",94986,Europe
MDA,,Soroca,Moldova,48.1618,28.3011,"Soroca, Moldova",70594,Europe
MDA,,Stefan Voda,Moldova,46.5153,29.5297,"Stefan Voda, Moldova",88900,Europe
MDA,,Straseni,Moldova,47.1333,28.6167,"Straseni, Moldova",43154,Europe
MDA,,Taraclia,Moldova,45.9,28.6667,"Taraclia, Moldova",70126,Europe
MDA,,Telenesti,Moldova,47.5032,28.3535,"Telenesti, Moldova",383806,Europe
MDA,,Tiraspol,Moldova,46.85,29.6333,"Tiraspol, Moldova",133807,Europe
MDA,,Transnistria,Moldova,47.2153,29.463,"Transnistria, Moldova",110545,Europe
MDA,,Ungheni,Moldova,47.2077,27.8073,"Ungheni, Moldova",30804,Europe
MDA,,Vulcanesti,Moldova,45.6833,28.4042,"Vulcanesti, Moldova",12185,Europe
MCO,,,Monaco,43.7333,7.4167,Monaco,39244,Europe
MNG,,,Mongolia,46.8625,103.8467,Mongolia,3278292,Western Pacific
MNE,,,Montenegro,42.708678,19.37439,Montenegro,628062,Europe
MAR,,,Morocco,31.7917,-7.0926,Morocco,36910558,Eastern Mediterranean
MOZ,,,Mozambique,-18.665695,35.529562,Mozambique,31255435,Africa
NAM,,,Namibia,-22.9576,18.4904,Namibia,2540916,Africa
NRU,,,Nauru,-0.5228,166.9315,Nauru,10834,Western Pacific
NPL,,,Nepal,28.1667,84.25,Nepal,29136808,South-East Asia
NLD,,,Netherlands,52.1326,5.2913,Netherlands,17134873,Europe
NLD,,Drenthe,Netherlands,52.862485,6.618435,"Drenthe, Netherlands",493682,Europe
NLD,,Flevoland,Netherlands,52.550383,5.515162,"Flevoland, Netherlands",423021,Europe
NLD,,Friesland,Netherlands,53.087337,5.7925,"Friesland, Netherlands",649957,Europe
NLD,,Gelderland,Netherlands,52.061738,5.939114,"Gelderland, Netherlands",2085952,Europe
NLD,,Groningen,Netherlands,53.217922,6.741514,"Groningen, Netherlands",585866,Europe
NLD,,Limburg,Netherlands,51.209227,5.93387,"Limburg, Netherlands",1117201,Europe
NLD,,Noord-Brabant,Netherlands,51.561174,5.184942,"Noord-Brabant, Netherlands",2562955,Europe
NLD,,Noord-Holland,Netherlands,52.600906,4.918688,"Noord-Holland, Netherlands",2879527,Europe
NLD,,Overijssel,Netherlands,52.444558,6.441722,"Overijssel, Netherlands",1162406,Europe
NLD,,Utrecht,Netherlands,52.084251,5.163824,"Utrecht, Netherlands",1354834,Europe
NLD,,Zeeland,Netherlands,51.47936,3.861559,"Zeeland, Netherlands",383488,Europe
NLD,,Zuid-Holland,Netherlands,51.937835,4.462114,"Zuid-Holland, Netherlands",3708696,Europe
ABW,,Aruba,Netherlands,12.5211,-69.9683,"Aruba, Netherlands",106766,Americas
CUW,,Curacao,Netherlands,12.1696,-68.99,"Curacao, Netherlands",164100,Americas
SXM,,Sint Maarten,Netherlands,18.0425,-63.0548,"Sint Maarten, Netherlands",42882,Americas
BES,,"Bonaire, Sint Eustatius and Saba",Netherlands,12.1784,-68.2385,"Bonaire, Sint Eustatius and Saba, Netherlands",26221,Americas
NZL,,,New Zealand,-40.9006,174.886,New Zealand,4822233,Western Pacific
COK,,Cook Islands,New Zealand,-21.2367,-159.7777,"Cook Islands, New Zealand",17459,Western Pacific
NIU,,Niue,New Zealand,-19.0544,-169.8672,"Niue, New Zealand",1650,Western Pacific
NIC,,,Nicaragua,12.865416,-85.207229,Nicaragua,6624554,Americas
NER,,,Niger,17.607789,8.081666,Niger,24206636,Africa
NGA,,,Nigeria,9.082,8.6753,Nigeria,206139587,Africa
NGA,,Abia,Nigeria,5.4527,7.5248,"Abia, Nigeria",3727347,Africa
NGA,,Adamawa,Nigeria,9.3265,12.3984,"Adamawa, Nigeria",4248436,Africa
NGA,,Akwa Ibom,Nigeria,4.9057,7.8537,"Akwa Ibom, Nigeria",5482177,Africa
NGA,,Anambra,Nigeria,6.2209,6.937,"Anambra, Nigeria",5527809,Africa
NGA,,Bauchi,Nigeria,10.7761,9.9992,"Bauchi, Nigeria",6537314,Africa
NGA,,Bayelsa,Nigeria,4.7719,6.0699,"Bayelsa, Nigeria",2277961,Africa
NGA,,Benue,Nigeria,7.3369,8.7404,"Benue, Nigeria",5741815,Africa
NGA,,Borno,Nigeria,11.8846,13.152,"Borno, Nigeria",5860183,Africa
NGA,,Cross River,Nigeria,5.8702,8.5988,"Cross River, Nigeria",3866269,Africa
NGA,,Delta,Nigeria,5.704,5.9339,"Delta, Nigeria",5663362,Africa
NGA,,Ebonyi,Nigeria,6.2649,8.0137,"Ebonyi, Nigeria",2880383,Africa
NGA,,Edo,Nigeria,6.6342,5.9304,"Edo, Nigeria",4235595,Africa
NGA,,Ekiti,Nigeria,7.719,5.311,"Ekiti, Nigeria",3270798,Africa
NGA,,Enugu,Nigeria,6.5364,7.4356,"Enugu, Nigeria",4411119,Africa
NGA,,Federal Capital Territory,Nigeria,8.8941,7.186,"Federal Capital Territory, Nigeria",3564126,Africa
NGA,,Gombe,Nigeria,10.3638,11.1928,"Gombe, Nigeria",3256962,Africa
NGA,,Imo,Nigeria,5.572,7.0588,"Imo, Nigeria",5408756,Africa
NGA,,Jigawa,Nigeria,12.228,9.5616,"Jigawa, Nigeria",5828163,Africa
NGA,,Kaduna,Nigeria,10.3764,7.7095,"Kaduna, Nigeria",8252366,Africa
NGA,,Kano,Nigeria,11.7471,8.5247,"Kano, Nigeria",13076892,Africa
NGA,,Katsina,Nigeria,12.3797,7.6306,"Katsina, Nigeria",7831319,Africa
NGA,,Kebbi,Nigeria,11.4942,4.2333,"Kebbi, Nigeria",4440050,Africa
NGA,,Kogi,Nigeria,7.7337,6.6906,"Kogi, Nigeria",4473490,Africa
NGA,,Kwara,Nigeria,8.9669,4.3874,"Kwara, Nigeria",3192893,Africa
NGA,,Lagos,Nigeria,6.5236,3.6006,"Lagos, Nigeria",12550598,Africa
NGA,,Nasarawa,Nigeria,8.4998,8.1997,"Nasarawa, Nigeria",2523395,Africa
NGA,,Niger,Nigeria,9.9309,5.5983,"Niger, Nigeria",5556247,Africa
NGA,,Ogun,Nigeria,6.998,3.4737,"Ogun, Nigeria",5217716,Africa
NGA,,Ondo,Nigeria,6.9149,5.1478,"Ondo, Nigeria",4671695,Africa
NGA,,Osun,Nigeria,7.5629,4.52,"Osun, Nigeria",4705589,Africa
NGA,,Oyo,Nigeria,8.1574,3.6147,"Oyo, Nigeria",7840864,Africa
NGA,,Plateau,Nigeria,9.2182,9.5179,"Plateau, Nigeria",4200442,Africa
NGA,,Rivers,Nigeria,4.8396,6.9112,"Rivers, Nigeria",7303924,Africa
NGA,,Sokoto,Nigeria,13.0533,5.3223,"Sokoto, Nigeria",4998090,Africa
NGA,,Taraba,Nigeria,7.9994,10.774,"Taraba, Nigeria",3066834,Africa
NGA,,Yobe,Nigeria,12.2939,11.439,"Yobe, Nigeria",3294137,Africa
NGA,,Zamfara,Nigeria,12.1222,6.2236,"Zamfara, Nigeria",4515427,Africa
MKD,,,North Macedonia,41.6086,21.7453,North Macedonia,2083380,Europe
NOR,,,Norway,60.472,8.4689,Norway,5421242,Europe
OMN,,,Oman,21.512583,55.923255,Oman,5106622,Eastern Mediterranean
PAK,,,Pakistan,30.3753,69.3451,Pakistan,220892331,Eastern Mediterranean
PAK,,Azad Jammu and Kashmir,Pakistan,34.027401,73.947253,"Azad Jammu and Kashmir, Pakistan",4045366,Eastern Mediterranean
PAK,,Balochistan,Pakistan,28.328492,65.898403,"Balochistan, Pakistan",12344408,Eastern Mediterranean
PAK,,Gilgit-Baltistan,Pakistan,35.792146,74.982138,"Gilgit-Baltistan, Pakistan",1013584,Eastern Mediterranean
PAK,,Islamabad,Pakistan,33.665087,73.121219,"Islamabad, Pakistan",2006572,Eastern Mediterranean
PAK,,Khyber Pakhtunkhwa,Pakistan,34.485332,72.09169,"Khyber Pakhtunkhwa, Pakistan",30523371,Eastern Mediterranean
PAK,,Punjab,Pakistan,30.811346,72.139132,"Punjab, Pakistan",110012442,Eastern Mediterranean
PAK,,Sindh,Pakistan,26.009446,68.776807,"Sindh, Pakistan",47886051,Eastern Mediterranean
PLW,,,Palau,7.515,134.5825,Palau,18008,Western Pacific
PAN,,,Panama,8.538,-80.7821,Panama,4314768,Americas
PNG,,,Papua New Guinea,-6.314993,143.95555,Papua New Guinea,8947027,Western Pacific
PRY,,,Paraguay,-23.4425,-58.4438,Paraguay,7132530,Americas
PER,,,Peru,-9.19,-75.0152,Peru,32971846,Americas
PER,,Amazonas,Peru,-5.077253,-78.050172,"Amazonas, Peru",426800,Americas
PER,,Ancash,Peru,-9.407125,-77.671795,"Ancash, Peru",1180600,Americas
PER,,Apurimac,Peru,-14.027713,-72.975378,"Apurimac, Peru",430700,Americas
PER,,Arequipa,Peru,-15.843524,-72.475539,"Arequipa, Peru",1497400,Americas
PER,,Ayacucho,Peru,-14.091648,-74.08344,"Ayacucho, Peru",668200,Americas
PER,,Cajamarca,Peru,-6.430284,-78.745596,"Cajamarca, Peru",1453700,Americas
PER,,Callao,Peru,-11.954609,-77.136042,"Callao, Peru",1129900,Americas
PER,,Cusco,Peru,-13.191068,-72.153609,"Cusco, Peru",1357100,Americas
PER,,Huancavelica,Peru,-13.023888,-75.00277,"Huancavelica, Peru",365300,Americas
PER,,Huanuco,Peru,-9.421676,-76.040642,"Huanuco, Peru",760300,Americas
PER,,Ica,Peru,-14.235097,-75.574821,"Ica, Peru",975200,Americas
PER,,Junin,Peru,-11.541783,-74.876968,"Junin, Peru",1361500,Americas
PER,,La Libertad,Peru,-7.92139,-78.370238,"La Libertad, Peru",2016800,Americas
PER,,Lambayeque,Peru,-6.353049,-79.824113,"Lambayeque, Peru",1310800,Americas
PER,,Lima,Peru,-11.766533,-76.604498,"Lima, Peru",10628500,Americas
PER,,Loreto,Peru,-4.124847,-74.424115,"Loreto, Peru",1027600,Americas
PER,,Madre de Dios,Peru,-11.972699,-70.53172,"Madre de Dios, Peru",173800,Americas
PER,,Moquegua,Peru,-16.860271,-70.839046,"Moquegua, Peru",192700,Americas
PER,,Pasco,Peru,-10.39655,-75.307635,"Pasco, Peru",271900,Americas
PER,,Piura,Peru,-5.133361,-80.335861,"Piura, Peru",2048000,Americas
PER,,Puno,Peru,-14.995827,-69.922726,"Puno, Peru",1238000,Americas
PER,,San Martin,Peru,-7.039531,-76.729127,"San Martin, Peru",899600,Americas
PER,,Tacna,Peru,-17.644161,-70.27756,"Tacna, Peru",371000,Americas
PER,,Tumbes,Peru,-3.857496,-80.545255,"Tumbes, Peru",251500,Americas
PER,,Ucayali,Peru,-9.621718,-73.444929,"Ucayali, Peru",589100,Americas
PHL,,,Philippines,12.879721,121.774017,Philippines,109581085,Western Pacific
POL,,,Poland,51.9194,19.1451,Poland,37846605,Europe
POL,,Dolnoslaskie,Poland,51.134,16.8842,"Dolnoslaskie, Poland",2901225,Europe
POL,,Kujawsko-pomorskie,Poland,53.1648,18.4834,"Kujawsko-pomorskie, Poland",2077775,Europe
POL,,Lubelskie,Poland,51.2494,23.1011,"Lubelskie, Poland",2117619,Europe
POL,,Lubuskie,Poland,52.2275,15.2559,"Lubuskie, Poland",1014548,Europe
POL,,Lodzkie,Poland,51.4635,19.1727,"Lodzkie, Poland",2466322,Europe
POL,,Malopolskie,Poland,49.7225,20.2503,"Malopolskie, Poland",3400577,Europe
POL,,Mazowieckie,Poland,51.8927,21.0022,"Mazowieckie, Poland",5403412,Europe
POL,,Opolskie,Poland,50.8004,17.938,"Opolskie, Poland",986506,Europe
POL,,Podkarpackie,Poland,50.0575,22.0896,"Podkarpackie, Poland",2129015,Europe
POL,,Podlaskie,Poland,53.0697,22.9675,"Podlaskie, Poland",1181533,Europe
POL,,Pomorskie,Poland,54.2944,18.1531,"Pomorskie, Poland",2333523,Europe
POL,,Slaskie,Poland,50.5717,19.322,"Slaskie, Poland",4533565,Europe
POL,,Swietokrzyskie,Poland,50.6261,20.9406,"Swietokrzyskie, Poland",1241546,Europe
POL,,Warminsko-mazurskie,Poland,53.8671,20.7028,"Warminsko-mazurskie, Poland",1428983,Europe
POL,,Wielkopolskie,Poland,52.28,17.3523,"Wielkopolskie, Poland",3493969,Europe
POL,,Zachodniopomorskie,Poland,53.4658,15.1823,"Zachodniopomorskie, Poland",1701030,Europe
PRT,,,Portugal,39.3999,-8.2245,Portugal,10196707,Europe
QAT,,,Qatar,25.3548,51.1839,Qatar,2881060,Eastern Mediterranean
ROU,,,Romania,45.9432,24.9668,Romania,19237682,Europe
ROU,,Alba,Romania,46.1559,23.5556,"Alba, Romania",74000,Europe
ROU,,Arad,Romania,46.176,21.319,"Arad, Romania",409072,Europe
ROU,,Arges,Romania,45.0723,24.8143,"Arges, Romania",612431,Europe
ROU,,Bacau,Romania,46.5833,26.9167,"Bacau, Romania",616168,Europe
ROU,,Bihor,Romania,47.0158,22.1723,"Bihor, Romania",575398,Europe
ROU,,Bistrita-Nasaud,Romania,47.2486,24.5323,"Bistrita-Nasaud, Romania",277861,Europe
ROU,,Botosani,Romania,47.745,26.6621,"Botosani, Romania",412626,Europe
ROU,,Braila,Romania,45.271,27.9743,"Braila, Romania",304925,Europe
ROU,,Brasov,Romania,45.6667,25.6167,"Brasov, Romania",549217,Europe
ROU,,Bucuresti,Romania,44.4268,26.1025,"Bucuresti, Romania",1883425,Europe
ROU,,Buzau,Romania,45.1667,26.8167,"Buzau, Romania",432054,Europe
ROU,,Calarasi,Romania,44.2085,27.3137,"Calarasi, Romania",285050,Europe
ROU,,Caras-Severin,Romania,45.114,22.0741,"Caras-Severin, Romania",274277,Europe
ROU,,Cluj,Romania,46.7667,23.5833,"Cluj, Romania",691106,Europe
ROU,,Constanta,Romania,44.1773,28.6529,"Constanta, Romania",684082,Europe
ROU,,Covasna,Romania,45.8446,26.1687,"Covasna, Romania",210177,Europe
ROU,,Dambovita,Romania,44.929,25.4254,"Dambovita, Romania",518745,Europe
ROU,,Dolj,Romania,44.1623,23.6325,"Dolj, Romania",660544,Europe
ROU,,Galati,Romania,45.4382,28.0563,"Galati, Romania",536167,Europe
ROU,,Giurgiu,Romania,43.9008,25.9739,"Giurgiu, Romania",265494,Europe
ROU,,Gorj,Romania,44.9486,23.2427,"Gorj, Romania",334238,Europe
ROU,,Harghita,Romania,46.4929,25.6457,"Harghita, Romania",304969,Europe
ROU,,Hunedoara,Romania,45.7697,22.9203,"Hunedoara, Romania",396253,Europe
ROU,,Ialomita,Romania,44.6031,27.379,"Ialomita, Romania",258669,Europe
ROU,,Iasi,Romania,47.1598,27.5872,"Iasi, Romania",772348,Europe
ROU,,Ilfov,Romania,44.5355,26.2325,"Ilfov, Romania",388738,Europe
ROU,,Maramures,Romania,47.6738,23.7456,"Maramures, Romania",516562,Europe
ROU,,Mehedinti,Romania,44.5515,22.9044,"Mehedinti, Romania",254570,Europe
ROU,,Mures,Romania,46.557,24.6723,"Mures, Romania",550846,Europe
ROU,,Neamt,Romania,46.9759,26.3819,"Neamt, Romania",470766,Europe
ROU,,Olt,Romania,44.2008,24.5023,"Olt, Romania",415530,Europe
ROU,,Prahova,Romania,45.0892,26.0829,"Prahova, Romania",762886,Europe
ROU,,Salaj,Romania,47.2091,23.2122,"Salaj, Romania",224384,Europe
ROU,,Satu Mare,Romania,47.79,22.89,"Satu Mare, Romania",329079,Europe
ROU,,Sibiu,Romania,45.7969,24.15,"Sibiu, Romania",375992,Europe
ROU,,Suceava,Romania,47.6514,26.2556,"Suceava, Romania",634810,Europe
ROU,,Teleorman,Romania,44.016,25.2987,"Teleorman, Romania",360178,Europe
ROU,,Timis,Romania,45.8139,21.3331,"Timis, Romania",683540,Europe
ROU,,Tulcea,Romania,45.1767,28.8052,"Tulcea, Romania",201462,Europe
ROU,,Valcea,Romania,45.0798,24.0835,"Valcea, Romania",355320,Europe
ROU,,Vaslui,Romania,46.6381,27.7288,"Vaslui, Romania",395500,Europe
ROU,,Vrancea,Romania,45.8135,27.0658,"Vrancea, Romania",340310,Europe
RUS,,,Russia,61.52401,105.318756,Russia,145934460,Europe
RUS,,Adygea Republic,Russia,44.6939006,40.1520421,"Adygea Republic, Russia",453376,Europe
RUS,,Altai Krai,Russia,52.6932243,82.6931424,"Altai Krai, Russia",2350080,Europe
RUS,,Altai Republic,Russia,50.7114101,86.8572186,"Altai Republic, Russia",218063,Europe
RUS,,Amur Oblast,Russia,52.8032368,128.437295,"Amur Oblast, Russia",798424,Europe
RUS,,Arkhangelsk Oblast,Russia,63.5589686,43.1221646,"Arkhangelsk Oblast, Russia",1155028,Europe
RUS,,Astrakhan Oblast,Russia,47.1878186,47.608851,"Astrakhan Oblast, Russia",1017514,Europe
RUS,,Bashkortostan Republic,Russia,54.8573563,57.1439682,"Bashkortostan Republic, Russia",4063293,Europe
RUS,,Belgorod Oblast,Russia,50.7080119,37.5837615,"Belgorod Oblast, Russia",1549876,Europe
RUS,,Bryansk Oblast,Russia,52.8873315,33.415853,"Bryansk Oblast, Russia",1210982,Europe
RUS,,Buryatia Republic,Russia,52.7182426,109.492143,"Buryatia Republic, Russia",984511,Europe
RUS,,Chechen Republic,Russia,43.3976147,45.6985005,"Chechen Republic, Russia",1436981,Europe
RUS,,Chelyabinsk Oblast,Russia,54.4223954,61.1865846,"Chelyabinsk Oblast, Russia",3493036,Europe
RUS,,Chukotka Autonomous Okrug,Russia,66.0006475,169.4900869,"Chukotka Autonomous Okrug, Russia",49348,Europe
RUS,,Chuvashia Republic,Russia,55.4259922,47.0849429,"Chuvashia Republic, Russia",1231117,Europe
RUS,,Dagestan Republic,Russia,43.0574916,47.1332224,"Dagestan Republic, Russia",3063885,Europe
RUS,,Ingushetia Republic,Russia,43.11542075,45.01713552,"Ingushetia Republic, Russia",488043,Europe
RUS,,Irkutsk Oblast,Russia,56.6370122,104.719221,"Irkutsk Oblast, Russia",2404195,Europe
RUS,,Ivanovo Oblast,Russia,56.9167446,41.4352137,"Ivanovo Oblast, Russia",1014646,Europe
RUS,,Jewish Autonomous Okrug,Russia,48.57527615,132.6630746,"Jewish Autonomous Okrug, Russia",162014,Europe
RUS,,Kabardino-Balkarian Republic,Russia,43.4806048,43.5978976,"Kabardino-Balkarian Republic, Russia",865828,Europe
RUS,,Kaliningrad Oblast,Russia,54.7293041,21.1489473,"Kaliningrad Oblast, Russia",994599,Europe
RUS,,Kalmykia Republic,Russia,46.2313018,45.3275745,"Kalmykia Republic, Russia",275413,Europe
RUS,,Kaluga Oblast,Russia,54.4382773,35.5272854,"Kaluga Oblast, Russia",1012056,Europe
RUS,,Kamchatka Krai,Russia,57.1914882,160.0383819,"Kamchatka Krai, Russia",315557,Europe
RUS,,Karachay-Cherkess Republic,Russia,43.7368326,41.7267991,"Karachay-Cherkess Republic, Russia",466305,Europe
RUS,,Karelia Republic,Russia,62.6194031,33.4920267,"Karelia Republic, Russia",622484,Europe
RUS,,Kemerovo Oblast,Russia,54.5335781,87.342861,"Kemerovo Oblast, Russia",2694877,Europe
RUS,,Khabarovsk Krai,Russia,51.6312684,136.121524,"Khabarovsk Krai, Russia",1328302,Europe
RUS,,Khakassia Republic,Russia,53.72258845,91.44293627,"Khakassia Republic, Russia",537513,Europe
RUS,,Khanty-Mansi Autonomous Okrug,Russia,61.0259025,69.0982628,"Khanty-Mansi Autonomous Okrug, Russia",1532243,Europe
RUS,,Kirov Oblast,Russia,57.9665589,49.4074599,"Kirov Oblast, Russia",1283238,Europe
RUS,,Komi Republic,Russia,63.9881421,54.3326073,"Komi Republic, Russia",840873,Europe
RUS,,Kostroma Oblast,Russia,58.424756,44.2533273,"Kostroma Oblast, Russia",643324,Europe
RUS,,Krasnodar Krai,Russia,45.7684014,39.0261044,"Krasnodar Krai, Russia",5603420,Europe
RUS,,Krasnoyarsk Krai,Russia,63.3233807,97.0979974,"Krasnoyarsk Krai, Russia",2876497,Europe
RUS,,Kurgan Oblast,Russia,55.7655302,64.5632681,"Kurgan Oblast, Russia",845537,Europe
RUS,,Kursk Oblast,Russia,51.6568453,36.4852695,"Kursk Oblast, Russia",1115237,Europe
RUS,,Leningrad Oblast,Russia,60.1853296,32.3925325,"Leningrad Oblast, Russia",1813816,Europe
RUS,,Lipetsk Oblast,Russia,52.6935178,39.1122664,"Lipetsk Oblast, Russia",1150201,Europe
RUS,,Magadan Oblast,Russia,62.48858785,153.9903764,"Magadan Oblast, Russia",144091,Europe
RUS,,Mari El Republic,Russia,56.5767504,47.8817512,"Mari El Republic, Russia",682333,Europe
RUS,,Mordovia Republic,Russia,54.4419829,44.4661144,"Mordovia Republic, Russia",805056,Europe
RUS,,Moscow,Russia,55.7504461,37.6174943,"Moscow, Russia",12506468,Europe
RUS,,Moscow Oblast,Russia,55.5043158,38.0353929,"Moscow Oblast, Russia",7503385,Europe
RUS,,Murmansk Oblast,Russia,68.0000418,33.9999151,"Murmansk Oblast, Russia",753557,Europe
RUS,,Nenets Autonomous Okrug,Russia,68.27557185,57.1686375,"Nenets Autonomous Okrug, Russia",43997,Europe
RUS,,Nizhny Novgorod Oblast,Russia,55.4718033,44.0911594,"Nizhny Novgorod Oblast, Russia",3234752,Europe
RUS,,North Ossetia - Alania Republic,Russia,42.7933611,44.6324493,"North Ossetia - Alania Republic, Russia",701765,Europe
RUS,,Novgorod Oblast,Russia,58.2843833,32.5169757,"Novgorod Oblast, Russia",606476,Europe
RUS,,Novosibirsk Oblast,Russia,54.9720169,79.4813924,"Novosibirsk Oblast, Russia",2788849,Europe
RUS,,Omsk Oblast,Russia,56.0935263,73.5099936,"Omsk Oblast, Russia",1960081,Europe
RUS,,Orel Oblast,Russia,52.9685433,36.0692477,"Orel Oblast, Russia",747247,Europe
RUS,,Orenburg Oblast,Russia,52.0269262,54.7276647,"Orenburg Oblast, Russia",1977720,Europe
RUS,,Penza Oblast,Russia,53.1655415,44.7879181,"Penza Oblast, Russia",1331655,Europe
RUS,,Perm Krai,Russia,58.5951603,56.3159546,"Perm Krai, Russia",2623122,Europe
RUS,,Primorsky Krai,Russia,45.0819456,134.726645,"Primorsky Krai, Russia",1913037,Europe
RUS,,Pskov Oblast,Russia,57.5358729,28.8586826,"Pskov Oblast, Russia",636546,Europe
RUS,,Rostov Oblast,Russia,47.6222451,40.7957942,"Rostov Oblast, Russia",4220452,Europe
RUS,,Ryazan Oblast,Russia,54.4226732,40.5705246,"Ryazan Oblast, Russia",1121474,Europe
RUS,,Saint Petersburg,Russia,59.9606739,30.1586551,"Saint Petersburg, Russia",5351935,Europe
RUS,,Sakha (Yakutiya) Republic,Russia,66.941626,129.642371,"Sakha (Yakutiya) Republic, Russia",964330,Europe
RUS,,Sakhalin Oblast,Russia,49.7219665,143.448533,"Sakhalin Oblast, Russia",490181,Europe
RUS,,Samara Oblast,Russia,53.2128813,50.8914633,"Samara Oblast, Russia",3193514,Europe
RUS,,Saratov Oblast,Russia,51.6520555,46.8631952,"Saratov Oblast, Russia",2462950,Europe
RUS,,Smolensk Oblast,Russia,55.0343496,33.0192065,"Smolensk Oblast, Russia",949348,Europe
RUS,,Stavropol Krai,Russia,44.8632577,43.4406913,"Stavropol Krai, Russia",2800674,Europe
RUS,,Sverdlovsk Oblast,Russia,58.6414755,61.8021546,"Sverdlovsk Oblast, Russia",4325256,Europe
RUS,,Tambov Oblast,Russia,52.9019574,41.3578918,"Tambov Oblast, Russia",1033552,Europe
RUS,,Tatarstan Republic,Russia,55.7648572,52.43104273,"Tatarstan Republic, Russia",3894284,Europe
RUS,,Tomsk Oblast,Russia,58.6124279,82.0475315,"Tomsk Oblast, Russia",1078280,Europe
RUS,,Tula Oblast,Russia,53.9570701,37.3690909,"Tula Oblast, Russia",1491855,Europe
RUS,,Tver Oblast,Russia,57.1134475,35.1744428,"Tver Oblast, Russia",1283873,Europe
RUS,,Tyumen Oblast,Russia,58.8206488,70.3658837,"Tyumen Oblast, Russia",3692400,Europe
RUS,,Tyva Republic,Russia,51.4017149,93.8582593,"Tyva Republic, Russia",321722,Europe
RUS,,Udmurt Republic,Russia,57.1961165,52.6959832,"Udmurt Republic, Russia",1513044,Europe
RUS,,Ulyanovsk Oblast,Russia,54.1463177,47.2324921,"Ulyanovsk Oblast, Russia",1246618,Europe
RUS,,Vladimir Oblast,Russia,56.0503336,40.6561633,"Vladimir Oblast, Russia",1378337,Europe
RUS,,Volgograd Oblast,Russia,49.6048339,44.2903582,"Volgograd Oblast, Russia",2521276,Europe
RUS,,Vologda Oblast,Russia,60.0391461,43.1215213,"Vologda Oblast, Russia",1176689,Europe
RUS,,Voronezh Oblast,Russia,50.9800393,40.1506507,"Voronezh Oblast, Russia",2333768,Europe
RUS,,Yamalo-Nenets Autonomous Okrug,Russia,67.1471631,74.3415488,"Yamalo-Nenets Autonomous Okrug, Russia",538547,Europe
RUS,,Yaroslavl Oblast,Russia,57.7781976,39.0021095,"Yaroslavl Oblast, Russia",1265684,Europe
RUS,,Zabaykalsky Krai,Russia,52.248521,115.956325,"Zabaykalsky Krai, Russia",1072806,Europe
RWA,,,Rwanda,-1.9403,29.8739,Rwanda,12952209,Africa
KNA,,,Saint Kitts and Nevis,17.357822,-62.782998,Saint Kitts and Nevis,53192,Americas
LCA,,,Saint Lucia,13.9094,-60.9789,Saint Lucia,183629,Americas
VCT,,,Saint Vincent and the Grenadines,12.9843,-61.2872,Saint Vincent and the Grenadines,110947,Americas
WSM,,,Samoa,-13.759,-172.1046,Samoa,196130,Western Pacific
SMR,,,San Marino,43.9424,12.4578,San Marino,33938,Europe
STP,,,Sao Tome and Principe,0.1864,6.6131,Sao Tome and Principe,219161,Africa
SAU,,,Saudi Arabia,23.885942,45.079162,Saudi Arabia,34813867,Eastern Mediterranean
SEN,,,Senegal,14.4974,-14.4524,Senegal,16743930,Africa
SRB,,,Serbia,44.0165,21.0059,Serbia,8737370,Europe
SYC,,,Seychelles,-4.6796,55.492,Seychelles,98340,Africa
SLE,,,Sierra Leone,8.460555,-11.779889,Sierra Leone,7976985,Africa
SGP,,,Singapore,1.2833,103.8333,Singapore,5850343,Western Pacific
SVK,,,Slovakia,48.669,19.699,Slovakia,5434712,Europe
SVK,,Banska Bystrica,Slovakia,48.7363,19.1462,"Banska Bystrica, Slovakia",657119,Europe
SVK,,Bratislava,Slovakia,48.1486,17.107,"Bratislava, Slovakia",603699,Europe
SVK,,Kosice,Slovakia,48.7164,21.2611,"Kosice, Slovakia",771947,Europe
SVK,,Nitra,Slovakia,48.3061,18.0764,"Nitra, Slovakia",708498,Europe
SVK,,Presov,Slovakia,49.0018,21.2393,"Presov, Slovakia",798596,Europe
SVK,,Trencin,Slovakia,48.8849,18.0335,"Trencin, Slovakia",600386,Europe
SVK,,Trnava,Slovakia,48.3709,17.5833,"Trnava, Slovakia",554172,Europe
SVK,,Zilina,Slovakia,49.2194,18.7408,"Zilina, Slovakia",694763,Europe
SVN,,,Slovenia,46.1512,14.9955,Slovenia,2078932,Europe
SLB,,,Solomon Islands,-9.6457,160.1562,Solomon Islands,652858,Western Pacific
SOM,,,Somalia,5.152149,46.199616,Somalia,15893219,Eastern Mediterranean
ZAF,,,South Africa,-30.5595,22.9375,South Africa,59308690,Africa
SSD,,,South Sudan,6.877,31.307,South Sudan,11193729,Africa
ESP,,,Spain,40.463667,-3.74922,Spain,46754783,Europe
ESP,,Andalusia,Spain,37.5443,-4.7278,"Andalusia, Spain",8427405,Europe
ESP,,Aragon,Spain,41.5976,-0.9057,"Aragon, Spain",1320586,Europe
ESP,,Asturias,Spain,43.3614,-5.8593,"Asturias, Spain",1022205,Europe
ESP,,Baleares,Spain,39.710358,2.995148,"Baleares, Spain",1188220,Europe
ESP,,Canarias,Spain,28.2916,-16.6291,"Canarias, Spain",2206901,Europe
ESP,,Cantabria,Spain,43.1828,-3.9878,"Cantabria, Spain",581641,Europe
ESP,,Castilla - La Mancha,Spain,39.2796,-3.0977,"Castilla - La Mancha, Spain",2034877,Europe
ESP,,Castilla y Leon,Spain,41.8357,-4.3976,"Castilla y Leon, Spain",2407733,Europe
ESP,,Catalonia,Spain,41.5912,1.5209,"Catalonia, Spain",7566431,Europe
ESP,,Ceuta,Spain,35.8894,-5.3213,"Ceuta, Spain",84829,Europe
ESP,,C. Valenciana,Spain,39.484,-0.7533,"C. Valenciana, Spain",4974969,Europe
ESP,,Extremadura,Spain,39.4937,-6.0679,"Extremadura, Spain",1065424,Europe
ESP,,Galicia,Spain,42.5751,-8.1339,"Galicia, Spain",2700441,Europe
ESP,,Madrid,Spain,40.4168,-3.7038,"Madrid, Spain",6641649,Europe
ESP,,Melilla,Spain,35.2923,-2.9381,"Melilla, Spain",84689,Europe
ESP,,Murcia,Spain,37.9922,-1.1307,"Murcia, Spain",1487663,Europe
ESP,,Navarra,Spain,42.6954,-1.6761,"Navarra, Spain",649946,Europe
ESP,,Pais Vasco,Spain,42.9896,-2.6189,"Pais Vasco, Spain",2177880,Europe
ESP,,La Rioja,Spain,42.2871,-2.5396,"La Rioja, Spain",313571,Europe
LKA,,,Sri Lanka,7.873054,80.771797,Sri Lanka,21413250,South-East Asia
SDN,,,Sudan,12.8628,30.2176,Sudan,43849269,Eastern Mediterranean
SUR,,,Suriname,3.9193,-56.0278,Suriname,586634,Americas
SWE,,,Sweden,60.128161,18.643501,Sweden,10099270,Europe
SWE,,Blekinge,Sweden,56.2784,15.018,"Blekinge, Sweden",159606,Europe
SWE,,Dalarna,Sweden,61.0917,14.6664,"Dalarna, Sweden",287966,Europe
SWE,,Gavleborg,Sweden,61.3012,16.1534,"Gavleborg, Sweden",287382,Europe
SWE,,Gotland,Sweden,57.4684,18.4867,"Gotland, Sweden",59686,Europe
SWE,,Halland,Sweden,56.8967,12.8034,"Halland, Sweden",333848,Europe
SWE,,Jamtland Harjedalen,Sweden,63.1712,14.9592,"Jamtland Harjedalen, Sweden",130810,Europe
SWE,,Jonkoping,Sweden,57.3708,14.3439,"Jonkoping, Sweden",363599,Europe
SWE,,Kalmar,Sweden,57.235,16.1849,"Kalmar, Sweden",245446,Europe
SWE,,Kronoberg,Sweden,56.7183,14.4115,"Kronoberg, Sweden",201469,Europe
SWE,,Norrbotten,Sweden,66.8309,20.3992,"Norrbotten, Sweden",250093,Europe
SWE,,Orebro,Sweden,59.535,15.0066,"Orebro, Sweden",304805,Europe
SWE,,Ostergotland,Sweden,58.3454,15.5198,"Ostergotland, Sweden",465495,Europe
SWE,,Skane,Sweden,55.9903,13.5958,"Skane, Sweden",1377827,Europe
SWE,,Sormland,Sweden,59.0336,16.7519,"Sormland, Sweden",297540,Europe
SWE,,Stockholm,Sweden,59.6025,18.1384,"Stockholm, Sweden",2377081,Europe
SWE,,Uppsala,Sweden,60.0092,17.2715,"Uppsala, Sweden",383713,Europe
SWE,,Varmland,Sweden,59.7294,13.2354,"Varmland, Sweden",282414,Europe
SWE,,Vasterbotten,Sweden,65.3337,16.5162,"Vasterbotten, Sweden",271736,Europe
SWE,,Vasternorrland,Sweden,63.4276,17.7292,"Vasternorrland, Sweden",245347,Europe
SWE,,Vastmanland,Sweden,59.6714,16.2159,"Vastmanland, Sweden",275845,Europe
SWE,,Vastra Gotaland,Sweden,58.2528,13.0596,"Vastra Gotaland, Sweden",1725881,Europe
CHE,,,Switzerland,46.8182,8.2275,Switzerland,8654618,Europe
SYR,,,Syria,34.802075,38.996815,Syria,17500657,Eastern Mediterranean
TWN,,,Taiwan*,23.7,121.0,Taiwan*,23816775,Western Pacific
TJK,,,Tajikistan,38.861,71.2761,Tajikistan,9537642,Europe
TZA,,,Tanzania,-6.369028,34.888822,Tanzania,59734213,Africa
THA,,,Thailand,15.870032,100.992541,Thailand,69799978,South-East Asia
TLS,,,Timor-Leste,-8.874217,125.727539,Timor-Leste,1318442,South-East Asia
TGO,,,Togo,8.6195,0.8248,Togo,8278737,Africa
TON,,,Tonga,-21.179,-175.1982,Tonga,105697,Western Pacific
TTO,,,Trinidad and Tobago,10.6918,-61.2225,Trinidad and Tobago,1399491,Americas
TUN,,,Tunisia,33.886917,9.537499,Tunisia,11818618,Eastern Mediterranean
TUR,,,Turkey,38.9637,35.2433,Turkey,84339067,Europe
TUV,,,Tuvalu,-7.1095,177.6493,Tuvalu,11792,Western Pacific
UGA,,,Uganda,1.373333,32.290275,Uganda,45741000,Africa
UKR,,,Ukraine,48.3794,31.1656,Ukraine,43733759,Europe
UKR,,Cherkasy Oblast,Ukraine,49.4444,32.0598,"Cherkasy Oblast, Ukraine",1206351,Europe
UKR,,Chernihiv Oblast,Ukraine,51.4982,31.2893,"Chernihiv Oblast, Ukraine",1005745,Europe
UKR,,Chernivtsi Oblast,Ukraine,48.2917,25.9352,"Chernivtsi Oblast, Ukraine",904374,Europe
UKR,,Crimea Republic*,Ukraine,45.2835,34.2008,"Crimea Republic*, Ukraine",1913731,Europe
UKR,,Dnipropetrovsk Oblast,Ukraine,48.4647,35.0462,"Dnipropetrovsk Oblast, Ukraine",3206477,Europe
UKR,,Donetsk Oblast,Ukraine,48.0159,37.8028,"Donetsk Oblast, Ukraine",4165901,Europe
UKR,,Ivano-Frankivsk Oblast,Ukraine,48.9226,24.7111,"Ivano-Frankivsk Oblast, Ukraine",1373252,Europe
UKR,,Kharkiv Oblast,Ukraine,49.9935,36.2304,"Kharkiv Oblast, Ukraine",2675598,Europe
UKR,,Kherson Oblast,Ukraine,46.6354,32.6169,"Kherson Oblast, Ukraine",1037640,Europe
UKR,,Khmelnytskyi Oblast,Ukraine,49.423,26.9871,"Khmelnytskyi Oblast, Ukraine",1264705,Europe
UKR,,Kiev,Ukraine,50.4501,30.5234,"Kiev, Ukraine",2950800,Europe
UKR,,Kiev Oblast,Ukraine,50.053,30.7667,"Kiev Oblast, Ukraine",1767940,Europe
UKR,,Kirovohrad Oblast,Ukraine,48.5079,32.2623,"Kirovohrad Oblast, Ukraine",945549,Europe
UKR,,Luhansk Oblast,Ukraine,48.574,39.3078,"Luhansk Oblast, Ukraine",2151833,Europe
UKR,,Lviv Oblast,Ukraine,49.8397,24.0297,"Lviv Oblast, Ukraine",2522021,Europe
UKR,,Mykolaiv Oblast,Ukraine,46.975,31.9946,"Mykolaiv Oblast, Ukraine",2522021,Europe
UKR,,Odessa Oblast,Ukraine,46.4846,30.7326,"Odessa Oblast, Ukraine",2380308,Europe
UKR,,Poltava Oblast,Ukraine,49.5883,34.5514,"Poltava Oblast, Ukraine",1400439,Europe
UKR,,Rivne Oblast,Ukraine,50.6199,26.2516,"Rivne Oblast, Ukraine",1157301,Europe
UKR,,Sevastopol*,Ukraine,44.6054,33.522,"Sevastopol*, Ukraine",443211,Europe
UKR,,Sumy Oblast,Ukraine,50.9077,34.7981,"Sumy Oblast, Ukraine",1081418,Europe
UKR,,Ternopil Oblast,Ukraine,49.5535,25.5948,"Ternopil Oblast, Ukraine",1045879,Europe
UKR,,Vinnytsia Oblast,Ukraine,49.2331,28.4682,"Vinnytsia Oblast, Ukraine",1560394,Europe
UKR,,Volyn Oblast,Ukraine,50.7472,25.3254,"Volyn Oblast, Ukraine",1035330,Europe
UKR,,Zakarpattia Oblast,Ukraine,48.6208,22.2879,"Zakarpattia Oblast, Ukraine",1256802,Europe
UKR,,Zaporizhia Oblast,Ukraine,47.8388,35.1396,"Zaporizhia Oblast, Ukraine",1705836,Europe
UKR,,Zhytomyr Oblast,Ukraine,50.2547,28.6587,"Zhytomyr Oblast, Ukraine",1220193,Europe
ARE,,,United Arab Emirates,23.424076,53.847818,United Arab Emirates,9890400,Eastern Mediterranean
GBR,,,United Kingdom,55.3781,-3.436,United Kingdom,67886004,Europe
GBR,,England,United Kingdom,52.3555,-1.1743,"England, United Kingdom",55977200,Europe
GBR,,Northern Ireland,United Kingdom,54.7877,-6.4923,"Northern Ireland, United Kingdom",1881600,Europe
GBR,,Scotland,United Kingdom,56.4907,-4.2026,"Scotland, United Kingdom",5463300,Europe
GBR,,Wales,United Kingdom,52.1307,-3.7837,"Wales, United Kingdom",3138600,Europe
BMU,,Bermuda,United Kingdom,32.3078,-64.7505,"Bermuda, United Kingdom",62273,Americas
VGB,,British Virgin Islands,United Kingdom,18.4207,-64.64,"British Virgin Islands, United Kingdom",30237,Americas
CYM,,Cayman Islands,United Kingdom,19.3133,-81.2546,"Cayman Islands, United Kingdom",65720,Americas
GBR,,Channel Islands,United Kingdom,49.3723,-2.3644,"Channel Islands, United Kingdom",170499,Europe
GGY,,Guernsey,United Kingdom,49.448196,-2.58949,"Guernsey, United Kingdom",63000,Europe
JEY,,Jersey,United Kingdom,49.2138,-2.1358,"Jersey, United Kingdom",109300,Europe
FLK,,Falkland Islands (Malvinas),United Kingdom,-51.7963,-59.5236,"Falkland Islands (Malvinas), United Kingdom",3483,Americas
GIB,,Gibraltar,United Kingdom,36.1408,-5.3536,"Gibraltar, United Kingdom",33691,Europe
IMN,,Isle of Man,United Kingdom,54.2361,-4.5481,"Isle of Man, United Kingdom",85032,Europe
MSR,,Montserrat,United Kingdom,16.742498,-62.187366,"Montserrat, United Kingdom",4999,Americas
TCA,,Turks and Caicos Islands,United Kingdom,21.694,-71.7979,"Turks and Caicos Islands, United Kingdom",38718,Americas
PCN,,Pitcairn Islands,United Kingdom,-24.3768,-128.3242,"Pitcairn Islands, United Kingdom",67,Western Pacific
AIA,,Anguilla,United Kingdom,18.2206,-63.0686,"Anguilla, United Kingdom",15002,Americas
SHN,,"Saint Helena, Ascension and Tristan da Cunha",United Kingdom,-7.9467,-14.3559,"Saint Helena, Ascension and Tristan da Cunha, United Kingdom",5661,Africa
URY,,,Uruguay,-32.5228,-55.7658,Uruguay,3473727,Americas
UZB,,,Uzbekistan,41.377491,64.585262,Uzbekistan,33469199,Europe
VUT,,,Vanuatu,-15.3767,166.9592,Vanuatu,292680,Western Pacific
VEN,,,Venezuela,6.4238,-66.5897,Venezuela,28435943,Americas
VNM,,,Vietnam,14.058324,108.277199,Vietnam,97338583,Western Pacific
PSE,,,West Bank and Gaza,31.9522,35.2332,West Bank and Gaza,5101416,Eastern Mediterranean
ESH,,,Western Sahara,24.2155,-12.8858,Western Sahara,597330,Africa
YEM,,,Yemen,15.552727,48.516388,Yemen,29825968,Eastern Mediterranean
ZMB,,,Zambia,-13.133897,27.849332,Zambia,18383956,Africa
ZWE,,,Zimbabwe,-19.015438,29.154857,Zimbabwe,14862927,Africa
AUS,,,Australia,-25.0,133.0,Australia,25459700,Western Pacific
AUS,,Australian Capital Territory,Australia,-35.4735,149.0124,"Australian Capital Territory, Australia",428100,Western Pacific
AUS,,New South Wales,Australia,-33.8688,151.2093,"New South Wales, Australia",8118000,Western Pacific
AUS,,Northern Territory,Australia,-12.4634,130.8456,"Northern Territory, Australia",245600,Western Pacific
AUS,,Queensland,Australia,-27.4698,153.0251,"Queensland, Australia",5115500,Western Pacific
AUS,,South Australia,Australia,-34.9285,138.6007,"South Australia, Australia",1756500,Western Pacific
AUS,,Tasmania,Australia,-42.8821,147.3272,"Tasmania, Australia",535500,Western Pacific
AUS,,Victoria,Australia,-37.8136,144.9631,"Victoria, Australia",6629900,Western Pacific
AUS,,Western Australia,Australia,-31.9505,115.8605,"Western Australia, Australia",2630600,Western Pacific
CAN,,,Canada,60.0,-95.0,Canada,38246108,Americas
CAN,,Alberta,Canada,53.9333,-116.5765,"Alberta, Canada",4442879,Americas
CAN,,British Columbia,Canada,53.7267,-127.6476,"British Columbia, Canada",5214805,Americas
CAN,,Manitoba,Canada,53.7609,-98.8139,"Manitoba, Canada",1383765,Americas
CAN,,New Brunswick,Canada,46.5653,-66.4619,"New Brunswick, Canada",789225,Americas
CAN,,Newfoundland and Labrador,Canada,53.1355,-57.6604,"Newfoundland and Labrador, Canada",520553,Americas
CAN,,Northwest Territories,Canada,64.8255,-124.8457,"Northwest Territories,Canada",45504,Americas
CAN,,Nova Scotia,Canada,44.682,-63.7443,"Nova Scotia, Canada",992055,Americas
CAN,,Ontario,Canada,51.2538,-85.3232,"Ontario, Canada",14826276,Americas
CAN,,Prince Edward Island,Canada,46.5107,-63.4168,"Prince Edward Island, Canada",164318,Americas
CAN,,Quebec,Canada,52.9399,-73.5491,"Quebec, Canada",8604495,Americas
CAN,,Saskatchewan,Canada,52.9399,-106.4509,"Saskatchewan, Canada",1179844,Americas
CAN,,Yukon,Canada,64.2823,-135.0,"Yukon, Canada",42986,Americas
CAN,,Nunavut,Canada,70.2998,-83.1076,"Nunavut, Canada",39403,Americas
CHN,,,China,35.8617,104.19545,China,1411778724,Western Pacific
CHN,,Anhui,China,31.8257,117.2264,"Anhui, China",61027171,Western Pacific
CHN,,Beijing,China,40.1824,116.4142,"Beijing, China",21893095,Western Pacific
CHN,,Chongqing,China,30.0572,107.874,"Chongqing, China",32054159,Western Pacific
CHN,,Fujian,China,26.0789,117.9874,"Fujian, China",41540086,Western Pacific
CHN,,Gansu,China,35.7518,104.2861,"Gansu, China",25019831,Western Pacific
CHN,,Guangdong,China,23.3417,113.4244,"Guangdong, China",126012510,Western Pacific
CHN,,Guangxi,China,23.8298,108.7881,"Guangxi, China",50126804,Western Pacific
CHN,,Guizhou,China,26.8154,106.8748,"Guizhou, China",38562148,Western Pacific
CHN,,Hainan,China,19.1959,109.7453,"Hainan, China",10081232,Western Pacific
CHN,,Hebei,China,37.8957,114.9042,"Hebei, China",74610235,Western Pacific
CHN,,Heilongjiang,China,47.862,127.7615,"Heilongjiang, China",31850088,Western Pacific
CHN,,Henan,China,33.882,113.614,"Henan, China",99365519,Western Pacific
CHN,,Hubei,China,30.9756,112.2707,"Hubei, China",57752557,Western Pacific
CHN,,Hunan,China,27.6104,111.7088,"Hunan, China",66444864,Western Pacific
CHN,,Inner Mongolia,China,44.0935,113.9448,"Inner Mongolia, China",24049155,Western Pacific
CHN,,Jiangsu,China,32.9711,119.455,"Jiangsu, China",84748016,Western Pacific
CHN,,Jiangxi,China,27.614,115.7221,"Jiangxi, China",45188635,Western Pacific
CHN,,Jilin,China,43.6661,126.1923,"Jilin, China",24073453,Western Pacific
CHN,,Liaoning,China,41.2956,122.6085,"Liaoning, China",42591407,Western Pacific
CHN,,Ningxia,China,37.2692,106.1655,"Ningxia, China",7202654,Western Pacific
CHN,,Qinghai,China,35.7452,95.9956,"Qinghai, China",5923957,Western Pacific
CHN,,Shaanxi,China,35.1917,108.8701,"Shaanxi, China",39528999,Western Pacific
CHN,,Shandong,China,36.3427,118.1498,"Shandong, China",101527453,Western Pacific
CHN,,Shanghai,China,31.202,121.4491,"Shanghai, China",24870895,Western Pacific
CHN,,Shanxi,China,37.5777,112.2922,"Shanxi, China",34915616,Western Pacific
CHN,,Sichuan,China,30.6171,102.7103,"Sichuan, China",83674866,Western Pacific
CHN,,Tianjin,China,39.3054,117.323,"Tianjin, China",13866009,Western Pacific
CHN,,Tibet,China,31.6927,88.0924,"Tibet, China",3648100,Western Pacific
CHN,,Xinjiang,China,41.1129,85.2401,"Xinjiang, China",25852345,Western Pacific
CHN,,Yunnan,China,24.974,101.487,"Yunnan, China",47209277,Western Pacific
CHN,,Zhejiang,China,29.1832,120.0934,"Zhejiang, China",64567588,Western Pacific
HKG,,Hong Kong,China,22.3,114.2,"Hong Kong, China",7496988,Western Pacific
MAC,,Macau,China,22.1667,113.55,"Macau, China",649342,Western Pacific
USA,,,US,40.0,-100.0,US,329466283,Americas
ASM,,American Samoa,US,-14.271,-170.132,"American Samoa, US",55641,Western Pacific
GUM,,Guam,US,13.4443,144.7937,"Guam, US",164229,Western Pacific
MNP,,Northern Mariana Islands,US,15.0979,145.6739,"Northern Mariana Islands, US",55144,Western Pacific
VIR,,Virgin Islands,US,18.3358,-64.8963,"Virgin Islands, US",107268,Americas
PRI,,Puerto Rico,US,18.2208,-66.5901,"Puerto Rico, US",3193694,Americas
PRI,Adjuntas,Puerto Rico,US,18.180117,-66.754367,"Adjuntas, Puerto Rico, US",17363,Americas
PRI,Aguada,Puerto Rico,US,18.360255,-67.175131,"Aguada, Puerto Rico, US",36694,Americas
PRI,Aguadilla,Puerto Rico,US,18.459681,-67.120815,"Aguadilla, Puerto Rico, US",50265,Americas
PRI,Aguas Buenas,Puerto Rico,US,18.251619,-66.126806,"Aguas Buenas, Puerto Rico, US",24814,Americas
PRI,Aibonito,Puerto Rico,US,18.131361,-66.264131,"Aibonito, Puerto Rico, US",22108,Americas
PRI,Anasco,Puerto Rico,US,18.287985,-67.120611,"Anasco, Puerto Rico, US",26161,Americas
PRI,Arecibo,Puerto Rico,US,18.406631,-66.675077,"Arecibo, Puerto Rico, US",81966,Americas
PRI,Arroyo,Puerto Rico,US,17.998457,-66.056546,"Arroyo, Puerto Rico, US",17238,Americas
PRI,Barceloneta,Puerto Rico,US,18.445533,-66.560531,"Barceloneta, Puerto Rico, US",23727,Americas
PRI,Barranquitas,Puerto Rico,US,18.201592,-66.30963,"Barranquitas, Puerto Rico, US",27725,Americas
PRI,Bayamon,Puerto Rico,US,18.34946,-66.168435,"Bayamon, Puerto Rico, US",169269,Americas
PRI,Cabo Rojo,Puerto Rico,US,18.040993,-67.154391,"Cabo Rojo, Puerto Rico, US",47515,Americas
PRI,Caguas,Puerto Rico,US,18.211615,-66.050779,"Caguas, Puerto Rico, US",124606,Americas
PRI,Camuy,Puerto Rico,US,18.418578,-66.860206,"Camuy, Puerto Rico, US",30504,Americas
PRI,Canovanas,Puerto Rico,US,18.328802,-65.887612,"Canovanas, Puerto Rico, US",44674,Americas
PRI,Carolina,Puerto Rico,US,18.374986,-65.956831,"Carolina, Puerto Rico, US",146984,Americas
PRI,Catano,Puerto Rico,US,18.437269,-66.143306,"Catano, Puerto Rico, US",23121,Americas
PRI,Cayey,Puerto Rico,US,18.102851,-66.14914,"Cayey, Puerto Rico, US",42409,Americas
PRI,Ceiba,Puerto Rico,US,18.251818,-65.666416,"Ceiba, Puerto Rico, US",10904,Americas
PRI,Ciales,Puerto Rico,US,18.28885,-66.516475,"Ciales, Puerto Rico, US",15808,Americas
PRI,Cidra,Puerto Rico,US,18.173559,-66.161179,"Cidra, Puerto Rico, US",38307,Americas
PRI,Coamo,Puerto Rico,US,18.097597,-66.36014,"Coamo, Puerto Rico, US",38336,Americas
PRI,Comerio,Puerto Rico,US,18.224687,-66.221622,"Comerio, Puerto Rico, US",18648,Americas
PRI,Corozal,Puerto Rico,US,18.304264,-66.327738,"Corozal, Puerto Rico, US",32293,Americas
PRI,Culebra,Puerto Rico,US,18.31586,-65.28813,"Culebra, Puerto Rico, US",1714,Americas
PRI,Dorado,Puerto Rico,US,18.436115,-66.278669,"Dorado, Puerto Rico, US",36141,Americas
PRI,Fajardo,Puerto Rico,US,18.318373,-65.666866,"Fajardo, Puerto Rico, US",29454,Americas
PRI,Florida,Puerto Rico,US,18.373715,-66.560488,"Florida, Puerto Rico, US",11317,Americas
PRI,Guanica,Puerto Rico,US,17.982429,-66.919643,"Guanica, Puerto Rico, US",15383,Americas
PRI,Guayama,Puerto Rico,US,18.007516,-66.133908,"Guayama, Puerto Rico, US",39465,Americas
PRI,Guayanilla,Puerto Rico,US,18.039942,-66.79186,"Guayanilla, Puerto Rico, US",17623,Americas
PRI,Guaynabo,Puerto Rico,US,18.345114,-66.114523,"Guaynabo, Puerto Rico, US",83728,Americas
PRI,Gurabo,Puerto Rico,US,18.266461,-65.979705,"Gurabo, Puerto Rico, US",47093,Americas
PRI,Hatillo,Puerto Rico,US,18.410928,-66.796326,"Hatillo, Puerto Rico, US",39218,Americas
PRI,Hormigueros,Puerto Rico,US,18.134532,-67.113972,"Hormigueros, Puerto Rico, US",15518,Americas
PRI,Humacao,Puerto Rico,US,18.145211,-65.810174,"Humacao, Puerto Rico, US",50653,Americas
PRI,Isabela,Puerto Rico,US,18.44981,-67.005093,"Isabela, Puerto Rico, US",40423,Americas
PRI,Jayuya,Puerto Rico,US,18.211446,-66.58878,"Jayuya, Puerto Rico, US",13891,Americas
PRI,Juana Diaz,Puerto Rico,US,18.050764,-66.494581,"Juana Diaz, Puerto Rico, US",44679,Americas
PRI,Juncos,Puerto Rico,US,18.223793,-65.909109,"Juncos, Puerto Rico, US",38155,Americas
PRI,Lajas,Puerto Rico,US,18.011661,-67.040585,"Lajas, Puerto Rico, US",22010,Americas
PRI,Lares,Puerto Rico,US,18.269035,-66.867236,"Lares, Puerto Rico, US",24276,Americas
PRI,Las Marias,Puerto Rico,US,18.23679,-66.98362,"Las Marias, Puerto Rico, US",7927,Americas
PRI,Las Piedras,Puerto Rico,US,18.187527,-65.869468,"Las Piedras, Puerto Rico, US",37007,Americas
PRI,Loiza,Puerto Rico,US,18.425688,-65.89943,"Loiza, Puerto Rico, US",24553,Americas
PRI,Luquillo,Puerto Rico,US,18.342114,-65.725097,"Luquillo, Puerto Rico, US",17665,Americas
PRI,Manati,Puerto Rico,US,18.420473,-66.490461,"Manati, Puerto Rico, US",37287,Americas
PRI,Maricao,Puerto Rico,US,18.171795,-66.942126,"Maricao, Puerto Rico, US",5430,Americas
PRI,Maunabo,Puerto Rico,US,18.017889,-65.922235,"Maunabo, Puerto Rico, US",10321,Americas
PRI,Mayaguez,Puerto Rico,US,18.2013,-67.1452,"Mayaguez, Puerto Rico, US",71530,Americas
PRI,Moca,Puerto Rico,US,18.377805,-67.080952,"Moca, Puerto Rico, US",34891,Americas
PRI,Morovis,Puerto Rico,US,18.316963,-66.420383,"Morovis, Puerto Rico, US",30335,Americas
PRI,Naguabo,Puerto Rico,US,18.230637,-65.753897,"Naguabo, Puerto Rico, US",25761,Americas
PRI,Naranjito,Puerto Rico,US,18.288019,-66.252703,"Naranjito, Puerto Rico, US",27349,Americas
PRI,Orocovis,Puerto Rico,US,18.215046,-66.433604,"Orocovis, Puerto Rico, US",20220,Americas
PRI,Patillas,Puerto Rico,US,18.03174,-66.012242,"Patillas, Puerto Rico, US",16211,Americas
PRI,Penuelas,Puerto Rico,US,18.059645,-66.721572,"Penuelas, Puerto Rico, US",19249,Americas
PRI,Ponce,Puerto Rico,US,18.059498,-66.613748,"Ponce, Puerto Rico, US",131881,Americas
PRI,Quebradillas,Puerto Rico,US,18.439692,-66.926113,"Quebradillas, Puerto Rico, US",22918,Americas
PRI,Rincon,Puerto Rico,US,18.335443,-67.23174,"Rincon, Puerto Rico, US",13656,Americas
PRI,Rio Grande,Puerto Rico,US,18.346329,-65.813742,"Rio Grande, Puerto Rico, US",48025,Americas
PRI,Sabana Grande,Puerto Rico,US,18.08282,-66.943758,"Sabana Grande, Puerto Rico, US",21712,Americas
PRI,Salinas,Puerto Rico,US,18.010387,-66.256592,"Salinas, Puerto Rico, US",27128,Americas
PRI,San German,Puerto Rico,US,18.111484,-67.038581,"San German, Puerto Rico, US",30227,Americas
PRI,San Juan,Puerto Rico,US,18.386933,-66.061128,"San Juan, Puerto Rico, US",318441,Americas
PRI,San Lorenzo,Puerto Rico,US,18.147987,-65.976392,"San Lorenzo, Puerto Rico, US",35989,Americas
PRI,San Sebastian,Puerto Rico,US,18.328646,-66.971214,"San Sebastian, Puerto Rico, US",35528,Americas
PRI,Santa Isabel,Puerto Rico,US,17.994525,-66.388913,"Santa Isabel, Puerto Rico, US",21209,Americas
PRI,Toa Alta,Puerto Rico,US,18.362406,-66.246616,"Toa Alta, Puerto Rico, US",72025,Americas
PRI,Toa Baja,Puerto Rico,US,18.431446,-66.213553,"Toa Baja, Puerto Rico, US",74271,Americas
PRI,Trujillo Alto,Puerto Rico,US,18.336159,-65.998884,"Trujillo Alto, Puerto Rico, US",63674,Americas
PRI,Utuado,Puerto Rico,US,18.271214,-66.702984,"Utuado, Puerto Rico, US",27395,Americas
PRI,Vega Alta,Puerto Rico,US,18.409346,-66.33725,"Vega Alta, Puerto Rico, US",36061,Americas
PRI,Vega Baja,Puerto Rico,US,18.428262,-66.397924,"Vega Baja, Puerto Rico, US",50023,Americas
PRI,Vieques,Puerto Rico,US,18.123276,-65.440971,"Vieques, Puerto Rico, US",8386,Americas
PRI,Villalba,Puerto Rico,US,18.127951,-66.473115,"Villalba, Puerto Rico, US",21372,Americas
PRI,Yabucoa,Puerto Rico,US,18.070399,-65.896289,"Yabucoa, Puerto Rico, US",32282,Americas
PRI,Yauco,Puerto Rico,US,18.080374,-66.858814,"Yauco, Puerto Rico, US",33575,Americas
USA,,Alabama,US,32.3182,-86.9023,"Alabama, US",4903185,Americas
USA,,Alaska,US,61.3707,-152.4044,"Alaska, US",731545,Americas
USA,,Arizona,US,33.7298,-111.4312,"Arizona, US",7278717,Americas
USA,,Arkansas,US,34.9697,-92.3731,"Arkansas, US",3017804,Americas
USA,,California,US,36.1162,-119.6816,"California, US",39512223,Americas
USA,,Colorado,US,39.0598,-105.3111,"Colorado, US",5758736,Americas
USA,,Connecticut,US,41.5978,-72.7554,"Connecticut, US",3565287,Americas
USA,,Delaware,US,39.3185,-75.5071,"Delaware, US",973764,Americas
USA,,District of Columbia,US,38.8974,-77.0268,"District of Columbia, US",705749,Americas
USA,,Florida,US,27.7663,-81.6868,"Florida, US",21477737,Americas
USA,,Georgia,US,33.0406,-83.6431,"Georgia, US",10617423,Americas
USA,,Hawaii,US,21.0943,-157.4983,"Hawaii, US",1415872,Americas
USA,,Idaho,US,44.2405,-114.4788,"Idaho, US",1787065,Americas
USA,,Illinois,US,40.3495,-88.9861,"Illinois, US",12671821,Americas
USA,,Indiana,US,39.8494,-86.2583,"Indiana, US",6732219,Americas
USA,,Iowa,US,42.0115,-93.2105,"Iowa, US",3155070,Americas
USA,,Kansas,US,38.5266,-96.7265,"Kansas, US",2913314,Americas
USA,,Kentucky,US,37.6681,-84.6701,"Kentucky, US",4467673,Americas
USA,,Louisiana,US,31.1695,-91.8678,"Louisiana, US",4648794,Americas
USA,,Maine,US,44.6939,-69.3819,"Maine, US",1344212,Americas
USA,,Maryland,US,39.0639,-76.8021,"Maryland, US",6045680,Americas
USA,,Massachusetts,US,42.2302,-71.5301,"Massachusetts, US",6892503,Americas
USA,,Michigan,US,43.3266,-84.5361,"Michigan, US",9986857,Americas
USA,,Minnesota,US,45.6945,-93.9002,"Minnesota, US",5639632,Americas
USA,,Mississippi,US,32.7416,-89.6787,"Mississippi, US",2976149,Americas
USA,,Missouri,US,38.4561,-92.2884,"Missouri, US",6137428,Americas
USA,,Montana,US,46.9219,-110.4544,"Montana, US",1068778,Americas
USA,,Nebraska,US,41.1254,-98.2681,"Nebraska, US",1934408,Americas
USA,,Nevada,US,38.3135,-117.0554,"Nevada, US",3080156,Americas
USA,,New Hampshire,US,43.4525,-71.5639,"New Hampshire, US",1359711,Americas
USA,,New Jersey,US,40.2989,-74.521,"New Jersey, US",8882190,Americas
USA,,New Mexico,US,34.8405,-106.2485,"New Mexico, US",2096829,Americas
USA,,New York,US,42.1657,-74.9481,"New York, US",19453561,Americas
USA,,North Carolina,US,35.6301,-79.8064,"North Carolina, US",10488084,Americas
USA,,North Dakota,US,47.5289,-99.784,"North Dakota, US",762062,Americas
USA,,Ohio,US,40.3888,-82.7649,"Ohio, US",11689100,Americas
USA,,Oklahoma,US,35.5653,-96.9289,"Oklahoma, US",3956971,Americas
USA,,Oregon,US,44.572,-122.0709,"Oregon, US",4217737,Americas
USA,,Pennsylvania,US,40.5908,-77.2098,"Pennsylvania, US",12801989,Americas
USA,,Rhode Island,US,41.6809,-71.5118,"Rhode Island, US",1059361,Americas
USA,,South Carolina,US,33.8569,-80.945,"South Carolina, US",5148714,Americas
USA,,South Dakota,US,44.2998,-99.4388,"South Dakota, US",884659,Americas
USA,,Tennessee,US,35.7478,-86.6923,"Tennessee, US",6829174,Americas
USA,,Texas,US,31.0545,-97.5635,"Texas, US",28995881,Americas
USA,,Utah,US,40.15,-111.8624,"Utah, US",3205958,Americas
USA,,Vermont,US,44.0459,-72.7107,"Vermont, US",623989,Americas
USA,,Virginia,US,37.7693,-78.17,"Virginia, US",8535519,Americas
USA,,Washington,US,47.4009,-121.4905,"Washington, US",7614893,Americas
USA,,West Virginia,US,38.4912,-80.9545,"West Virginia, US",1792147,Americas
USA,,Wisconsin,US,44.2685,-89.6165,"Wisconsin, US",5822434,Americas
USA,,Wyoming,US,42.756,-107.3025,"Wyoming, US",578759,Americas
USA,Dukes and Nantucket,Massachusetts,US,41.40674725,-70.68763497,"Dukes and Nantucket, Massachusetts, US",28731,Americas
USA,Kansas City,Missouri,US,39.0997,-94.5786,"Kansas City, Missouri, US",488943,Americas
USA,Bear River,Utah,US,41.52106798,-113.0832816,"Bear River, Utah, US",186818,Americas
USA,Central Utah,Utah,US,39.37231946,-111.5758676,"Central Utah, Utah, US",81954,Americas
USA,Southeast Utah,Utah,US,38.99617072,-110.7013958,"Southeast Utah, Utah, US",40229,Americas
USA,Southwest Utah,Utah,US,37.85447192,-111.4418764,"Southwest Utah, Utah, US",252042,Americas
USA,TriCounty,Utah,US,40.12491499,-109.5174415,"TriCounty, Utah, US",56622,Americas
USA,Weber-Morgan,Utah,US,41.27116049,-111.9145117,"Weber-Morgan, Utah, US",272337,Americas
USA,Autauga,Alabama,US,32.53952745,-86.64408227,"Autauga, Alabama, US",55869,Americas
USA,Baldwin,Alabama,US,30.72774991,-87.72207058,"Baldwin, Alabama, US",223234,Americas
USA,Barbour,Alabama,US,31.868263,-85.3871286,"Barbour, Alabama, US",24686,Americas
USA,Bibb,Alabama,US,32.99642064,-87.1251146,"Bibb, Alabama, US",22394,Americas
USA,Blount,Alabama,US,33.98210918,-86.56790593,"Blount, Alabama, US",57826,Americas
USA,Bullock,Alabama,US,32.10030533,-85.71265535,"Bullock, Alabama, US",10101,Americas
USA,Butler,Alabama,US,31.75300095,-86.68057478,"Butler, Alabama, US",19448,Americas
USA,Calhoun,Alabama,US,33.77483727,-85.82630386,"Calhoun, Alabama, US",113605,Americas
USA,Chambers,Alabama,US,32.91360079,-85.39072749,"Chambers, Alabama, US",33254,Americas
USA,Cherokee,Alabama,US,34.17805983,-85.60638968,"Cherokee, Alabama, US",26196,Americas
USA,Chilton,Alabama,US,32.85044126,-86.7173256,"Chilton, Alabama, US",44428,Americas
USA,Choctaw,Alabama,US,32.02227341,-88.2656443,"Choctaw, Alabama, US",12589,Americas
USA,Clarke,Alabama,US,31.68099859,-87.83548597,"Clarke, Alabama, US",23622,Americas
USA,Clay,Alabama,US,33.26984193,-85.85836077,"Clay, Alabama, US",13235,Americas
USA,Cleburne,Alabama,US,33.67679204,-85.52005899,"Cleburne, Alabama, US",14910,Americas
USA,Coffee,Alabama,US,31.39932826,-85.98901039,"Coffee, Alabama, US",52342,Americas
USA,Colbert,Alabama,US,34.69847452,-87.80168544,"Colbert, Alabama, US",55241,Americas
USA,Conecuh,Alabama,US,31.43401703,-86.99320044,"Conecuh, Alabama, US",12067,Americas
USA,Coosa,Alabama,US,32.93690146,-86.24847739,"Coosa, Alabama, US",10663,Americas
USA,Covington,Alabama,US,31.2477854,-86.45050893,"Covington, Alabama, US",37049,Americas
USA,Crenshaw,Alabama,US,31.72941803,-86.31593104,"Crenshaw, Alabama, US",13772,Americas
USA,Cullman,Alabama,US,34.13020303,-86.86888037,"Cullman, Alabama, US",83768,Americas
USA,Dale,Alabama,US,31.43037123,-85.61095742,"Dale, Alabama, US",49172,Americas
USA,Dallas,Alabama,US,32.32688101,-87.1086671,"Dallas, Alabama, US",37196,Americas
USA,DeKalb,Alabama,US,34.45946862,-85.80782906,"DeKalb, Alabama, US",71513,Americas
USA,Elmore,Alabama,US,32.59785413,-86.14415284,"Elmore, Alabama, US",81209,Americas
USA,Escambia,Alabama,US,31.1256789,-87.15918694,"Escambia, Alabama, US",36633,Americas
USA,Etowah,Alabama,US,34.04567266,-86.04051873,"Etowah, Alabama, US",102268,Americas
USA,Fayette,Alabama,US,33.72076938,-87.73886638,"Fayette, Alabama, US",16302,Americas
USA,Franklin,Alabama,US,34.44235334,-87.84289505,"Franklin, Alabama, US",31362,Americas
USA,Geneva,Alabama,US,31.09389027,-85.83572839,"Geneva, Alabama, US",26271,Americas
USA,Greene,Alabama,US,32.85504247,-87.95684022,"Greene, Alabama, US",8111,Americas
USA,Hale,Alabama,US,32.76039258,-87.63284988,"Hale, Alabama, US",14651,Americas
USA,Henry,Alabama,US,31.51148016,-85.24267944,"Henry, Alabama, US",17205,Americas
USA,Houston,Alabama,US,31.15197924,-85.29939599,"Houston, Alabama, US",105882,Americas
USA,Jackson,Alabama,US,34.78144169,-85.99750489,"Jackson, Alabama, US",51626,Americas
USA,Jefferson,Alabama,US,33.55554728,-86.895063,"Jefferson, Alabama, US",658573,Americas
USA,Lamar,Alabama,US,33.77995024,-88.09668032,"Lamar, Alabama, US",13805,Americas
USA,Lauderdale,Alabama,US,34.90171875,-87.65624729,"Lauderdale, Alabama, US",92729,Americas
USA,Lawrence,Alabama,US,34.52041498,-87.31069453,"Lawrence, Alabama, US",32924,Americas
USA,Lee,Alabama,US,32.60154883,-85.35132246,"Lee, Alabama, US",164542,Americas
USA,Limestone,Alabama,US,34.81185586,-86.98310072,"Limestone, Alabama, US",98915,Americas
USA,Lowndes,Alabama,US,32.1597283,-86.65158371,"Lowndes, Alabama, US",9726,Americas
USA,Macon,Alabama,US,32.38759944,-85.69267724,"Macon, Alabama, US",18068,Americas
USA,Madison,Alabama,US,34.76327133,-86.55069633,"Madison, Alabama, US",372909,Americas
USA,Marengo,Alabama,US,32.24767634,-87.78796182,"Marengo, Alabama, US",18863,Americas
USA,Marion,Alabama,US,34.13697363,-87.88704173,"Marion, Alabama, US",29709,Americas
USA,Marshall,Alabama,US,34.36975964,-86.30486727,"Marshall, Alabama, US",96774,Americas
USA,Mobile,Alabama,US,30.78472347,-88.20842409,"Mobile, Alabama, US",413210,Americas
USA,Monroe,Alabama,US,31.56729412,-87.36995001,"Monroe, Alabama, US",20733,Americas
USA,Montgomery,Alabama,US,32.2206831,-86.20969272,"Montgomery, Alabama, US",226486,Americas
USA,Morgan,Alabama,US,34.45500589,-86.85475946,"Morgan, Alabama, US",119679,Americas
USA,Perry,Alabama,US,32.64048341,-87.29770589,"Perry, Alabama, US",8923,Americas
USA,Pickens,Alabama,US,33.28094866,-88.08818103,"Pickens, Alabama, US",19930,Americas
USA,Pike,Alabama,US,31.80396383,-85.9408295,"Pike, Alabama, US",33114,Americas
USA,Randolph,Alabama,US,33.29526734,-85.45708831,"Randolph, Alabama, US",22722,Americas
USA,Russell,Alabama,US,32.28725256,-85.18415324,"Russell, Alabama, US",57961,Americas
USA,St. Clair,Alabama,US,33.71902176,-86.31029372,"St. Clair, Alabama, US",89512,Americas
USA,Shelby,Alabama,US,33.26879845,-86.66232561,"Shelby, Alabama, US",217702,Americas
USA,Sumter,Alabama,US,32.59117397,-88.19916205,"Sumter, Alabama, US",12427,Americas
USA,Talladega,Alabama,US,33.37823223,-86.16886178,"Talladega, Alabama, US",79978,Americas
USA,Tallapoosa,Alabama,US,32.86698258,-85.79833053,"Tallapoosa, Alabama, US",40367,Americas
USA,Tuscaloosa,Alabama,US,33.28726072,-87.52556818,"Tuscaloosa, Alabama, US",209355,Americas
USA,Walker,Alabama,US,33.80270512,-87.30027177,"Walker, Alabama, US",63521,Americas
USA,Washington,Alabama,US,31.4092794,-88.20689944,"Washington, Alabama, US",16326,Americas
USA,Wilcox,Alabama,US,31.98773215,-87.30891118,"Wilcox, Alabama, US",10373,Americas
USA,Winston,Alabama,US,34.15030532,-87.37325922,"Winston, Alabama, US",23629,Americas
USA,Aleutians East,Alaska,US,55.32222414,-161.9722021,"Aleutians East, Alaska, US",3337,Americas
USA,Aleutians West,Alaska,US,52.3233,-174.1596,"Aleutians West, Alaska, US",5634,Americas
USA,Anchorage,Alaska,US,61.14998174,-149.1426986,"Anchorage, Alaska, US",288000,Americas
USA,Bethel,Alaska,US,60.90980451,-159.8561831,"Bethel, Alaska, US",18386,Americas
USA,Bristol Bay,Alaska,US,58.74513976,-156.701064,"Bristol Bay, Alaska, US",836,Americas
USA,Copper River,Alaska,US,60.3886,-162.8905196,"Copper River, Alaska, US",2699,Americas
USA,Chugach,Alaska,US,61.16666,-149.9,"Chugach, Alaska, US",6751,Americas
USA,Denali,Alaska,US,63.67264044,-150.0076108,"Denali, Alaska, US",2097,Americas
USA,Dillingham,Alaska,US,59.79603738,-158.2381942,"Dillingham, Alaska, US",4916,Americas
USA,Fairbanks North Star,Alaska,US,64.80726247,-146.5692662,"Fairbanks North Star, Alaska, US",96849,Americas
USA,Haines,Alaska,US,59.09893571,-135.4679843,"Haines, Alaska, US",2530,Americas
USA,Hoonah-Angoon,Alaska,US,58.29307365,-135.6424424,"Hoonah-Angoon, Alaska, US",2148,Americas
USA,Juneau,Alaska,US,58.45031811,-134.200436,"Juneau, Alaska, US",31974,Americas
USA,Kenai Peninsula,Alaska,US,60.24429722,-151.5388884,"Kenai Peninsula, Alaska, US",58708,Americas
USA,Ketchikan Gateway,Alaska,US,55.57445008,-130.975561,"Ketchikan Gateway, Alaska, US",13901,Americas
USA,Kodiak Island,Alaska,US,57.65529415,-153.7493579,"Kodiak Island, Alaska, US",12998,Americas
USA,Kusilvak,Alaska,US,62.1542916,-163.3967883,"Kusilvak, Alaska, US",8314,Americas
USA,Bristol Bay plus Lake and Peninsula,Alaska,US,58.62403337,-156.2140589,"Bristol Bay plus Lake and Peninsula, Alaska, US",2428,Americas
USA,Matanuska-Susitna,Alaska,US,62.31305045,-149.5741743,"Matanuska-Susitna, Alaska, US",108317,Americas
USA,Nome,Alaska,US,64.90320724,-164.0353804,"Nome, Alaska, US",10004,Americas
USA,North Slope,Alaska,US,69.31479216,-153.4836093,"North Slope, Alaska, US",9832,Americas
USA,Northwest Arctic,Alaska,US,67.04919196,-159.7503946,"Northwest Arctic, Alaska, US",7621,Americas
USA,Petersburg,Alaska,US,57.13978948,-132.9540995,"Petersburg, Alaska, US",3266,Americas
USA,Prince of Wales-Hyder,Alaska,US,55.76261984,-133.0511621,"Prince of Wales-Hyder, Alaska, US",6203,Americas
USA,Sitka,Alaska,US,57.24124555,-135.3206587,"Sitka, Alaska, US",8493,Americas
USA,Skagway,Alaska,US,59.56149996,-135.3337748,"Skagway, Alaska, US",1183,Americas
USA,Southeast Fairbanks,Alaska,US,63.87692095,-143.2127643,"Southeast Fairbanks, Alaska, US",6893,Americas
USA,Valdez-Cordova,Alaska,US,61.47502768,-144.7126799,"Valdez-Cordova, Alaska, US",9202,Americas
USA,Wrangell,Alaska,US,56.3202004,-132.0583731,"Wrangell, Alaska, US",2502,Americas
USA,Yakutat plus Hoonah-Angoon,Alaska,US,59.8909808,-140.3601451,"Yakutat plus Hoonah-Angoon, Alaska, US",2727,Americas
USA,Yukon-Koyukuk,Alaska,US,65.50815459,-151.3907387,"Yukon-Koyukuk, Alaska, US",5230,Americas
USA,Apache,Arizona,US,35.39465006,-109.4892383,"Apache, Arizona, US",71887,Americas
USA,Cochise,Arizona,US,31.87934684,-109.7516088,"Cochise, Arizona, US",125922,Americas
USA,Coconino,Arizona,US,35.83883429,-111.7707178,"Coconino, Arizona, US",143476,Americas
USA,Gila,Arizona,US,33.80190085,-110.8132779,"Gila, Arizona, US",54018,Americas
USA,Graham,Arizona,US,32.93166885,-109.8882178,"Graham, Arizona, US",38837,Americas
USA,Greenlee,Arizona,US,33.21498827,-109.2405279,"Greenlee, Arizona, US",9498,Americas
USA,La Paz,Arizona,US,33.72854224,-113.9810029,"La Paz, Arizona, US",21108,Americas
USA,Maricopa,Arizona,US,33.34835867,-112.4918154,"Maricopa, Arizona, US",4485414,Americas
USA,Mohave,Arizona,US,35.70471703,-113.7577902,"Mohave, Arizona, US",212181,Americas
USA,Navajo,Arizona,US,35.3997715,-110.3218983,"Navajo, Arizona, US",110924,Americas
USA,Pima,Arizona,US,32.0971334,-111.7890033,"Pima, Arizona, US",1047279,Americas
USA,Pinal,Arizona,US,32.90525627,-111.3449483,"Pinal, Arizona, US",462789,Americas
USA,Santa Cruz,Arizona,US,31.52508998,-110.8479088,"Santa Cruz, Arizona, US",46498,Americas
USA,Yavapai,Arizona,US,34.59933926,-112.5538588,"Yavapai, Arizona, US",235099,Americas
USA,Yuma,Arizona,US,32.76895712,-113.9066674,"Yuma, Arizona, US",213787,Americas
USA,Arkansas,Arkansas,US,34.29145151,-91.37277296,"Arkansas, Arkansas, US",17486,Americas
USA,Ashley,Arkansas,US,33.19153461,-91.7698471,"Ashley, Arkansas, US",19657,Americas
USA,Baxter,Arkansas,US,36.28784385,-92.33782872,"Baxter, Arkansas, US",41932,Americas
USA,Benton,Arkansas,US,36.33644656,-94.25680817,"Benton, Arkansas, US",279141,Americas
USA,Boone,Arkansas,US,36.3084504,-93.09374925,"Boone, Arkansas, US",37432,Americas
USA,Bradley,Arkansas,US,33.46755808,-92.15980837,"Bradley, Arkansas, US",10763,Americas
USA,Calhoun,Arkansas,US,33.55598792,-92.49974403,"Calhoun, Arkansas, US",5189,Americas
USA,Carroll,Arkansas,US,36.3403856,-93.54270261,"Carroll, Arkansas, US",28380,Americas
USA,Chicot,Arkansas,US,33.26458973,-91.29539209,"Chicot, Arkansas, US",10118,Americas
USA,Clark,Arkansas,US,34.04613432,-93.17484713,"Clark, Arkansas, US",22320,Americas
USA,Clay,Arkansas,US,36.36826212,-90.4148172,"Clay, Arkansas, US",14551,Americas
USA,Cleburne,Arkansas,US,35.53864922,-92.02640019,"Cleburne, Arkansas, US",24919,Americas
USA,Cleveland,Arkansas,US,33.89723187,-92.18537045,"Cleveland, Arkansas, US",7956,Americas
USA,Columbia,Arkansas,US,33.21230701,-93.22642793,"Columbia, Arkansas, US",23457,Americas
USA,Conway,Arkansas,US,35.26205537,-92.70506566,"Conway, Arkansas, US",20846,Americas
USA,Craighead,Arkansas,US,35.83018283,-90.63235729,"Craighead, Arkansas, US",110332,Americas
USA,Crawford,Arkansas,US,35.58928601,-94.2446814,"Crawford, Arkansas, US",63257,Americas
USA,Crittenden,Arkansas,US,35.21247318,-90.30839406,"Crittenden, Arkansas, US",47955,Americas
USA,Cross,Arkansas,US,35.29631396,-90.77185818,"Cross, Arkansas, US",16419,Americas
USA,Dallas,Arkansas,US,33.97042763,-92.65167437,"Dallas, Arkansas, US",7009,Americas
USA,Desha,Arkansas,US,33.83011025,-91.25500948,"Desha, Arkansas, US",11361,Americas
USA,Drew,Arkansas,US,33.59035001,-91.71777921,"Drew, Arkansas, US",18219,Americas
USA,Faulkner,Arkansas,US,35.14719007,-92.33717519,"Faulkner, Arkansas, US",126007,Americas
USA,Franklin,Arkansas,US,35.51202821,-93.89299569,"Franklin, Arkansas, US",17715,Americas
USA,Fulton,Arkansas,US,36.38177105,-91.81729127,"Fulton, Arkansas, US",12477,Americas
USA,Garland,Arkansas,US,34.57692074,-93.14921604,"Garland, Arkansas, US",99386,Americas
USA,Grant,Arkansas,US,34.29017991,-92.42320562,"Grant, Arkansas, US",18265,Americas
USA,Greene,Arkansas,US,36.1173546,-90.55832668,"Greene, Arkansas, US",45325,Americas
USA,Hempstead,Arkansas,US,33.73325583,-93.66935133,"Hempstead, Arkansas, US",21532,Americas
USA,Hot Spring,Arkansas,US,34.31709259,-92.95396325,"Hot Spring, Arkansas, US",33771,Americas
USA,Howard,Arkansas,US,34.09007427,-93.9934871,"Howard, Arkansas, US",13202,Americas
USA,Independence,Arkansas,US,35.74242707,-91.57001641,"Independence, Arkansas, US",37825,Americas
USA,Izard,Arkansas,US,36.09604046,-91.90847954,"Izard, Arkansas, US",13629,Americas
USA,Jackson,Arkansas,US,35.59802983,-91.21494602,"Jackson, Arkansas, US",16719,Americas
USA,Jefferson,Arkansas,US,34.26767081,-91.92619839,"Jefferson, Arkansas, US",66824,Americas
USA,Johnson,Arkansas,US,35.56759135,-93.46036368,"Johnson, Arkansas, US",26578,Americas
USA,Lafayette,Arkansas,US,33.24116713,-93.60677071,"Lafayette, Arkansas, US",6624,Americas
USA,Lawrence,Arkansas,US,36.04188196,-91.10867198,"Lawrence, Arkansas, US",16406,Americas
USA,Lee,Arkansas,US,34.78498904,-90.78383866,"Lee, Arkansas, US",8857,Americas
USA,Lincoln,Arkansas,US,33.95317155,-91.74002806,"Lincoln, Arkansas, US",13024,Americas
USA,Little River,Arkansas,US,33.70375665,-94.23468591,"Little River, Arkansas, US",12259,Americas
USA,Logan,Arkansas,US,35.21413234,-93.71951016,"Logan, Arkansas, US",21466,Americas
USA,Lonoke,Arkansas,US,34.75392199,-91.88742357,"Lonoke, Arkansas, US",73309,Americas
USA,Madison,Arkansas,US,36.01038185,-93.72524943,"Madison, Arkansas, US",16576,Americas
USA,Marion,Arkansas,US,36.26844485,-92.68451899,"Marion, Arkansas, US",16694,Americas
USA,Miller,Arkansas,US,33.31403423,-93.89285258,"Miller, Arkansas, US",43257,Americas
USA,Mississippi,Arkansas,US,35.76271485,-90.0519437,"Mississippi, Arkansas, US",40651,Americas
USA,Monroe,Arkansas,US,34.6815935,-91.20540287,"Monroe, Arkansas, US",6701,Americas
USA,Montgomery,Arkansas,US,34.53704874,-93.65824478,"Montgomery, Arkansas, US",8986,Americas
USA,Nevada,Arkansas,US,33.66340119,-93.30632432,"Nevada, Arkansas, US",8252,Americas
USA,Newton,Arkansas,US,35.91947491,-93.21612969,"Newton, Arkansas, US",7753,Americas
USA,Ouachita,Arkansas,US,33.58839816,-92.87795984,"Ouachita, Arkansas, US",23382,Americas
USA,Perry,Arkansas,US,34.9459153,-92.94372564,"Perry, Arkansas, US",10455,Americas
USA,Phillips,Arkansas,US,34.43268455,-90.84800154,"Phillips, Arkansas, US",17782,Americas
USA,Pike,Arkansas,US,34.16250414,-93.65789349,"Pike, Arkansas, US",10718,Americas
USA,Poinsett,Arkansas,US,35.57433534,-90.66268713,"Poinsett, Arkansas, US",23528,Americas
USA,Polk,Arkansas,US,34.48254879,-94.22728802,"Polk, Arkansas, US",19964,Americas
USA,Pope,Arkansas,US,35.44871474,-93.03212219,"Pope, Arkansas, US",64072,Americas
USA,Prairie,Arkansas,US,34.83624419,-91.55162157,"Prairie, Arkansas, US",8062,Americas
USA,Pulaski,Arkansas,US,34.77054088,-92.31355101,"Pulaski, Arkansas, US",391911,Americas
USA,Randolph,Arkansas,US,36.3415714,-91.02455531,"Randolph, Arkansas, US",17958,Americas
USA,St. Francis,Arkansas,US,35.02201976,-90.74828138,"St. Francis, Arkansas, US",24994,Americas
USA,Saline,Arkansas,US,34.64916145,-92.67583224,"Saline, Arkansas, US",122437,Americas
USA,Scott,Arkansas,US,34.85588887,-94.0632176,"Scott, Arkansas, US",10281,Americas
USA,Searcy,Arkansas,US,35.9109364,-92.69936482,"Searcy, Arkansas, US",7881,Americas
USA,Sebastian,Arkansas,US,35.19605503,-94.27162713,"Sebastian, Arkansas, US",127827,Americas
USA,Sevier,Arkansas,US,33.99780401,-94.2424869,"Sevier, Arkansas, US",17007,Americas
USA,Sharp,Arkansas,US,36.16258158,-91.47819342,"Sharp, Arkansas, US",17442,Americas
USA,Stone,Arkansas,US,35.86251946,-92.15684085,"Stone, Arkansas, US",12506,Americas
USA,Union,Arkansas,US,33.16887091,-92.59746952,"Union, Arkansas, US",38682,Americas
USA,Van Buren,Arkansas,US,35.58095779,-92.51295036,"Van Buren, Arkansas, US",16545,Americas
USA,Washington,Arkansas,US,35.976844,-94.21800746,"Washington, Arkansas, US",239187,Americas
USA,White,Arkansas,US,35.25688493,-91.74908296,"White, Arkansas, US",78753,Americas
USA,Woodruff,Arkansas,US,35.18902527,-91.2439489,"Woodruff, Arkansas, US",6320,Americas
USA,Yell,Arkansas,US,35.00292371,-93.41171338,"Yell, Arkansas, US",21341,Americas
USA,Alameda,California,US,37.64629437,-121.8929271,"Alameda, California, US",1671329,Americas
USA,Alpine,California,US,38.59678594,-119.8223594,"Alpine, California, US",1129,Americas
USA,Amador,California,US,38.44583082,-120.65696,"Amador, California, US",39752,Americas
USA,Butte,California,US,39.66727762,-121.6005252,"Butte, California, US",219186,Americas
USA,Calaveras,California,US,38.20537103,-120.552913,"Calaveras, California, US",45905,Americas
USA,Colusa,California,US,39.17881957,-122.2331726,"Colusa, California, US",21547,Americas
USA,Contra Costa,California,US,37.91923498,-121.9289527,"Contra Costa, California, US",1153526,Americas
USA,Del Norte,California,US,41.74228275,-123.8974063,"Del Norte, California, US",27812,Americas
USA,El Dorado,California,US,38.77965956,-120.5233166,"El Dorado, California, US",192843,Americas
USA,Fresno,California,US,36.75733899,-119.6466953,"Fresno, California, US",999101,Americas
USA,Glenn,California,US,39.59875897,-122.3938452,"Glenn, California, US",28393,Americas
USA,Humboldt,California,US,40.69923009,-123.876044,"Humboldt, California, US",135558,Americas
USA,Imperial,California,US,33.0393082,-115.3669042,"Imperial, California, US",181215,Americas
USA,Inyo,California,US,36.51112084,-117.4111978,"Inyo, California, US",18039,Americas
USA,Kern,California,US,35.34329425,-118.7277796,"Kern, California, US",900202,Americas
USA,Kings,California,US,36.07409056,-119.8159973,"Kings, California, US",152940,Americas
USA,Lake,California,US,39.10124298,-122.7536244,"Lake, California, US",64386,Americas
USA,Lassen,California,US,40.67311306,-120.5935099,"Lassen, California, US",30573,Americas
USA,Los Angeles,California,US,34.30828379,-118.2282411,"Los Angeles, California, US",10039107,Americas
USA,Madera,California,US,37.21513971,-119.7665589,"Madera, California, US",157327,Americas
USA,Marin,California,US,38.07122463,-122.7210631,"Marin, California, US",258826,Americas
USA,Mariposa,California,US,37.57978556,-119.9073334,"Mariposa, California, US",17203,Americas
USA,Mendocino,California,US,39.4381191,-123.3911313,"Mendocino, California, US",86749,Americas
USA,Merced,California,US,37.18922369,-120.7209035,"Merced, California, US",277680,Americas
USA,Modoc,California,US,41.58965602,-120.7244817,"Modoc, California, US",8841,Americas
USA,Mono,California,US,37.93899289,-118.8872409,"Mono, California, US",14444,Americas
USA,Monterey,California,US,36.21862405,-121.2413397,"Monterey, California, US",434061,Americas
USA,Napa,California,US,38.50735751,-122.332839,"Napa, California, US",137744,Americas
USA,Nevada,California,US,39.30394768,-120.7627281,"Nevada, California, US",99755,Americas
USA,Orange,California,US,33.70147516,-117.7645998,"Orange, California, US",3175692,Americas
USA,Placer,California,US,39.06167234,-120.7240569,"Placer, California, US",398329,Americas
USA,Plumas,California,US,40.00355989,-120.8395236,"Plumas, California, US",18807,Americas
USA,Riverside,California,US,33.74314981,-115.9933578,"Riverside, California, US",2470546,Americas
USA,Sacramento,California,US,38.45106826,-121.3425374,"Sacramento, California, US",1552058,Americas
USA,San Benito,California,US,36.60308176,-121.069975,"San Benito, California, US",62808,Americas
USA,San Bernardino,California,US,34.84060306,-116.1774685,"San Bernardino, California, US",2180085,Americas
USA,San Diego,California,US,33.03484597,-116.7365326,"San Diego, California, US",3338330,Americas
USA,San Francisco,California,US,37.75215114,-122.4385672,"San Francisco, California, US",881549,Americas
USA,San Joaquin,California,US,37.93433732,-121.2730061,"San Joaquin, California, US",762148,Americas
USA,San Luis Obispo,California,US,35.38822029,-120.4039028,"San Luis Obispo, California, US",283111,Americas
USA,San Mateo,California,US,37.4228808,-122.3275546,"San Mateo, California, US",766573,Americas
USA,Santa Barbara,California,US,34.65329488,-120.0188492,"Santa Barbara, California, US",446499,Americas
USA,Santa Clara,California,US,37.23104908,-121.6970462,"Santa Clara, California, US",1927852,Americas
USA,Santa Cruz,California,US,37.05580291,-122.0066524,"Santa Cruz, California, US",273213,Americas
USA,Shasta,California,US,40.76391419,-122.0396884,"Shasta, California, US",180080,Americas
USA,Sierra,California,US,39.57713498,-120.5200701,"Sierra, California, US",3005,Americas
USA,Siskiyou,California,US,41.59198861,-122.5407434,"Siskiyou, California, US",43539,Americas
USA,Solano,California,US,38.26827353,-121.9357113,"Solano, California, US",447643,Americas
USA,Sonoma,California,US,38.52746429,-122.8862506,"Sonoma, California, US",494336,Americas
USA,Stanislaus,California,US,37.55862499,-120.9970722,"Stanislaus, California, US",550660,Americas
USA,Sutter,California,US,39.03417539,-121.6945899,"Sutter, California, US",96971,Americas
USA,Tehama,California,US,40.12570935,-122.2370171,"Tehama, California, US",65084,Americas
USA,Trinity,California,US,40.6491767,-123.114713,"Trinity, California, US",12285,Americas
USA,Tulare,California,US,36.22026558,-118.8020203,"Tulare, California, US",466195,Americas
USA,Tuolumne,California,US,38.02644018,-119.9525093,"Tuolumne, California, US",54478,Americas
USA,Ventura,California,US,34.44465746,-119.0910613,"Ventura, California, US",846006,Americas
USA,Yolo,California,US,38.68278902,-121.9018288,"Yolo, California, US",220500,Americas
USA,Yuba,California,US,39.26255932,-121.3535644,"Yuba, California, US",78668,Americas
USA,Adams,Colorado,US,39.87432092,-104.3362578,"Adams, Colorado, US",517421,Americas
USA,Alamosa,Colorado,US,37.57250606,-105.7885451,"Alamosa, Colorado, US",16233,Americas
USA,Arapahoe,Colorado,US,39.64977461,-104.3353617,"Arapahoe, Colorado, US",656590,Americas
USA,Archuleta,Colorado,US,37.19474156,-107.0476867,"Archuleta, Colorado, US",14029,Americas
USA,Baca,Colorado,US,37.31940883,-102.5603223,"Baca, Colorado, US",3581,Americas
USA,Bent,Colorado,US,37.95474293,-103.0720195,"Bent, Colorado, US",5577,Americas
USA,Boulder,Colorado,US,40.09313619,-105.3546767,"Boulder, Colorado, US",326196,Americas
USA,Broomfield,Colorado,US,39.95998787,-105.0566324,"Broomfield, Colorado, US",70465,Americas
USA,Chaffee,Colorado,US,38.74745778,-106.1926573,"Chaffee, Colorado, US",20356,Americas
USA,Cheyenne,Colorado,US,38.82777431,-102.6032558,"Cheyenne, Colorado, US",1831,Americas
USA,Clear Creek,Colorado,US,39.68864463,-105.6463118,"Clear Creek, Colorado, US",9700,Americas
USA,Conejos,Colorado,US,37.201606,-106.1917488,"Conejos, Colorado, US",8205,Americas
USA,Costilla,Colorado,US,37.27732493,-105.4276548,"Costilla, Colorado, US",3887,Americas
USA,Crowley,Colorado,US,38.32608609,-103.7844965,"Crowley, Colorado, US",6061,Americas
USA,Custer,Colorado,US,38.10883162,-105.3683478,"Custer, Colorado, US",5068,Americas
USA,Delta,Colorado,US,38.86246243,-107.8631342,"Delta, Colorado, US",31162,Americas
USA,Denver,Colorado,US,39.76018276,-104.8725695,"Denver, Colorado, US",727211,Americas
USA,Dolores,Colorado,US,37.75208676,-108.5211585,"Dolores, Colorado, US",2055,Americas
USA,Douglas,Colorado,US,39.33133796,-104.930001,"Douglas, Colorado, US",351154,Americas
USA,Eagle,Colorado,US,39.62754308,-106.6933637,"Eagle, Colorado, US",55127,Americas
USA,Elbert,Colorado,US,39.28656773,-104.1358721,"Elbert, Colorado, US",26729,Americas
USA,El Paso,Colorado,US,38.83240149,-104.5251411,"El Paso, Colorado, US",720403,Americas
USA,Fremont,Colorado,US,38.47362326,-105.4399667,"Fremont, Colorado, US",47839,Americas
USA,Garfield,Colorado,US,39.59921777,-107.902708,"Garfield, Colorado, US",60061,Americas
USA,Gilpin,Colorado,US,39.85646523,-105.5252597,"Gilpin, Colorado, US",6243,Americas
USA,Grand,Colorado,US,40.10603347,-106.1178042,"Grand, Colorado, US",15734,Americas
USA,Gunnison,Colorado,US,38.66611652,-107.0320729,"Gunnison, Colorado, US",17462,Americas
USA,Hinsdale,Colorado,US,37.82247444,-107.3004345,"Hinsdale, Colorado, US",820,Americas
USA,Huerfano,Colorado,US,37.68473101,-104.9612585,"Huerfano, Colorado, US",6897,Americas
USA,Jackson,Colorado,US,40.6659387,-106.3408905,"Jackson, Colorado, US",1392,Americas
USA,Jefferson,Colorado,US,39.58635604,-105.2517692,"Jefferson, Colorado, US",582881,Americas
USA,Kiowa,Colorado,US,38.43260896,-102.7392145,"Kiowa, Colorado, US",1406,Americas
USA,Kit Carson,Colorado,US,39.30497777,-102.6022199,"Kit Carson, Colorado, US",7097,Americas
USA,Lake,Colorado,US,39.20278823,-106.3555697,"Lake, Colorado, US",8127,Americas
USA,La Plata,Colorado,US,37.28632032,-107.8429014,"La Plata, Colorado, US",56221,Americas
USA,Larimer,Colorado,US,40.66671597,-105.4625784,"Larimer, Colorado, US",356899,Americas
USA,Las Animas,Colorado,US,37.3153406,-104.0376458,"Las Animas, Colorado, US",14506,Americas
USA,Lincoln,Colorado,US,38.98749519,-103.5136649,"Lincoln, Colorado, US",5701,Americas
USA,Logan,Colorado,US,40.7249637,-103.110817,"Logan, Colorado, US",22409,Americas
USA,Mesa,Colorado,US,39.01787888,-108.469799,"Mesa, Colorado, US",154210,Americas
USA,Mineral,Colorado,US,37.66954283,-106.9281698,"Mineral, Colorado, US",769,Americas
USA,Moffat,Colorado,US,40.61810999,-108.2070876,"Moffat, Colorado, US",13283,Americas
USA,Montezuma,Colorado,US,37.33859579,-108.5958857,"Montezuma, Colorado, US",26183,Americas
USA,Montrose,Colorado,US,38.40214114,-108.2639022,"Montrose, Colorado, US",42758,Americas
USA,Morgan,Colorado,US,40.2627981,-103.8093302,"Morgan, Colorado, US",29068,Americas
USA,Otero,Colorado,US,37.9014485,-103.7173385,"Otero, Colorado, US",18278,Americas
USA,Ouray,Colorado,US,38.14717457,-107.7675136,"Ouray, Colorado, US",4952,Americas
USA,Park,Colorado,US,39.120926,-105.7182065,"Park, Colorado, US",18845,Americas
USA,Phillips,Colorado,US,40.59414277,-102.3577703,"Phillips, Colorado, US",4265,Americas
USA,Pitkin,Colorado,US,39.21720112,-106.9310027,"Pitkin, Colorado, US",17767,Americas
USA,Prowers,Colorado,US,37.95544985,-102.3926052,"Prowers, Colorado, US",12172,Americas
USA,Pueblo,Colorado,US,38.17359144,-104.5127437,"Pueblo, Colorado, US",168424,Americas
USA,Rio Blanco,Colorado,US,39.97913541,-108.2179009,"Rio Blanco, Colorado, US",6324,Americas
USA,Rio Grande,Colorado,US,37.5836865,-106.3847838,"Rio Grande, Colorado, US",11267,Americas
USA,Routt,Colorado,US,40.48596505,-106.9905548,"Routt, Colorado, US",25638,Americas
USA,Saguache,Colorado,US,38.08054629,-106.282466,"Saguache, Colorado, US",6824,Americas
USA,San Juan,Colorado,US,37.76248981,-107.6763289,"San Juan, Colorado, US",728,Americas
USA,San Miguel,Colorado,US,38.00450883,-108.4020725,"San Miguel, Colorado, US",8179,Americas
USA,Sedgwick,Colorado,US,40.87595412,-102.3519227,"Sedgwick, Colorado, US",2248,Americas
USA,Summit,Colorado,US,39.63803232,-106.1150762,"Summit, Colorado, US",31011,Americas
USA,Teller,Colorado,US,38.88133511,-105.1614893,"Teller, Colorado, US",25388,Americas
USA,Washington,Colorado,US,39.97015535,-103.202587,"Washington, Colorado, US",4908,Americas
USA,Weld,Colorado,US,40.55499405,-104.3929621,"Weld, Colorado, US",324492,Americas
USA,Yuma,Colorado,US,40.00346839,-102.4258673,"Yuma, Colorado, US",10019,Americas
USA,Fairfield,Connecticut,US,41.26809896,-73.3881171,"Fairfield, Connecticut, US",943332,Americas
USA,Hartford,Connecticut,US,41.80283011,-72.73103891,"Hartford, Connecticut, US",891720,Americas
USA,Litchfield,Connecticut,US,41.7937534,-73.2451475,"Litchfield, Connecticut, US",180333,Americas
USA,Middlesex,Connecticut,US,41.45949668,-72.53714864,"Middlesex, Connecticut, US",162436,Americas
USA,New Haven,Connecticut,US,41.4080325,-72.93620426,"New Haven, Connecticut, US",854757,Americas
USA,New London,Connecticut,US,41.48896435,-72.10430976,"New London, Connecticut, US",265206,Americas
USA,Tolland,Connecticut,US,41.85853803,-72.3308481,"Tolland, Connecticut, US",150721,Americas
USA,Windham,Connecticut,US,41.82972709,-71.98182316,"Windham, Connecticut, US",116782,Americas
USA,Kent,Delaware,US,39.08646628,-75.56884914,"Kent, Delaware, US",180786,Americas
USA,New Castle,Delaware,US,39.57992638,-75.64054974,"New Castle, Delaware, US",558753,Americas
USA,Sussex,Delaware,US,38.66143781,-75.39031349,"Sussex, Delaware, US",234225,Americas
USA,District of Columbia,District of Columbia,US,38.90417773,-77.01655992,"District of Columbia, District of Columbia ,US",705749,Americas
USA,Alachua,Florida,US,29.67866525,-82.35928158,"Alachua, Florida, US",269043,Americas
USA,Baker,Florida,US,30.33060121,-82.28467476,"Baker, Florida, US",29210,Americas
USA,Bay,Florida,US,30.26548745,-85.62122584,"Bay, Florida, US",174705,Americas
USA,Bradford,Florida,US,29.95079741,-82.16611613,"Bradford, Florida, US",28201,Americas
USA,Brevard,Florida,US,28.29409504,-80.73091022,"Brevard, Florida, US",601942,Americas
USA,Broward,Florida,US,26.15184651,-80.48725556,"Broward, Florida, US",1952778,Americas
USA,Calhoun,Florida,US,30.40666734,-85.19394153,"Calhoun, Florida, US",14105,Americas
USA,Charlotte,Florida,US,26.90131002,-81.92949121,"Charlotte, Florida, US",188910,Americas
USA,Citrus,Florida,US,28.84804315,-82.47614748,"Citrus, Florida, US",149657,Americas
USA,Clay,Florida,US,29.98319144,-81.85609986,"Clay, Florida, US",219252,Americas
USA,Collier,Florida,US,26.11091986,-81.34687065,"Collier, Florida, US",384902,Americas
USA,Columbia,Florida,US,30.22509788,-82.62160164,"Columbia, Florida, US",71686,Americas
USA,DeSoto,Florida,US,27.18677893,-81.80941373,"DeSoto, Florida, US",38001,Americas
USA,Dixie,Florida,US,29.60631086,-83.15724673,"Dixie, Florida, US",16826,Americas
USA,Duval,Florida,US,30.33225875,-81.66976468,"Duval, Florida, US",957755,Americas
USA,Escambia,Florida,US,30.67652764,-87.37284571,"Escambia, Florida, US",318316,Americas
USA,Flagler,Florida,US,29.45933576,-81.31508595,"Flagler, Florida, US",115081,Americas
USA,Franklin,Florida,US,29.83791238,-84.82731662,"Franklin, Florida, US",12125,Americas
USA,Gadsden,Florida,US,30.57796289,-84.61915825,"Gadsden, Florida, US",45660,Americas
USA,Gilchrist,Florida,US,29.72856978,-82.79880657,"Gilchrist, Florida, US",18582,Americas
USA,Glades,Florida,US,26.95635849,-81.18996211,"Glades, Florida, US",13811,Americas
USA,Gulf,Florida,US,29.93543004,-85.2427099,"Gulf, Florida, US",13639,Americas
USA,Hamilton,Florida,US,30.49673973,-82.94998918,"Hamilton, Florida, US",14428,Americas
USA,Hardee,Florida,US,27.49293939,-81.80956574,"Hardee, Florida, US",26937,Americas
USA,Hendry,Florida,US,26.55386945,-81.16469006,"Hendry, Florida, US",42022,Americas
USA,Hernando,Florida,US,28.55364461,-82.42700204,"Hernando, Florida, US",193920,Americas
USA,Highlands,Florida,US,27.34254618,-81.34071957,"Highlands, Florida, US",106221,Americas
USA,Hillsborough,Florida,US,27.9276559,-82.32013172,"Hillsborough, Florida, US",1471968,Americas
USA,Holmes,Florida,US,30.86747479,-85.81319222,"Holmes, Florida, US",19617,Americas
USA,Indian River,Florida,US,27.69308961,-80.60556721,"Indian River, Florida, US",159923,Americas
USA,Jackson,Florida,US,30.7954597,-85.21500423,"Jackson, Florida, US",46414,Americas
USA,Jefferson,Florida,US,30.43669112,-83.89442308,"Jefferson, Florida, US",14246,Americas
USA,Lafayette,Florida,US,29.98484137,-83.18166636,"Lafayette, Florida, US",8422,Americas
USA,Lake,Florida,US,28.76202069,-81.7125123,"Lake, Florida, US",367118,Americas
USA,Lee,Florida,US,26.58410348,-81.88399313,"Lee, Florida, US",770577,Americas
USA,Leon,Florida,US,30.45955727,-84.27491114,"Leon, Florida, US",293582,Americas
USA,Levy,Florida,US,29.31829741,-82.74007147,"Levy, Florida, US",41503,Americas
USA,Liberty,Florida,US,30.23766008,-84.8829258,"Liberty, Florida, US",8354,Americas
USA,Madison,Florida,US,30.44396917,-83.47398594,"Madison, Florida, US",18493,Americas
USA,Manatee,Florida,US,27.47196942,-82.31831044,"Manatee, Florida, US",403253,Americas
USA,Marion,Florida,US,29.21227113,-82.05803627,"Marion, Florida, US",365579,Americas
USA,Martin,Florida,US,27.0772071,-80.43109784,"Martin, Florida, US",161000,Americas
USA,Miami-Dade,Florida,US,25.6112362,-80.55170587,"Miami-Dade, Florida, US",2716940,Americas
USA,Monroe,Florida,US,25.20904673,-81.07812416,"Monroe, Florida, US",74228,Americas
USA,Nassau,Florida,US,30.61037141,-81.80297522,"Nassau, Florida, US",88625,Americas
USA,Okaloosa,Florida,US,30.69143028,-86.59267105,"Okaloosa, Florida, US",210738,Americas
USA,Okeechobee,Florida,US,27.3863362,-80.88944347,"Okeechobee, Florida, US",42168,Americas
USA,Orange,Florida,US,28.51367621,-81.31799498,"Orange, Florida, US",1393452,Americas
USA,Osceola,Florida,US,28.06312234,-81.14882926,"Osceola, Florida, US",375751,Americas
USA,Palm Beach,Florida,US,26.64676272,-80.46536002,"Palm Beach, Florida, US",1496770,Americas
USA,Pasco,Florida,US,28.30810945,-82.40227529,"Pasco, Florida, US",553947,Americas
USA,Pinellas,Florida,US,27.93130349,-82.72239666,"Pinellas, Florida, US",974996,Americas
USA,Polk,Florida,US,27.95027105,-81.69732947,"Polk, Florida, US",724777,Americas
USA,Putnam,Florida,US,29.60779729,-81.74230285,"Putnam, Florida, US",74521,Americas
USA,St. Johns,Florida,US,29.90096506,-81.43589967,"St. Johns, Florida, US",264672,Americas
USA,St. Lucie,Florida,US,27.37763908,-80.47106649,"St. Lucie, Florida, US",328297,Americas
USA,Santa Rosa,Florida,US,30.6934145,-87.02458128,"Santa Rosa, Florida, US",184313,Americas
USA,Sarasota,Florida,US,27.18546175,-82.33174248,"Sarasota, Florida, US",433742,Americas
USA,Seminole,Florida,US,28.7158582,-81.24060348,"Seminole, Florida, US",471826,Americas
USA,Sumter,Florida,US,28.70181754,-82.0794267,"Sumter, Florida, US",132420,Americas
USA,Suwannee,Florida,US,30.19746066,-82.9909967,"Suwannee, Florida, US",44417,Americas
USA,Taylor,Florida,US,30.04848048,-83.60445406,"Taylor, Florida, US",21569,Americas
USA,Union,Florida,US,30.04412971,-82.37497443,"Union, Florida, US",15237,Americas
USA,Volusia,Florida,US,29.05858895,-81.18263252,"Volusia, Florida, US",553284,Americas
USA,Wakulla,Florida,US,30.16548905,-84.39895211,"Wakulla, Florida, US",33739,Americas
USA,Walton,Florida,US,30.64204028,-86.16935664,"Walton, Florida, US",74071,Americas
USA,Washington,Florida,US,30.61359259,-85.66002461,"Washington, Florida, US",25473,Americas
USA,Appling,Georgia,US,31.74847232,-82.28909114,"Appling, Georgia, US",18386,Americas
USA,Atkinson,Georgia,US,31.29633502,-82.87545866,"Atkinson, Georgia, US",8165,Americas
USA,Bacon,Georgia,US,31.55456473,-82.45936528,"Bacon, Georgia, US",11164,Americas
USA,Baker,Georgia,US,31.32669878,-84.44218806,"Baker, Georgia, US",3038,Americas
USA,Baldwin,Georgia,US,33.06882326,-83.24701748,"Baldwin, Georgia, US",44890,Americas
USA,Banks,Georgia,US,34.35607081,-83.49644388,"Banks, Georgia, US",19234,Americas
USA,Barrow,Georgia,US,33.99148694,-83.71436292,"Barrow, Georgia, US",83240,Americas
USA,Bartow,Georgia,US,34.23732119,-84.83887523,"Bartow, Georgia, US",107738,Americas
USA,Ben Hill,Georgia,US,31.76095874,-83.22145359,"Ben Hill, Georgia, US",16700,Americas
USA,Berrien,Georgia,US,31.27590016,-83.2252992,"Berrien, Georgia, US",19397,Americas
USA,Bibb,Georgia,US,32.80904227,-83.70489165,"Bibb, Georgia, US",153159,Americas
USA,Bleckley,Georgia,US,32.43829035,-83.33035166,"Bleckley, Georgia, US",12873,Americas
USA,Brantley,Georgia,US,31.19576557,-81.97743999,"Brantley, Georgia, US",19109,Americas
USA,Brooks,Georgia,US,30.83922642,-83.58303423,"Brooks, Georgia, US",15457,Americas
USA,Bryan,Georgia,US,32.00979311,-81.44002948,"Bryan, Georgia, US",39627,Americas
USA,Bulloch,Georgia,US,32.39577406,-81.74811421,"Bulloch, Georgia, US",79608,Americas
USA,Burke,Georgia,US,33.05917989,-81.99928721,"Burke, Georgia, US",22383,Americas
USA,Butts,Georgia,US,33.2830945,-83.9543504,"Butts, Georgia, US",24936,Americas
USA,Calhoun,Georgia,US,31.53169785,-84.62725131,"Calhoun, Georgia, US",6189,Americas
USA,Camden,Georgia,US,30.92951916,-81.66601818,"Camden, Georgia, US",54666,Americas
USA,Candler,Georgia,US,32.40209349,-82.07702563,"Candler, Georgia, US",10803,Americas
USA,Carroll,Georgia,US,33.58138199,-85.07976677,"Carroll, Georgia, US",119992,Americas
USA,Catoosa,Georgia,US,34.89872298,-85.13757014,"Catoosa, Georgia, US",67580,Americas
USA,Charlton,Georgia,US,30.78371028,-82.13951596,"Charlton, Georgia, US",13392,Americas
USA,Chatham,Georgia,US,32.00043026,-81.12489526,"Chatham, Georgia, US",289430,Americas
USA,Chattahoochee,Georgia,US,32.34341231,-84.78809239,"Chattahoochee, Georgia, US",10907,Americas
USA,Chattooga,Georgia,US,34.47197698,-85.34535662,"Chattooga, Georgia, US",24789,Americas
USA,Cherokee,Georgia,US,34.24393976,-84.47431861,"Cherokee, Georgia, US",258773,Americas
USA,Clarke,Georgia,US,33.95436462,-83.37124007,"Clarke, Georgia, US",128331,Americas
USA,Clay,Georgia,US,31.62221166,-84.97713865,"Clay, Georgia, US",2834,Americas
USA,Clayton,Georgia,US,33.54187245,-84.35594188,"Clayton, Georgia, US",292256,Americas
USA,Clinch,Georgia,US,30.91395822,-82.70432472,"Clinch, Georgia, US",6618,Americas
USA,Cobb,Georgia,US,33.94243204,-84.5761255,"Cobb, Georgia, US",760141,Americas
USA,Coffee,Georgia,US,31.54892966,-82.8549206,"Coffee, Georgia, US",43273,Americas
USA,Colquitt,Georgia,US,31.18810588,-83.7677946,"Colquitt, Georgia, US",45600,Americas
USA,Columbia,Georgia,US,33.54534185,-82.263524,"Columbia, Georgia, US",156714,Americas
USA,Cook,Georgia,US,31.16068491,-83.42947229,"Cook, Georgia, US",17270,Americas
USA,Coweta,Georgia,US,33.35334302,-84.76129976,"Coweta, Georgia, US",148509,Americas
USA,Crawford,Georgia,US,32.71391813,-83.98061238,"Crawford, Georgia, US",12404,Americas
USA,Crisp,Georgia,US,31.92289565,-83.76811843,"Crisp, Georgia, US",22372,Americas
USA,Dade,Georgia,US,34.8549167,-85.50490424,"Dade, Georgia, US",16116,Americas
USA,Dawson,Georgia,US,34.44244079,-84.16964071,"Dawson, Georgia, US",26108,Americas
USA,Decatur,Georgia,US,30.87967778,-84.57619536,"Decatur, Georgia, US",26404,Americas
USA,DeKalb,Georgia,US,33.76944049,-84.22396017,"DeKalb, Georgia, US",759297,Americas
USA,Dodge,Georgia,US,32.17265114,-83.16948926,"Dodge, Georgia, US",20605,Americas
USA,Dooly,Georgia,US,32.15630737,-83.79746561,"Dooly, Georgia, US",13390,Americas
USA,Dougherty,Georgia,US,31.53328528,-84.21722377,"Dougherty, Georgia, US",87956,Americas
USA,Douglas,Georgia,US,33.70291126,-84.77026156,"Douglas, Georgia, US",146343,Americas
USA,Early,Georgia,US,31.32155345,-84.90255207,"Early, Georgia, US",10190,Americas
USA,Echols,Georgia,US,30.71101099,-82.89687287,"Echols, Georgia, US",4006,Americas
USA,Effingham,Georgia,US,32.36616021,-81.34280942,"Effingham, Georgia, US",64296,Americas
USA,Elbert,Georgia,US,34.11302332,-82.83936148,"Elbert, Georgia, US",19194,Americas
USA,Emanuel,Georgia,US,32.59221302,-82.30239915,"Emanuel, Georgia, US",22646,Americas
USA,Evans,Georgia,US,32.15328841,-81.8870105,"Evans, Georgia, US",10654,Americas
USA,Fannin,Georgia,US,34.86430205,-84.316964,"Fannin, Georgia, US",26188,Americas
USA,Fayette,Georgia,US,33.41357794,-84.49089434,"Fayette, Georgia, US",114421,Americas
USA,Floyd,Georgia,US,34.26268279,-85.21577392,"Floyd, Georgia, US",98498,Americas
USA,Forsyth,Georgia,US,34.22604035,-84.1231513,"Forsyth, Georgia, US",244252,Americas
USA,Franklin,Georgia,US,34.37525597,-83.23159927,"Franklin, Georgia, US",23349,Americas
USA,Fulton,Georgia,US,33.79216944,-84.46319413,"Fulton, Georgia, US",1063937,Americas
USA,Gilmer,Georgia,US,34.69316688,-84.45802506,"Gilmer, Georgia, US",31369,Americas
USA,Glascock,Georgia,US,33.22879932,-82.61297636,"Glascock, Georgia, US",2971,Americas
USA,Glynn,Georgia,US,31.23279254,-81.53811412,"Glynn, Georgia, US",85292,Americas
USA,Gordon,Georgia,US,34.50487351,-84.87296253,"Gordon, Georgia, US",57963,Americas
USA,Grady,Georgia,US,30.87454847,-84.23418364,"Grady, Georgia, US",24633,Americas
USA,Greene,Georgia,US,33.5769205,-83.17139104,"Greene, Georgia, US",18324,Americas
USA,Gwinnett,Georgia,US,33.96044201,-84.02137802,"Gwinnett, Georgia, US",936250,Americas
USA,Habersham,Georgia,US,34.63331566,-83.53094677,"Habersham, Georgia, US",45328,Americas
USA,Hall,Georgia,US,34.32207823,-83.81896936,"Hall, Georgia, US",204441,Americas
USA,Hancock,Georgia,US,33.2721566,-82.99766919,"Hancock, Georgia, US",8457,Americas
USA,Haralson,Georgia,US,33.79602175,-85.21005667,"Haralson, Georgia, US",29792,Americas
USA,Harris,Georgia,US,32.73709786,-84.90538572,"Harris, Georgia, US",35236,Americas
USA,Hart,Georgia,US,34.34626973,-82.96567682,"Hart, Georgia, US",26205,Americas
USA,Heard,Georgia,US,33.29686567,-85.12886832,"Heard, Georgia, US",11923,Americas
USA,Henry,Georgia,US,33.4533428,-84.1481466,"Henry, Georgia, US",234561,Americas
USA,Houston,Georgia,US,32.45802497,-83.66879087,"Houston, Georgia, US",157863,Americas
USA,Irwin,Georgia,US,31.60213036,-83.27501387,"Irwin, Georgia, US",9416,Americas
USA,Jackson,Georgia,US,34.13794553,-83.56814788,"Jackson, Georgia, US",72977,Americas
USA,Jasper,Georgia,US,33.31535543,-83.68844964,"Jasper, Georgia, US",14219,Americas
USA,Jeff Davis,Georgia,US,31.80405727,-82.6372487,"Jeff Davis, Georgia, US",15115,Americas
USA,Jefferson,Georgia,US,33.05867328,-82.41609057,"Jefferson, Georgia, US",15362,Americas
USA,Jenkins,Georgia,US,32.79248718,-81.96040187,"Jenkins, Georgia, US",8676,Americas
USA,Johnson,Georgia,US,32.70211082,-82.66166794,"Johnson, Georgia, US",9643,Americas
USA,Jones,Georgia,US,33.02512137,-83.56019163,"Jones, Georgia, US",28735,Americas
USA,Lamar,Georgia,US,33.07841647,-84.14263877,"Lamar, Georgia, US",19077,Americas
USA,Lanier,Georgia,US,31.0382857,-83.06472457,"Lanier, Georgia, US",10423,Americas
USA,Laurens,Georgia,US,32.46325233,-82.92221316,"Laurens, Georgia, US",47546,Americas
USA,Lee,Georgia,US,31.7793306,-84.14324253,"Lee, Georgia, US",29992,Americas
USA,Liberty,Georgia,US,31.82588896,-81.49251135,"Liberty, Georgia, US",61435,Americas
USA,Lincoln,Georgia,US,33.79201475,-82.45024131,"Lincoln, Georgia, US",7921,Americas
USA,Long,Georgia,US,31.75218791,-81.74952375,"Long, Georgia, US",19559,Americas
USA,Lowndes,Georgia,US,30.83568832,-83.27056716,"Lowndes, Georgia, US",117406,Americas
USA,Lumpkin,Georgia,US,34.57286511,-84.00425681,"Lumpkin, Georgia, US",33610,Americas
USA,McDuffie,Georgia,US,33.47851918,-82.48252774,"McDuffie, Georgia, US",21312,Americas
USA,McIntosh,Georgia,US,31.49683595,-81.40163426,"McIntosh, Georgia, US",14378,Americas
USA,Macon,Georgia,US,32.35207048,-84.04234127,"Macon, Georgia, US",12947,Americas
USA,Madison,Georgia,US,34.12920917,-83.21218732,"Madison, Georgia, US",29880,Americas
USA,Marion,Georgia,US,32.3483402,-84.52733571,"Marion, Georgia, US",8359,Americas
USA,Meriwether,Georgia,US,33.04163534,-84.68859732,"Meriwether, Georgia, US",21167,Americas
USA,Miller,Georgia,US,31.16568912,-84.73151117,"Miller, Georgia, US",5718,Americas
USA,Mitchell,Georgia,US,31.22483255,-84.19381821,"Mitchell, Georgia, US",21863,Americas
USA,Monroe,Georgia,US,33.014289,-83.92097166,"Monroe, Georgia, US",27578,Americas
USA,Montgomery,Georgia,US,32.17201038,-82.53527476,"Montgomery, Georgia, US",9172,Americas
USA,Morgan,Georgia,US,33.59232073,-83.49129491,"Morgan, Georgia, US",19276,Americas
USA,Murray,Georgia,US,34.78897608,-84.74993177,"Murray, Georgia, US",40096,Americas
USA,Muscogee,Georgia,US,32.50931999,-84.87142262,"Muscogee, Georgia, US",195769,Americas
USA,Newton,Georgia,US,33.55514538,-83.8454714,"Newton, Georgia, US",111744,Americas
USA,Oconee,Georgia,US,33.83749973,-83.43679568,"Oconee, Georgia, US",40280,Americas
USA,Oglethorpe,Georgia,US,33.8786296,-83.08278123,"Oglethorpe, Georgia, US",15259,Americas
USA,Paulding,Georgia,US,33.91969522,-84.86848792,"Paulding, Georgia, US",168667,Americas
USA,Peach,Georgia,US,32.56934316,-83.82937,"Peach, Georgia, US",27546,Americas
USA,Pickens,Georgia,US,34.46589159,-84.46406611,"Pickens, Georgia, US",32591,Americas
USA,Pierce,Georgia,US,31.35928155,-82.21598442,"Pierce, Georgia, US",19465,Americas
USA,Pike,Georgia,US,33.09310242,-84.38790389,"Pike, Georgia, US",18962,Americas
USA,Polk,Georgia,US,34.00267074,-85.18677781,"Polk, Georgia, US",42613,Americas
USA,Pulaski,Georgia,US,32.23334561,-83.4754996,"Pulaski, Georgia, US",11137,Americas
USA,Putnam,Georgia,US,33.32056115,-83.37552891,"Putnam, Georgia, US",22119,Americas
USA,Quitman,Georgia,US,31.86728114,-85.01773177,"Quitman, Georgia, US",2299,Americas
USA,Rabun,Georgia,US,34.88389445,-83.40304637,"Rabun, Georgia, US",17137,Americas
USA,Randolph,Georgia,US,31.76622818,-84.75732369,"Randolph, Georgia, US",6778,Americas
USA,Richmond,Georgia,US,33.35777107,-82.07026432,"Richmond, Georgia, US",202518,Americas
USA,Rockdale,Georgia,US,33.65145002,-84.02202167,"Rockdale, Georgia, US",90896,Americas
USA,Schley,Georgia,US,32.2654021,-84.31258912,"Schley, Georgia, US",5257,Americas
USA,Screven,Georgia,US,32.74976524,-81.60779441,"Screven, Georgia, US",13966,Americas
USA,Seminole,Georgia,US,30.93464824,-84.86823924,"Seminole, Georgia, US",8090,Americas
USA,Spalding,Georgia,US,33.26310031,-84.28013991,"Spalding, Georgia, US",66703,Americas
USA,Stephens,Georgia,US,34.55151201,-83.29405315,"Stephens, Georgia, US",25925,Americas
USA,Stewart,Georgia,US,32.07996777,-84.83208037,"Stewart, Georgia, US",6621,Americas
USA,Sumter,Georgia,US,32.03650571,-84.19821492,"Sumter, Georgia, US",29524,Americas
USA,Talbot,Georgia,US,32.69642758,-84.53351366,"Talbot, Georgia, US",6195,Americas
USA,Taliaferro,Georgia,US,33.56543317,-82.88136816,"Taliaferro, Georgia, US",1537,Americas
USA,Tattnall,Georgia,US,32.04785085,-82.05539188,"Tattnall, Georgia, US",25286,Americas
USA,Taylor,Georgia,US,32.55792548,-84.25077141,"Taylor, Georgia, US",8020,Americas
USA,Telfair,Georgia,US,31.92829517,-82.93491155,"Telfair, Georgia, US",15860,Americas
USA,Terrell,Georgia,US,31.77527543,-84.44069698,"Terrell, Georgia, US",8531,Americas
USA,Thomas,Georgia,US,30.86392347,-83.91847289,"Thomas, Georgia, US",44451,Americas
USA,Tift,Georgia,US,31.45743864,-83.5236119,"Tift, Georgia, US",40644,Americas
USA,Toombs,Georgia,US,32.12059861,-82.32957247,"Toombs, Georgia, US",26830,Americas
USA,Towns,Georgia,US,34.91369188,-83.7410746,"Towns, Georgia, US",12037,Americas
USA,Treutlen,Georgia,US,32.40422134,-82.56904553,"Treutlen, Georgia, US",6901,Americas
USA,Troup,Georgia,US,33.03349196,-85.02812115,"Troup, Georgia, US",69922,Americas
USA,Turner,Georgia,US,31.71612656,-83.62069378,"Turner, Georgia, US",7985,Americas
USA,Twiggs,Georgia,US,32.67435595,-83.43078662,"Twiggs, Georgia, US",8120,Americas
USA,Union,Georgia,US,34.82995757,-83.98967069,"Union, Georgia, US",24511,Americas
USA,Upson,Georgia,US,32.87920671,-84.30024826,"Upson, Georgia, US",26320,Americas
USA,Walker,Georgia,US,34.73376362,-85.30165174,"Walker, Georgia, US",69761,Americas
USA,Walton,Georgia,US,33.78017694,-83.73552314,"Walton, Georgia, US",94593,Americas
USA,Ware,Georgia,US,31.05449097,-82.42224148,"Ware, Georgia, US",35734,Americas
USA,Warren,Georgia,US,33.41146451,-82.67795848,"Warren, Georgia, US",5254,Americas
USA,Washington,Georgia,US,32.96711864,-82.79357039,"Washington, Georgia, US",20374,Americas
USA,Wayne,Georgia,US,31.5521809,-81.91894878,"Wayne, Georgia, US",29927,Americas
USA,Webster,Georgia,US,32.04066113,-84.54742852,"Webster, Georgia, US",2607,Americas
USA,Wheeler,Georgia,US,32.12009104,-82.72574721,"Wheeler, Georgia, US",7855,Americas
USA,White,Georgia,US,34.64624278,-83.74905525,"White, Georgia, US",30798,Americas
USA,Whitfield,Georgia,US,34.80987459,-84.96093476,"Whitfield, Georgia, US",104628,Americas
USA,Wilcox,Georgia,US,31.97496928,-83.43438555,"Wilcox, Georgia, US",8635,Americas
USA,Wilkes,Georgia,US,33.78290391,-82.74286107,"Wilkes, Georgia, US",9777,Americas
USA,Wilkinson,Georgia,US,32.80291082,-83.17140684,"Wilkinson, Georgia, US",8954,Americas
USA,Worth,Georgia,US,31.55162306,-83.85090513,"Worth, Georgia, US",20247,Americas
USA,Hawaii,Hawaii,US,19.60121157,-155.5210167,"Hawaii, Hawaii, US",201513,Americas
USA,Honolulu,Hawaii,US,21.45803166,-157.9712182,"Honolulu, Hawaii, US",974563,Americas
USA,Kalawao,Hawaii,US,21.17882515,-156.9583592,"Kalawao, Hawaii, US",86,Americas
USA,Kauai,Hawaii,US,22.03935037,-159.5966786,"Kauai, Hawaii, US",72293,Americas
USA,Maui,Hawaii,US,20.86399628,-156.5689097,"Maui, Hawaii, US",167417,Americas
USA,Ada,Idaho,US,43.4526575,-116.2415516,"Ada, Idaho, US",481587,Americas
USA,Adams,Idaho,US,44.89333571,-116.4545247,"Adams, Idaho, US",4294,Americas
USA,Bannock,Idaho,US,42.67002716,-112.2233311,"Bannock, Idaho, US",87808,Americas
USA,Bear Lake,Idaho,US,42.28269683,-111.3289238,"Bear Lake, Idaho, US",6125,Americas
USA,Benewah,Idaho,US,47.21754179,-116.6586851,"Benewah, Idaho, US",9298,Americas
USA,Bingham,Idaho,US,43.2167288,-112.3978437,"Bingham, Idaho, US",46811,Americas
USA,Blaine,Idaho,US,43.4085812,-113.9752658,"Blaine, Idaho, US",23021,Americas
USA,Boise,Idaho,US,43.98829931,-115.7309284,"Boise, Idaho, US",7831,Americas
USA,Bonner,Idaho,US,48.29996017,-116.6017932,"Bonner, Idaho, US",45739,Americas
USA,Bonneville,Idaho,US,43.38713372,-111.6161537,"Bonneville, Idaho, US",119062,Americas
USA,Boundary,Idaho,US,48.76684761,-116.4630179,"Boundary, Idaho, US",12245,Americas
USA,Butte,Idaho,US,43.72592209,-113.1735463,"Butte, Idaho, US",2597,Americas
USA,Camas,Idaho,US,43.46665742,-114.8065892,"Camas, Idaho, US",1106,Americas
USA,Canyon,Idaho,US,43.61970148,-116.7095499,"Canyon, Idaho, US",229849,Americas
USA,Caribou,Idaho,US,42.77149116,-111.5597683,"Caribou, Idaho, US",7155,Americas
USA,Cassia,Idaho,US,42.28347888,-113.6012409,"Cassia, Idaho, US",24030,Americas
USA,Clark,Idaho,US,44.28496071,-112.3505704,"Clark, Idaho, US",845,Americas
USA,Clearwater,Idaho,US,46.67459924,-115.6622393,"Clearwater, Idaho, US",8756,Americas
USA,Custer,Idaho,US,44.24186819,-114.2855494,"Custer, Idaho, US",4315,Americas
USA,Elmore,Idaho,US,43.3507101,-115.4701578,"Elmore, Idaho, US",27511,Americas
USA,Franklin,Idaho,US,42.18332217,-111.8149666,"Franklin, Idaho, US",13876,Americas
USA,Fremont,Idaho,US,44.22800938,-111.4809943,"Fremont, Idaho, US",13099,Americas
USA,Gem,Idaho,US,44.06482372,-116.398376,"Gem, Idaho, US",18112,Americas
USA,Gooding,Idaho,US,42.96927962,-114.8108306,"Gooding, Idaho, US",15179,Americas
USA,Idaho,Idaho,US,45.84721541,-115.4634436,"Idaho, Idaho, US",16667,Americas
USA,Jefferson,Idaho,US,43.82078483,-112.3131749,"Jefferson, Idaho, US",29871,Americas
USA,Jerome,Idaho,US,42.68891267,-114.2655033,"Jerome, Idaho, US",24412,Americas
USA,Kootenai,Idaho,US,47.67282258,-116.7020872,"Kootenai, Idaho, US",165697,Americas
USA,Latah,Idaho,US,46.81587887,-116.7113698,"Latah, Idaho, US",40108,Americas
USA,Lemhi,Idaho,US,44.9438088,-113.9309747,"Lemhi, Idaho, US",8027,Americas
USA,Lewis,Idaho,US,46.23315327,-116.434146,"Lewis, Idaho, US",3838,Americas
USA,Lincoln,Idaho,US,43.0012336,-114.1358773,"Lincoln, Idaho, US",5366,Americas
USA,Madison,Idaho,US,43.78141028,-111.6538474,"Madison, Idaho, US",39907,Americas
USA,Minidoka,Idaho,US,42.85518524,-113.6357257,"Minidoka, Idaho, US",21039,Americas
USA,Nez Perce,Idaho,US,46.32638236,-116.7500975,"Nez Perce, Idaho, US",40408,Americas
USA,Oneida,Idaho,US,42.1949428,-112.5407838,"Oneida, Idaho, US",4531,Americas
USA,Owyhee,Idaho,US,42.58016894,-116.1693871,"Owyhee, Idaho, US",11823,Americas
USA,Payette,Idaho,US,44.00545243,-116.7647695,"Payette, Idaho, US",23951,Americas
USA,Power,Idaho,US,42.69254894,-112.8395742,"Power, Idaho, US",7681,Americas
USA,Shoshone,Idaho,US,47.35364087,-115.8916749,"Shoshone, Idaho, US",12882,Americas
USA,Teton,Idaho,US,43.75303583,-111.2056773,"Teton, Idaho, US",12142,Americas
USA,Twin Falls,Idaho,US,42.35440512,-114.6685381,"Twin Falls, Idaho, US",86878,Americas
USA,Valley,Idaho,US,44.76728382,-115.5676773,"Valley, Idaho, US",11392,Americas
USA,Washington,Idaho,US,44.45275475,-116.7847688,"Washington, Idaho, US",10194,Americas
USA,Adams,Illinois,US,39.98815591,-91.18786813,"Adams, Illinois, US",65435,Americas
USA,Alexander,Illinois,US,37.18049267,-89.32910838,"Alexander, Illinois, US",5761,Americas
USA,Bond,Illinois,US,38.88829622,-89.43534887,"Bond, Illinois, US",16426,Americas
USA,Boone,Illinois,US,42.32359279,-88.82345779,"Boone, Illinois, US",53544,Americas
USA,Brown,Illinois,US,39.96209138,-90.75068024,"Brown, Illinois, US",6578,Americas
USA,Bureau,Illinois,US,41.40385234,-89.5283051,"Bureau, Illinois, US",32628,Americas
USA,Calhoun,Illinois,US,39.16840183,-90.66330078,"Calhoun, Illinois, US",4739,Americas
USA,Carroll,Illinois,US,42.06823429,-89.93395545,"Carroll, Illinois, US",14305,Americas
USA,Cass,Illinois,US,39.96991073,-90.24734436,"Cass, Illinois, US",12147,Americas
USA,Champaign,Illinois,US,40.13919438,-88.20046615,"Champaign, Illinois, US",209689,Americas
USA,Christian,Illinois,US,39.54581621,-89.27780482,"Christian, Illinois, US",32304,Americas
USA,Clark,Illinois,US,39.33425789,-87.78705622,"Clark, Illinois, US",15441,Americas
USA,Clay,Illinois,US,38.75388572,-88.48914513,"Clay, Illinois, US",13184,Americas
USA,Clinton,Illinois,US,38.60704876,-89.42385254,"Clinton, Illinois, US",37562,Americas
USA,Coles,Illinois,US,39.51949084,-88.22358557,"Coles, Illinois, US",50621,Americas
USA,Cook,Illinois,US,41.84144849,-87.81658794,"Cook, Illinois, US",5150233,Americas
USA,Crawford,Illinois,US,39.0032229,-87.75954624,"Crawford, Illinois, US",18667,Americas
USA,Cumberland,Illinois,US,39.27432424,-88.2401158,"Cumberland, Illinois, US",10766,Americas
USA,DeKalb,Illinois,US,41.89373302,-88.76958483,"DeKalb, Illinois, US",104897,Americas
USA,De Witt,Illinois,US,40.17514519,-88.90959682,"De Witt, Illinois, US",15638,Americas
USA,Douglas,Illinois,US,39.76768052,-88.21854195,"Douglas, Illinois, US",19465,Americas
USA,DuPage,Illinois,US,41.85116968,-88.08642662,"DuPage, Illinois, US",922921,Americas
USA,Edgar,Illinois,US,39.6809186,-87.74759563,"Edgar, Illinois, US",17161,Americas
USA,Edwards,Illinois,US,38.41353228,-88.05720863,"Edwards, Illinois, US",6395,Americas
USA,Effingham,Illinois,US,39.05935711,-88.58969584,"Effingham, Illinois, US",34008,Americas
USA,Fayette,Illinois,US,39.00072038,-89.02452658,"Fayette, Illinois, US",21336,Americas
USA,Ford,Illinois,US,40.59706922,-88.22350769,"Ford, Illinois, US",12961,Americas
USA,Franklin,Illinois,US,37.99189086,-88.92567818,"Franklin, Illinois, US",38469,Americas
USA,Fulton,Illinois,US,40.47289135,-90.20862357,"Fulton, Illinois, US",34340,Americas
USA,Gallatin,Illinois,US,37.76430935,-88.22953869,"Gallatin, Illinois, US",4828,Americas
USA,Greene,Illinois,US,39.35907414,-90.388865,"Greene, Illinois, US",12969,Americas
USA,Grundy,Illinois,US,41.28569601,-88.41905692,"Grundy, Illinois, US",51054,Americas
USA,Hamilton,Illinois,US,38.08163641,-88.53883373,"Hamilton, Illinois, US",8116,Americas
USA,Hancock,Illinois,US,40.40423981,-91.16313899,"Hancock, Illinois, US",17708,Americas
USA,Hardin,Illinois,US,37.51810645,-88.26873022,"Hardin, Illinois, US",3821,Americas
USA,Henderson,Illinois,US,40.81908672,-90.92491462,"Henderson, Illinois, US",6646,Americas
USA,Henry,Illinois,US,41.3533994,-90.13296166,"Henry, Illinois, US",48913,Americas
USA,Iroquois,Illinois,US,40.74717633,-87.82466784,"Iroquois, Illinois, US",27114,Americas
USA,Jackson,Illinois,US,37.78595185,-89.38232563,"Jackson, Illinois, US",56750,Americas
USA,Jasper,Illinois,US,39.01054275,-88.15437049,"Jasper, Illinois, US",9610,Americas
USA,Jefferson,Illinois,US,38.29980057,-88.9240025,"Jefferson, Illinois, US",37684,Americas
USA,Jersey,Illinois,US,39.08869046,-90.35393073,"Jersey, Illinois, US",21773,Americas
USA,Jo Daviess,Illinois,US,42.36542373,-90.21094405,"Jo Daviess, Illinois, US",21235,Americas
USA,Johnson,Illinois,US,37.45939802,-88.88165419,"Johnson, Illinois, US",12417,Americas
USA,Kane,Illinois,US,41.93842729,-88.42861412,"Kane, Illinois, US",532403,Americas
USA,Kankakee,Illinois,US,41.13746989,-87.86205334,"Kankakee, Illinois, US",109862,Americas
USA,Kendall,Illinois,US,41.59081014,-88.42869583,"Kendall, Illinois, US",128990,Americas
USA,Knox,Illinois,US,40.93148779,-90.2133034,"Knox, Illinois, US",49699,Americas
USA,Lake,Illinois,US,42.3224907,-88.00367925,"Lake, Illinois, US",696535,Americas
USA,LaSalle,Illinois,US,41.3442613,-88.88633881,"LaSalle, Illinois, US",108669,Americas
USA,Lawrence,Illinois,US,38.71987914,-87.72884035,"Lawrence, Illinois, US",15678,Americas
USA,Lee,Illinois,US,41.74583951,-89.29977132,"Lee, Illinois, US",34096,Americas
USA,Livingston,Illinois,US,40.89188292,-88.55784752,"Livingston, Illinois, US",35648,Americas
USA,Logan,Illinois,US,40.12581572,-89.36638784,"Logan, Illinois, US",28618,Americas
USA,McDonough,Illinois,US,40.45674722,-90.67775541,"McDonough, Illinois, US",29682,Americas
USA,McHenry,Illinois,US,42.32451172,-88.45248227,"McHenry, Illinois, US",307774,Americas
USA,McLean,Illinois,US,40.48996987,-88.84621113,"McLean, Illinois, US",171517,Americas
USA,Macon,Illinois,US,39.86064913,-88.96342505,"Macon, Illinois, US",104009,Americas
USA,Macoupin,Illinois,US,39.26119767,-89.92424028,"Macoupin, Illinois, US",44926,Americas
USA,Madison,Illinois,US,38.83042506,-89.90422563,"Madison, Illinois, US",262966,Americas
USA,Marion,Illinois,US,38.64963204,-88.91899208,"Marion, Illinois, US",37205,Americas
USA,Marshall,Illinois,US,41.0327901,-89.34510444,"Marshall, Illinois, US",11438,Americas
USA,Mason,Illinois,US,40.23917274,-89.91824452,"Mason, Illinois, US",13359,Americas
USA,Massac,Illinois,US,37.22078441,-88.71036614,"Massac, Illinois, US",13772,Americas
USA,Menard,Illinois,US,40.02742725,-89.80246001,"Menard, Illinois, US",12196,Americas
USA,Mercer,Illinois,US,41.20596782,-90.74290052,"Mercer, Illinois, US",15437,Americas
USA,Monroe,Illinois,US,38.27594376,-90.17761038,"Monroe, Illinois, US",34637,Americas
USA,Montgomery,Illinois,US,39.23198845,-89.47809254,"Montgomery, Illinois, US",28414,Americas
USA,Morgan,Illinois,US,39.71654544,-90.20255104,"Morgan, Illinois, US",33658,Americas
USA,Moultrie,Illinois,US,39.64187451,-88.62099969,"Moultrie, Illinois, US",14501,Americas
USA,Ogle,Illinois,US,42.04165196,-89.32184679,"Ogle, Illinois, US",50643,Americas
USA,Peoria,Illinois,US,40.78702156,-89.76078901,"Peoria, Illinois, US",179179,Americas
USA,Perry,Illinois,US,38.08510853,-89.36856219,"Perry, Illinois, US",20916,Americas
USA,Piatt,Illinois,US,40.01360584,-88.59319339,"Piatt, Illinois, US",16344,Americas
USA,Pike,Illinois,US,39.62265059,-90.8877017,"Pike, Illinois, US",15561,Americas
USA,Pope,Illinois,US,37.41391284,-88.56152109,"Pope, Illinois, US",4177,Americas
USA,Pulaski,Illinois,US,37.22631423,-89.13085001,"Pulaski, Illinois, US",5335,Americas
USA,Putnam,Illinois,US,41.2013541,-89.2869272,"Putnam, Illinois, US",5739,Americas
USA,Randolph,Illinois,US,38.05095369,-89.82512254,"Randolph, Illinois, US",31782,Americas
USA,Richland,Illinois,US,38.71240969,-88.08475366,"Richland, Illinois, US",15513,Americas
USA,Rock Island,Illinois,US,41.46613806,-90.57042164,"Rock Island, Illinois, US",141879,Americas
USA,St. Clair,Illinois,US,38.46996033,-89.93063427,"St. Clair, Illinois, US",259686,Americas
USA,Saline,Illinois,US,37.75332999,-88.54119706,"Saline, Illinois, US",23491,Americas
USA,Sangamon,Illinois,US,39.75836914,-89.65872023,"Sangamon, Illinois, US",194672,Americas
USA,Schuyler,Illinois,US,40.1571798,-90.61114163,"Schuyler, Illinois, US",6768,Americas
USA,Scott,Illinois,US,39.6429169,-90.47814431,"Scott, Illinois, US",4951,Americas
USA,Shelby,Illinois,US,39.39133527,-88.80611122,"Shelby, Illinois, US",21634,Americas
USA,Stark,Illinois,US,41.09309773,-89.79745866,"Stark, Illinois, US",5342,Americas
USA,Stephenson,Illinois,US,42.35129217,-89.662598,"Stephenson, Illinois, US",44498,Americas
USA,Tazewell,Illinois,US,40.50716185,-89.51404662,"Tazewell, Illinois, US",131803,Americas
USA,Union,Illinois,US,37.47119609,-89.25548938,"Union, Illinois, US",16653,Americas
USA,Vermilion,Illinois,US,40.18417171,-87.73384359,"Vermilion, Illinois, US",75758,Americas
USA,Wabash,Illinois,US,38.44272901,-87.84922065,"Wabash, Illinois, US",11520,Americas
USA,Warren,Illinois,US,40.84925021,-90.6147432,"Warren, Illinois, US",16844,Americas
USA,Washington,Illinois,US,38.35309213,-89.40982703,"Washington, Illinois, US",13887,Americas
USA,Wayne,Illinois,US,38.42955355,-88.42586459,"Wayne, Illinois, US",16215,Americas
USA,White,Illinois,US,38.08706198,-88.17657461,"White, Illinois, US",13537,Americas
USA,Whiteside,Illinois,US,41.75509713,-89.91556058,"Whiteside, Illinois, US",55175,Americas
USA,Will,Illinois,US,41.44619267,-87.97862712,"Will, Illinois, US",690743,Americas
USA,Williamson,Illinois,US,37.73033511,-88.92994027,"Williamson, Illinois, US",66597,Americas
USA,Winnebago,Illinois,US,42.33641854,-89.16085327,"Winnebago, Illinois, US",282572,Americas
USA,Woodford,Illinois,US,40.78579374,-89.20973757,"Woodford, Illinois, US",38459,Americas
USA,Adams,Indiana,US,40.7457653,-84.93671406,"Adams, Indiana, US",35777,Americas
USA,Allen,Indiana,US,41.09194313,-85.06800636,"Allen, Indiana, US",379299,Americas
USA,Bartholomew,Indiana,US,39.20744865,-85.89558181,"Bartholomew, Indiana, US",83779,Americas
USA,Benton,Indiana,US,40.60626947,-87.31093999,"Benton, Indiana, US",8748,Americas
USA,Blackford,Indiana,US,40.47388153,-85.32499702,"Blackford, Indiana, US",11758,Americas
USA,Boone,Indiana,US,40.0509304,-86.46841646,"Boone, Indiana, US",67843,Americas
USA,Brown,Indiana,US,39.19605589,-86.22868909,"Brown, Indiana, US",15092,Americas
USA,Carroll,Indiana,US,40.5807832,-86.56198812,"Carroll, Indiana, US",20257,Americas
USA,Cass,Indiana,US,40.76135835,-86.34830753,"Cass, Indiana, US",37689,Americas
USA,Clark,Indiana,US,38.48015445,-85.70510334,"Clark, Indiana, US",118302,Americas
USA,Clay,Indiana,US,39.39561833,-87.11723506,"Clay, Indiana, US",26225,Americas
USA,Clinton,Indiana,US,40.30319754,-86.47277257,"Clinton, Indiana, US",32399,Americas
USA,Crawford,Indiana,US,38.28814402,-86.44518825,"Crawford, Indiana, US",10577,Americas
USA,Daviess,Indiana,US,38.70186039,-87.07185406,"Daviess, Indiana, US",33351,Americas
USA,Dearborn,Indiana,US,39.14647946,-84.97333539,"Dearborn, Indiana, US",49458,Americas
USA,Decatur,Indiana,US,39.30712658,-85.50087166,"Decatur, Indiana, US",26559,Americas
USA,DeKalb,Indiana,US,41.39804622,-84.99906934,"DeKalb, Indiana, US",43475,Americas
USA,Delaware,Indiana,US,40.22787247,-85.39732772,"Delaware, Indiana, US",114135,Americas
USA,Dubois,Indiana,US,38.36597551,-86.8792417,"Dubois, Indiana, US",42736,Americas
USA,Elkhart,Indiana,US,41.59761169,-85.85875695,"Elkhart, Indiana, US",206341,Americas
USA,Fayette,Indiana,US,39.63684962,-85.17797541,"Fayette, Indiana, US",23102,Americas
USA,Floyd,Indiana,US,38.32117957,-85.90385377,"Floyd, Indiana, US",78522,Americas
USA,Fountain,Indiana,US,40.12361933,-87.24217689,"Fountain, Indiana, US",16346,Americas
USA,Franklin,Indiana,US,39.4142482,-85.06062647,"Franklin, Indiana, US",22758,Americas
USA,Fulton,Indiana,US,41.0469907,-86.26252745,"Fulton, Indiana, US",19974,Americas
USA,Gibson,Indiana,US,38.30393723,-87.58054938,"Gibson, Indiana, US",33659,Americas
USA,Grant,Indiana,US,40.51587228,-85.65468702,"Grant, Indiana, US",65769,Americas
USA,Greene,Indiana,US,39.03630547,-86.96223202,"Greene, Indiana, US",31922,Americas
USA,Hamilton,Indiana,US,40.07306535,-86.05244729,"Hamilton, Indiana, US",338011,Americas
USA,Hancock,Indiana,US,39.82304555,-85.77566351,"Hancock, Indiana, US",78168,Americas
USA,Harrison,Indiana,US,38.19467379,-86.10948271,"Harrison, Indiana, US",40515,Americas
USA,Hendricks,Indiana,US,39.76719009,-86.51037283,"Hendricks, Indiana, US",170311,Americas
USA,Henry,Indiana,US,39.93029017,-85.39625719,"Henry, Indiana, US",47972,Americas
USA,Howard,Indiana,US,40.48527731,-86.11351892,"Howard, Indiana, US",82544,Americas
USA,Huntington,Indiana,US,40.82907273,-85.48822092,"Huntington, Indiana, US",36520,Americas
USA,Jackson,Indiana,US,38.9091582,-86.03851889,"Jackson, Indiana, US",44231,Americas
USA,Jasper,Indiana,US,41.02078733,-87.11553319,"Jasper, Indiana, US",33562,Americas
USA,Jay,Indiana,US,40.43781032,-85.00576229,"Jay, Indiana, US",20436,Americas
USA,Jefferson,Indiana,US,38.78576239,-85.43633383,"Jefferson, Indiana, US",32308,Americas
USA,Jennings,Indiana,US,38.99588883,-85.62710784,"Jennings, Indiana, US",27735,Americas
USA,Johnson,Indiana,US,39.48994426,-86.10149107,"Johnson, Indiana, US",158167,Americas
USA,Knox,Indiana,US,38.68861576,-87.4194665,"Knox, Indiana, US",36594,Americas
USA,Kosciusko,Indiana,US,41.24521668,-85.86312322,"Kosciusko, Indiana, US",79456,Americas
USA,LaGrange,Indiana,US,41.64232188,-85.42674232,"LaGrange, Indiana, US",39614,Americas
USA,Lake,Indiana,US,41.41874274,-87.38277575,"Lake, Indiana, US",485493,Americas
USA,LaPorte,Indiana,US,41.54366008,-86.74072188,"LaPorte, Indiana, US",109888,Americas
USA,Lawrence,Indiana,US,38.84112637,-86.48361629,"Lawrence, Indiana, US",45370,Americas
USA,Madison,Indiana,US,40.16143691,-85.71964711,"Madison, Indiana, US",129569,Americas
USA,Marion,Indiana,US,39.78163624,-86.13826325,"Marion, Indiana, US",964582,Americas
USA,Marshall,Indiana,US,41.32467367,-86.26185087,"Marshall, Indiana, US",46258,Americas
USA,Martin,Indiana,US,38.7099921,-86.80373186,"Martin, Indiana, US",10255,Americas
USA,Miami,Indiana,US,40.76940965,-86.04525048,"Miami, Indiana, US",35516,Americas
USA,Monroe,Indiana,US,39.16130004,-86.52414358,"Monroe, Indiana, US",148431,Americas
USA,Montgomery,Indiana,US,40.04034823,-86.89335024,"Montgomery, Indiana, US",38338,Americas
USA,Morgan,Indiana,US,39.47899078,-86.44573375,"Morgan, Indiana, US",70489,Americas
USA,Newton,Indiana,US,40.95610449,-87.39635768,"Newton, Indiana, US",13984,Americas
USA,Noble,Indiana,US,41.39672484,-85.41966713,"Noble, Indiana, US",47744,Americas
USA,Ohio,Indiana,US,38.955305,-84.96515993,"Ohio, Indiana, US",5875,Americas
USA,Orange,Indiana,US,38.5411892,-86.49523093,"Orange, Indiana, US",19646,Americas
USA,Owen,Indiana,US,39.31145587,-86.83900724,"Owen, Indiana, US",20799,Americas
USA,Parke,Indiana,US,39.77202286,-87.20375833,"Parke, Indiana, US",16937,Americas
USA,Perry,Indiana,US,38.07809328,-86.63741946,"Perry, Indiana, US",19169,Americas
USA,Pike,Indiana,US,38.40112197,-87.23574907,"Pike, Indiana, US",12389,Americas
USA,Porter,Indiana,US,41.45986947,-87.06848888,"Porter, Indiana, US",170389,Americas
USA,Posey,Indiana,US,38.02097333,-87.86480429,"Posey, Indiana, US",25427,Americas
USA,Pulaski,Indiana,US,41.04166107,-86.69890683,"Pulaski, Indiana, US",12353,Americas
USA,Putnam,Indiana,US,39.66437981,-86.84517605,"Putnam, Indiana, US",37576,Americas
USA,Randolph,Indiana,US,40.15734772,-85.01139319,"Randolph, Indiana, US",24665,Americas
USA,Ripley,Indiana,US,39.10235626,-85.26212744,"Ripley, Indiana, US",28324,Americas
USA,Rush,Indiana,US,39.62002287,-85.4655599,"Rush, Indiana, US",16581,Americas
USA,St. Joseph,Indiana,US,41.61756781,-86.29040834,"St. Joseph, Indiana, US",271826,Americas
USA,Scott,Indiana,US,38.68672078,-85.74627859,"Scott, Indiana, US",23873,Americas
USA,Shelby,Indiana,US,39.52305623,-85.7915857,"Shelby, Indiana, US",44729,Americas
USA,Spencer,Indiana,US,38.01519732,-87.0079644,"Spencer, Indiana, US",20277,Americas
USA,Starke,Indiana,US,41.27890281,-86.64686895,"Starke, Indiana, US",22995,Americas
USA,Steuben,Indiana,US,41.64423868,-85.00101094,"Steuben, Indiana, US",34594,Americas
USA,Sullivan,Indiana,US,39.08952258,-87.41414469,"Sullivan, Indiana, US",20669,Americas
USA,Switzerland,Indiana,US,38.82767338,-85.03022429,"Switzerland, Indiana, US",10751,Americas
USA,Tippecanoe,Indiana,US,40.38872739,-86.89413959,"Tippecanoe, Indiana, US",195732,Americas
USA,Tipton,Indiana,US,40.31123252,-86.05234925,"Tipton, Indiana, US",15148,Americas
USA,Union,Indiana,US,39.62550777,-84.92497066,"Union, Indiana, US",7054,Americas
USA,Vanderburgh,Indiana,US,38.02658833,-87.58763124,"Vanderburgh, Indiana, US",181451,Americas
USA,Vermillion,Indiana,US,39.8523352,-87.46160542,"Vermillion, Indiana, US",15498,Americas
USA,Vigo,Indiana,US,39.42944561,-87.39169027,"Vigo, Indiana, US",107038,Americas
USA,Wabash,Indiana,US,40.84704239,-85.79328272,"Wabash, Indiana, US",30996,Americas
USA,Warren,Indiana,US,40.34728141,-87.35602659,"Warren, Indiana, US",8265,Americas
USA,Warrick,Indiana,US,38.08922676,-87.2716085,"Warrick, Indiana, US",62998,Americas
USA,Washington,Indiana,US,38.60219804,-86.1049363,"Washington, Indiana, US",28036,Americas
USA,Wayne,Indiana,US,39.8633444,-85.01044989,"Wayne, Indiana, US",65884,Americas
USA,Wells,Indiana,US,40.72934187,-85.22132966,"Wells, Indiana, US",28296,Americas
USA,White,Indiana,US,40.74911165,-86.86492015,"White, Indiana, US",24102,Americas
USA,Whitley,Indiana,US,41.13863784,-85.50791236,"Whitley, Indiana, US",33964,Americas
USA,Adair,Iowa,US,41.33075609,-94.47105874,"Adair, Iowa, US",7152,Americas
USA,Adams,Iowa,US,41.02903567,-94.69932645,"Adams, Iowa, US",3602,Americas
USA,Allamakee,Iowa,US,43.28383218,-91.37860922,"Allamakee, Iowa, US",13687,Americas
USA,Appanoose,Iowa,US,40.74324454,-92.86865906,"Appanoose, Iowa, US",12426,Americas
USA,Audubon,Iowa,US,41.6844628,-94.90581859,"Audubon, Iowa, US",5496,Americas
USA,Benton,Iowa,US,42.08011739,-92.06463573,"Benton, Iowa, US",25645,Americas
USA,Black Hawk,Iowa,US,42.4704581,-92.30524729,"Black Hawk, Iowa, US",131228,Americas
USA,Boone,Iowa,US,42.03657094,-93.9313999,"Boone, Iowa, US",26234,Americas
USA,Bremer,Iowa,US,42.77461496,-92.31795937,"Bremer, Iowa, US",25062,Americas
USA,Buchanan,Iowa,US,42.4709188,-91.83510825,"Buchanan, Iowa, US",21175,Americas
USA,Buena Vista,Iowa,US,42.73545875,-95.15100162,"Buena Vista, Iowa, US",19620,Americas
USA,Butler,Iowa,US,42.73172833,-92.79015971,"Butler, Iowa, US",14439,Americas
USA,Calhoun,Iowa,US,42.38521079,-94.64046046,"Calhoun, Iowa, US",9668,Americas
USA,Carroll,Iowa,US,42.03617207,-94.86032705,"Carroll, Iowa, US",20165,Americas
USA,Cass,Iowa,US,41.33149454,-94.92792482,"Cass, Iowa, US",12836,Americas
USA,Cedar,Iowa,US,41.77233777,-91.13246684,"Cedar, Iowa, US",18627,Americas
USA,Cerro Gordo,Iowa,US,43.08177563,-93.2612239,"Cerro Gordo, Iowa, US",42450,Americas
USA,Cherokee,Iowa,US,42.73538914,-95.62389402,"Cherokee, Iowa, US",11235,Americas
USA,Chickasaw,Iowa,US,43.06001295,-92.31773347,"Chickasaw, Iowa, US",11933,Americas
USA,Clarke,Iowa,US,41.02868181,-93.78499767,"Clarke, Iowa, US",9395,Americas
USA,Clay,Iowa,US,43.08247182,-95.15096481,"Clay, Iowa, US",16016,Americas
USA,Clayton,Iowa,US,42.84443388,-91.34133693,"Clayton, Iowa, US",17549,Americas
USA,Clinton,Iowa,US,41.89981633,-90.53275096,"Clinton, Iowa, US",46429,Americas
USA,Crawford,Iowa,US,42.03718237,-95.3819718,"Crawford, Iowa, US",16820,Americas
USA,Dallas,Iowa,US,41.68560356,-94.04127625,"Dallas, Iowa, US",93453,Americas
USA,Davis,Iowa,US,40.74773536,-92.41005468,"Davis, Iowa, US",9000,Americas
USA,Decatur,Iowa,US,40.73742757,-93.78645949,"Decatur, Iowa, US",7870,Americas
USA,Delaware,Iowa,US,42.47104597,-91.3664492,"Delaware, Iowa, US",17011,Americas
USA,Des Moines,Iowa,US,40.92012606,-91.18326592,"Des Moines, Iowa, US",38967,Americas
USA,Dickinson,Iowa,US,43.37787725,-95.1510206,"Dickinson, Iowa, US",17258,Americas
USA,Dubuque,Iowa,US,42.46815349,-90.88181925,"Dubuque, Iowa, US",97311,Americas
USA,Emmet,Iowa,US,43.37782951,-94.67858943,"Emmet, Iowa, US",9208,Americas
USA,Fayette,Iowa,US,42.86271799,-91.8441231,"Fayette, Iowa, US",19650,Americas
USA,Floyd,Iowa,US,43.0600053,-92.78940097,"Floyd, Iowa, US",15642,Americas
USA,Franklin,Iowa,US,42.73270384,-93.26256925,"Franklin, Iowa, US",10070,Americas
USA,Fremont,Iowa,US,40.7454272,-95.60129045,"Fremont, Iowa, US",6960,Americas
USA,Greene,Iowa,US,42.03614551,-94.39658081,"Greene, Iowa, US",8888,Americas
USA,Grundy,Iowa,US,42.40183723,-92.78829551,"Grundy, Iowa, US",12232,Americas
USA,Guthrie,Iowa,US,41.68378965,-94.50111014,"Guthrie, Iowa, US",10689,Americas
USA,Hamilton,Iowa,US,42.38382428,-93.70197703,"Hamilton, Iowa, US",14773,Americas
USA,Hancock,Iowa,US,43.08178477,-93.73454884,"Hancock, Iowa, US",10630,Americas
USA,Hardin,Iowa,US,42.38353877,-93.23654611,"Hardin, Iowa, US",16846,Americas
USA,Harrison,Iowa,US,41.68330137,-95.81558439,"Harrison, Iowa, US",14049,Americas
USA,Henry,Iowa,US,40.98767962,-91.54436349,"Henry, Iowa, US",19954,Americas
USA,Howard,Iowa,US,43.35671042,-92.31702714,"Howard, Iowa, US",9158,Americas
USA,Humboldt,Iowa,US,42.7764426,-94.20722537,"Humboldt, Iowa, US",9558,Americas
USA,Ida,Iowa,US,42.38696136,-95.51355387,"Ida, Iowa, US",6860,Americas
USA,Iowa,Iowa,US,41.68630265,-92.0643373,"Iowa, Iowa, US",16184,Americas
USA,Jackson,Iowa,US,42.17178824,-90.57354837,"Jackson, Iowa, US",19439,Americas
USA,Jasper,Iowa,US,41.68576082,-93.05567785,"Jasper, Iowa, US",37185,Americas
USA,Jefferson,Iowa,US,41.03192394,-91.94849466,"Jefferson, Iowa, US",18295,Americas
USA,Johnson,Iowa,US,41.67169354,-91.58754744,"Johnson, Iowa, US",151140,Americas
USA,Jones,Iowa,US,42.12118609,-91.13139641,"Jones, Iowa, US",20681,Americas
USA,Keokuk,Iowa,US,41.33649833,-92.1785067,"Keokuk, Iowa, US",10246,Americas
USA,Kossuth,Iowa,US,43.20405458,-94.20691791,"Kossuth, Iowa, US",14813,Americas
USA,Lee,Iowa,US,40.64181461,-91.48183025,"Lee, Iowa, US",33657,Americas
USA,Linn,Iowa,US,42.07923082,-91.59809485,"Linn, Iowa, US",226706,Americas
USA,Louisa,Iowa,US,41.21842119,-91.26102611,"Louisa, Iowa, US",11035,Americas
USA,Lucas,Iowa,US,41.02958964,-93.32780803,"Lucas, Iowa, US",8600,Americas
USA,Lyon,Iowa,US,43.38107862,-96.20926845,"Lyon, Iowa, US",11755,Americas
USA,Madison,Iowa,US,41.33081904,-94.01554631,"Madison, Iowa, US",16338,Americas
USA,Mahaska,Iowa,US,41.33521503,-92.64083907,"Mahaska, Iowa, US",22095,Americas
USA,Marion,Iowa,US,41.33445101,-93.09934783,"Marion, Iowa, US",33253,Americas
USA,Marshall,Iowa,US,42.03586837,-92.9990819,"Marshall, Iowa, US",39369,Americas
USA,Mills,Iowa,US,41.03299766,-95.61920963,"Mills, Iowa, US",15109,Americas
USA,Mitchell,Iowa,US,43.35638371,-92.78887719,"Mitchell, Iowa, US",10586,Americas
USA,Monona,Iowa,US,42.05220391,-95.95743843,"Monona, Iowa, US",8615,Americas
USA,Monroe,Iowa,US,41.02988815,-92.8690667,"Monroe, Iowa, US",7707,Americas
USA,Montgomery,Iowa,US,41.03018714,-95.15642896,"Montgomery, Iowa, US",9917,Americas
USA,Muscatine,Iowa,US,41.48370744,-91.1121697,"Muscatine, Iowa, US",42664,Americas
USA,O'Brien,Iowa,US,43.08310673,-95.62474482,"O'Brien, Iowa, US",13753,Americas
USA,Osceola,Iowa,US,43.37824276,-95.62422844,"Osceola, Iowa, US",5958,Americas
USA,Page,Iowa,US,40.7393172,-95.1497813,"Page, Iowa, US",15107,Americas
USA,Palo Alto,Iowa,US,43.08193849,-94.67824621,"Palo Alto, Iowa, US",8886,Americas
USA,Plymouth,Iowa,US,42.737633,-96.21366621,"Plymouth, Iowa, US",25177,Americas
USA,Pocahontas,Iowa,US,42.73420133,-94.67862564,"Pocahontas, Iowa, US",6619,Americas
USA,Polk,Iowa,US,41.68679484,-93.57767461,"Polk, Iowa, US",490161,Americas
USA,Pottawattamie,Iowa,US,41.33640314,-95.53907776,"Pottawattamie, Iowa, US",93206,Americas
USA,Poweshiek,Iowa,US,41.68625425,-92.53155731,"Poweshiek, Iowa, US",18504,Americas
USA,Ringgold,Iowa,US,40.73518949,-94.24368535,"Ringgold, Iowa, US",4894,Americas
USA,Sac,Iowa,US,42.38624071,-95.10547892,"Sac, Iowa, US",9721,Americas
USA,Scott,Iowa,US,41.63935978,-90.61959493,"Scott, Iowa, US",172943,Americas
USA,Shelby,Iowa,US,41.6850066,-95.31015553,"Shelby, Iowa, US",11454,Americas
USA,Sioux,Iowa,US,43.08221074,-96.1767568,"Sioux, Iowa, US",34855,Americas
USA,Story,Iowa,US,42.03621213,-93.46499005,"Story, Iowa, US",97117,Americas
USA,Tama,Iowa,US,42.07991767,-92.53266945,"Tama, Iowa, US",16854,Americas
USA,Taylor,Iowa,US,40.73710579,-94.69778563,"Taylor, Iowa, US",6121,Americas
USA,Union,Iowa,US,41.0277278,-94.24234847,"Union, Iowa, US",12241,Americas
USA,Van Buren,Iowa,US,40.75326764,-91.95017958,"Van Buren, Iowa, US",7044,Americas
USA,Wapello,Iowa,US,41.03064984,-92.40954728,"Wapello, Iowa, US",34969,Americas
USA,Warren,Iowa,US,41.33559454,-93.56007641,"Warren, Iowa, US",51466,Americas
USA,Washington,Iowa,US,41.33577126,-91.71725711,"Washington, Iowa, US",21965,Americas
USA,Wayne,Iowa,US,40.73969028,-93.32752197,"Wayne, Iowa, US",6441,Americas
USA,Webster,Iowa,US,42.42853483,-94.17987389,"Webster, Iowa, US",35904,Americas
USA,Winnebago,Iowa,US,43.37751174,-93.73407298,"Winnebago, Iowa, US",10354,Americas
USA,Winneshiek,Iowa,US,43.29094334,-91.84422722,"Winneshiek, Iowa, US",19991,Americas
USA,Woodbury,Iowa,US,42.38979414,-96.0459439,"Woodbury, Iowa, US",103107,Americas
USA,Worth,Iowa,US,43.37750768,-93.26087602,"Worth, Iowa, US",7381,Americas
USA,Wright,Iowa,US,42.73305373,-93.73515113,"Wright, Iowa, US",12562,Americas
USA,Allen,Kansas,US,37.88582951,-95.30030847,"Allen, Kansas, US",12369,Americas
USA,Anderson,Kansas,US,38.21413251,-95.29272815,"Anderson, Kansas, US",7858,Americas
USA,Atchison,Kansas,US,39.53185661,-95.30870026,"Atchison, Kansas, US",16073,Americas
USA,Barber,Kansas,US,37.2288586,-98.68460053,"Barber, Kansas, US",4427,Americas
USA,Barton,Kansas,US,38.47889676,-98.75636726,"Barton, Kansas, US",25779,Americas
USA,Bourbon,Kansas,US,37.85508555,-94.84865997,"Bourbon, Kansas, US",14534,Americas
USA,Brown,Kansas,US,39.82652589,-95.56421698,"Brown, Kansas, US",9564,Americas
USA,Butler,Kansas,US,37.78134351,-96.83878537,"Butler, Kansas, US",66911,Americas
USA,Chase,Kansas,US,38.30292938,-96.59563862,"Chase, Kansas, US",2648,Americas
USA,Chautauqua,Kansas,US,37.14994405,-96.2454192,"Chautauqua, Kansas, US",3250,Americas
USA,Cherokee,Kansas,US,37.16928494,-94.8462897,"Cherokee, Kansas, US",19939,Americas
USA,Cheyenne,Kansas,US,39.78580976,-101.7318201,"Cheyenne, Kansas, US",2657,Americas
USA,Clark,Kansas,US,37.23577007,-99.81883015,"Clark, Kansas, US",1994,Americas
USA,Clay,Kansas,US,39.34948772,-97.16518128,"Clay, Kansas, US",8002,Americas
USA,Cloud,Kansas,US,39.48028352,-97.64925343,"Cloud, Kansas, US",8786,Americas
USA,Coffey,Kansas,US,38.2365018,-95.73379515,"Coffey, Kansas, US",8179,Americas
USA,Comanche,Kansas,US,37.1911452,-99.27113247,"Comanche, Kansas, US",1700,Americas
USA,Cowley,Kansas,US,37.23781842,-96.83776647,"Cowley, Kansas, US",34908,Americas
USA,Crawford,Kansas,US,37.50675523,-94.85245778,"Crawford, Kansas, US",38818,Americas
USA,Decatur,Kansas,US,39.78468441,-100.4594081,"Decatur, Kansas, US",2827,Americas
USA,Dickinson,Kansas,US,38.86600962,-97.15532383,"Dickinson, Kansas, US",18466,Americas
USA,Doniphan,Kansas,US,39.79067154,-95.14056866,"Doniphan, Kansas, US",7600,Americas
USA,Douglas,Kansas,US,38.88503636,-95.2925121,"Douglas, Kansas, US",122259,Americas
USA,Edwards,Kansas,US,37.88735543,-99.31263309,"Edwards, Kansas, US",2798,Americas
USA,Elk,Kansas,US,37.45338105,-96.24369667,"Elk, Kansas, US",2530,Americas
USA,Ellis,Kansas,US,38.91458712,-99.31751551,"Ellis, Kansas, US",28553,Americas
USA,Ellsworth,Kansas,US,38.69677695,-98.20462799,"Ellsworth, Kansas, US",6102,Americas
USA,Finney,Kansas,US,38.04340344,-100.7381938,"Finney, Kansas, US",36467,Americas
USA,Ford,Kansas,US,37.69200114,-99.88825298,"Ford, Kansas, US",33619,Americas
USA,Franklin,Kansas,US,38.56443815,-95.28644341,"Franklin, Kansas, US",25544,Americas
USA,Geary,Kansas,US,38.99871131,-96.7577178,"Geary, Kansas, US",31670,Americas
USA,Gove,Kansas,US,38.91588178,-100.4829321,"Gove, Kansas, US",2636,Americas
USA,Graham,Kansas,US,39.34987223,-99.88332493,"Graham, Kansas, US",2482,Americas
USA,Grant,Kansas,US,37.56227336,-101.3079758,"Grant, Kansas, US",7150,Americas
USA,Gray,Kansas,US,37.73836671,-100.4369088,"Gray, Kansas, US",5988,Americas
USA,Greeley,Kansas,US,38.4808095,-101.8061079,"Greeley, Kansas, US",1232,Americas
USA,Greenwood,Kansas,US,37.8774388,-96.23250453,"Greenwood, Kansas, US",5982,Americas
USA,Hamilton,Kansas,US,37.99978709,-101.7921066,"Hamilton, Kansas, US",2539,Americas
USA,Harper,Kansas,US,37.19175361,-98.07578384,"Harper, Kansas, US",5436,Americas
USA,Harvey,Kansas,US,38.04293782,-97.42747573,"Harvey, Kansas, US",34429,Americas
USA,Haskell,Kansas,US,37.5620394,-100.8710738,"Haskell, Kansas, US",3968,Americas
USA,Hodgeman,Kansas,US,38.08780079,-99.89829881,"Hodgeman, Kansas, US",1794,Americas
USA,Jackson,Kansas,US,39.41673394,-95.79356799,"Jackson, Kansas, US",13171,Americas
USA,Jefferson,Kansas,US,39.2347941,-95.38289232,"Jefferson, Kansas, US",19043,Americas
USA,Jewell,Kansas,US,39.78470589,-98.21820662,"Jewell, Kansas, US",2879,Americas
USA,Johnson,Kansas,US,38.88548175,-94.82250877,"Johnson, Kansas, US",602401,Americas
USA,Kearny,Kansas,US,38.00017981,-101.321681,"Kearny, Kansas, US",3838,Americas
USA,Kingman,Kansas,US,37.55909527,-98.13638678,"Kingman, Kansas, US",7152,Americas
USA,Kiowa,Kansas,US,37.55848695,-99.2856537,"Kiowa, Kansas, US",2475,Americas
USA,Labette,Kansas,US,37.19113093,-95.29849679,"Labette, Kansas, US",19618,Americas
USA,Lane,Kansas,US,38.48119447,-100.4660754,"Lane, Kansas, US",1535,Americas
USA,Leavenworth,Kansas,US,39.20183497,-95.03620809,"Leavenworth, Kansas, US",81758,Americas
USA,Lincoln,Kansas,US,39.04549684,-98.20756994,"Lincoln, Kansas, US",2962,Americas
USA,Linn,Kansas,US,38.21267844,-94.84254089,"Linn, Kansas, US",9703,Americas
USA,Logan,Kansas,US,38.91735806,-101.148475,"Logan, Kansas, US",2794,Americas
USA,Lyon,Kansas,US,38.45576156,-96.15275715,"Lyon, Kansas, US",33195,Americas
USA,McPherson,Kansas,US,38.39184858,-97.64769869,"McPherson, Kansas, US",28542,Americas
USA,Marion,Kansas,US,38.35855394,-97.0985251,"Marion, Kansas, US",11884,Americas
USA,Marshall,Kansas,US,39.78359669,-96.52278974,"Marshall, Kansas, US",9707,Americas
USA,Meade,Kansas,US,37.23859987,-100.364831,"Meade, Kansas, US",4033,Americas
USA,Miami,Kansas,US,38.56383358,-94.83832189,"Miami, Kansas, US",34237,Americas
USA,Mitchell,Kansas,US,39.39331582,-98.20906732,"Mitchell, Kansas, US",5979,Americas
USA,Montgomery,Kansas,US,37.19236568,-95.74329258,"Montgomery, Kansas, US",31829,Americas
USA,Morris,Kansas,US,38.68827511,-96.65128437,"Morris, Kansas, US",5620,Americas
USA,Morton,Kansas,US,37.19141121,-101.7992519,"Morton, Kansas, US",2587,Americas
USA,Nemaha,Kansas,US,39.78345387,-96.01392079,"Nemaha, Kansas, US",10231,Americas
USA,Neosho,Kansas,US,37.55862897,-95.30670046,"Neosho, Kansas, US",16007,Americas
USA,Ness,Kansas,US,38.47974157,-99.91547333,"Ness, Kansas, US",2750,Americas
USA,Norton,Kansas,US,39.78443827,-99.90286639,"Norton, Kansas, US",5361,Americas
USA,Osage,Kansas,US,38.65235984,-95.72707998,"Osage, Kansas, US",15949,Americas
USA,Osborne,Kansas,US,39.3503437,-98.76753828,"Osborne, Kansas, US",3421,Americas
USA,Ottawa,Kansas,US,39.13237408,-97.65020313,"Ottawa, Kansas, US",5704,Americas
USA,Pawnee,Kansas,US,38.18108732,-99.23692334,"Pawnee, Kansas, US",6414,Americas
USA,Phillips,Kansas,US,39.78465501,-99.34668865,"Phillips, Kansas, US",5234,Americas
USA,Pottawatomie,Kansas,US,39.37925655,-96.34564657,"Pottawatomie, Kansas, US",24383,Americas
USA,Pratt,Kansas,US,37.64780729,-98.73922153,"Pratt, Kansas, US",9164,Americas
USA,Rawlins,Kansas,US,39.78525843,-101.0761617,"Rawlins, Kansas, US",2530,Americas
USA,Reno,Kansas,US,37.95230263,-98.08607292,"Reno, Kansas, US",61998,Americas
USA,Republic,Kansas,US,39.82799632,-97.65036709,"Republic, Kansas, US",4636,Americas
USA,Rice,Kansas,US,38.34616184,-98.19992118,"Rice, Kansas, US",9537,Americas
USA,Riley,Kansas,US,39.28935726,-96.73420026,"Riley, Kansas, US",74232,Americas
USA,Rooks,Kansas,US,39.35022773,-99.32484567,"Rooks, Kansas, US",4920,Americas
USA,Rush,Kansas,US,38.52275276,-99.30863983,"Rush, Kansas, US",3036,Americas
USA,Russell,Kansas,US,38.91462787,-98.76254297,"Russell, Kansas, US",6856,Americas
USA,Saline,Kansas,US,38.78369175,-97.65185177,"Saline, Kansas, US",54224,Americas
USA,Scott,Kansas,US,38.48222076,-100.9066539,"Scott, Kansas, US",4823,Americas
USA,Sedgwick,Kansas,US,37.6842718,-97.4608198,"Sedgwick, Kansas, US",516042,Americas
USA,Seward,Kansas,US,37.19324632,-100.8507201,"Seward, Kansas, US",21428,Americas
USA,Shawnee,Kansas,US,39.04100763,-95.7557264,"Shawnee, Kansas, US",176875,Americas
USA,Sheridan,Kansas,US,39.35018161,-100.4418259,"Sheridan, Kansas, US",2521,Americas
USA,Sherman,Kansas,US,39.35147699,-101.7197624,"Sherman, Kansas, US",5917,Americas
USA,Smith,Kansas,US,39.78516566,-98.78566062,"Smith, Kansas, US",3583,Americas
USA,Stafford,Kansas,US,38.03100851,-98.71762001,"Stafford, Kansas, US",4156,Americas
USA,Stanton,Kansas,US,37.56304714,-101.7843534,"Stanton, Kansas, US",2006,Americas
USA,Stevens,Kansas,US,37.1923008,-101.3118967,"Stevens, Kansas, US",5485,Americas
USA,Sumner,Kansas,US,37.23682549,-97.47721621,"Sumner, Kansas, US",22836,Americas
USA,Thomas,Kansas,US,39.35107575,-101.0553705,"Thomas, Kansas, US",7777,Americas
USA,Trego,Kansas,US,38.91467218,-99.87284448,"Trego, Kansas, US",2803,Americas
USA,Wabaunsee,Kansas,US,38.95471985,-96.20350509,"Wabaunsee, Kansas, US",6931,Americas
USA,Wallace,Kansas,US,38.91686134,-101.7638876,"Wallace, Kansas, US",1518,Americas
USA,Washington,Kansas,US,39.78420784,-97.0875323,"Washington, Kansas, US",5406,Americas
USA,Wichita,Kansas,US,38.48178252,-101.3471509,"Wichita, Kansas, US",2119,Americas
USA,Wilson,Kansas,US,37.55937174,-95.74323255,"Wilson, Kansas, US",8525,Americas
USA,Woodson,Kansas,US,37.8865336,-95.74006277,"Woodson, Kansas, US",3138,Americas
USA,Wyandotte,Kansas,US,39.11727348,-94.76378225,"Wyandotte, Kansas, US",165429,Americas
USA,Adair,Kentucky,US,37.10459774,-85.28129668,"Adair, Kentucky, US",19202,Americas
USA,Allen,Kentucky,US,36.75197631,-86.19457544,"Allen, Kentucky, US",21315,Americas
USA,Anderson,Kentucky,US,38.00671029,-84.99171713,"Anderson, Kentucky, US",22747,Americas
USA,Ballard,Kentucky,US,37.05842757,-88.99427697,"Ballard, Kentucky, US",7888,Americas
USA,Barren,Kentucky,US,36.96469836,-85.93338945,"Barren, Kentucky, US",44249,Americas
USA,Bath,Kentucky,US,38.14735938,-83.74588932,"Bath, Kentucky, US",12500,Americas
USA,Bell,Kentucky,US,36.73355174,-83.67766671,"Bell, Kentucky, US",26032,Americas
USA,Boone,Kentucky,US,38.97065142,-84.72615357,"Boone, Kentucky, US",133581,Americas
USA,Bourbon,Kentucky,US,38.2054607,-84.21827874,"Bourbon, Kentucky, US",19788,Americas
USA,Boyd,Kentucky,US,38.36176608,-82.68652187,"Boyd, Kentucky, US",46718,Americas
USA,Boyle,Kentucky,US,37.62680923,-84.8633779,"Boyle, Kentucky, US",30060,Americas
USA,Bracken,Kentucky,US,38.69158994,-84.08532444,"Bracken, Kentucky, US",8303,Americas
USA,Breathitt,Kentucky,US,37.52333168,-83.31959161,"Breathitt, Kentucky, US",12630,Americas
USA,Breckinridge,Kentucky,US,37.77377239,-86.42885017,"Breckinridge, Kentucky, US",20477,Americas
USA,Bullitt,Kentucky,US,37.97162523,-85.68955617,"Bullitt, Kentucky, US",81676,Americas
USA,Butler,Kentucky,US,37.20946153,-86.68748787,"Butler, Kentucky, US",12879,Americas
USA,Caldwell,Kentucky,US,37.14749129,-87.86948214,"Caldwell, Kentucky, US",12747,Americas
USA,Calloway,Kentucky,US,36.62093411,-88.2731593,"Calloway, Kentucky, US",39001,Americas
USA,Campbell,Kentucky,US,38.94384345,-84.37875208,"Campbell, Kentucky, US",93584,Americas
USA,Carlisle,Kentucky,US,36.85372876,-88.9669222,"Carlisle, Kentucky, US",4760,Americas
USA,Carroll,Kentucky,US,38.66599534,-85.12601074,"Carroll, Kentucky, US",10631,Americas
USA,Carter,Kentucky,US,38.31690743,-83.05092385,"Carter, Kentucky, US",26797,Americas
USA,Casey,Kentucky,US,37.32533118,-84.92726209,"Casey, Kentucky, US",16159,Americas
USA,Christian,Kentucky,US,36.89267803,-87.49055367,"Christian, Kentucky, US",70461,Americas
USA,Clark,Kentucky,US,37.9689263,-84.14615986,"Clark, Kentucky, US",36263,Americas
USA,Clay,Kentucky,US,37.16451126,-83.712575,"Clay, Kentucky, US",19901,Americas
USA,Clinton,Kentucky,US,36.72581156,-85.13377529,"Clinton, Kentucky, US",10218,Americas
USA,Crittenden,Kentucky,US,37.35839237,-88.0882609,"Crittenden, Kentucky, US",8806,Americas
USA,Cumberland,Kentucky,US,36.78926125,-85.39050034,"Cumberland, Kentucky, US",6614,Americas
USA,Daviess,Kentucky,US,37.73028906,-87.0901948,"Daviess, Kentucky, US",101511,Americas
USA,Edmonson,Kentucky,US,37.21218923,-86.23955613,"Edmonson, Kentucky, US",12150,Americas
USA,Elliott,Kentucky,US,38.11624059,-83.09771563,"Elliott, Kentucky, US",7517,Americas
USA,Estill,Kentucky,US,37.69241417,-83.95956369,"Estill, Kentucky, US",14106,Americas
USA,Fayette,Kentucky,US,38.0368225,-84.45576892,"Fayette, Kentucky, US",323152,Americas
USA,Fleming,Kentucky,US,38.36758311,-83.69657514,"Fleming, Kentucky, US",14581,Americas
USA,Floyd,Kentucky,US,37.56213922,-82.74750924,"Floyd, Kentucky, US",35589,Americas
USA,Franklin,Kentucky,US,38.2379395,-84.87962551,"Franklin, Kentucky, US",50991,Americas
USA,Fulton,Kentucky,US,36.55238827,-89.20140068,"Fulton, Kentucky, US",5969,Americas
USA,Gallatin,Kentucky,US,38.75398691,-84.8558382,"Gallatin, Kentucky, US",8869,Americas
USA,Garrard,Kentucky,US,37.6388668,-84.53289319,"Garrard, Kentucky, US",17666,Americas
USA,Grant,Kentucky,US,38.64962758,-84.62415957,"Grant, Kentucky, US",25069,Americas
USA,Graves,Kentucky,US,36.72292505,-88.65143315,"Graves, Kentucky, US",37266,Americas
USA,Grayson,Kentucky,US,37.46231118,-86.34248968,"Grayson, Kentucky, US",26427,Americas
USA,Green,Kentucky,US,37.26484328,-85.5540745,"Green, Kentucky, US",10941,Americas
USA,Greenup,Kentucky,US,38.54332505,-82.9215658,"Greenup, Kentucky, US",35098,Americas
USA,Hancock,Kentucky,US,37.83766422,-86.78280584,"Hancock, Kentucky, US",8722,Americas
USA,Hardin,Kentucky,US,37.6976111,-85.96319251,"Hardin, Kentucky, US",110958,Americas
USA,Harlan,Kentucky,US,36.85699301,-83.21899516,"Harlan, Kentucky, US",26010,Americas
USA,Harrison,Kentucky,US,38.44188174,-84.32869741,"Harrison, Kentucky, US",18886,Americas
USA,Hart,Kentucky,US,37.29943898,-85.88461055,"Hart, Kentucky, US",19035,Americas
USA,Henderson,Kentucky,US,37.79344553,-87.57392021,"Henderson, Kentucky, US",45210,Americas
USA,Henry,Kentucky,US,38.44942688,-85.11587507,"Henry, Kentucky, US",16126,Americas
USA,Hickman,Kentucky,US,36.6794808,-88.97875928,"Hickman, Kentucky, US",4380,Americas
USA,Hopkins,Kentucky,US,37.30939025,-87.54670406,"Hopkins, Kentucky, US",44686,Americas
USA,Jackson,Kentucky,US,37.41866422,-83.99825483,"Jackson, Kentucky, US",13329,Americas
USA,Jefferson,Kentucky,US,38.18664655,-85.65931031,"Jefferson, Kentucky, US",766757,Americas
USA,Jessamine,Kentucky,US,37.87119786,-84.58252003,"Jessamine, Kentucky, US",54115,Americas
USA,Johnson,Kentucky,US,37.85106355,-82.8264322,"Johnson, Kentucky, US",22188,Americas
USA,Kenton,Kentucky,US,38.93950319,-84.53241199,"Kenton, Kentucky, US",166998,Americas
USA,Knott,Kentucky,US,37.35388197,-82.94981134,"Knott, Kentucky, US",14806,Americas
USA,Knox,Kentucky,US,36.89225732,-83.85403396,"Knox, Kentucky, US",31145,Americas
USA,Larue,Kentucky,US,37.54567114,-85.70138352,"Larue, Kentucky, US",14398,Americas
USA,Laurel,Kentucky,US,37.10975748,-84.11321779,"Laurel, Kentucky, US",60813,Americas
USA,Lawrence,Kentucky,US,38.07136018,-82.72882223,"Lawrence, Kentucky, US",15317,Americas
USA,Lee,Kentucky,US,37.59645942,-83.71513901,"Lee, Kentucky, US",7403,Americas
USA,Leslie,Kentucky,US,37.09246661,-83.37999606,"Leslie, Kentucky, US",9877,Americas
USA,Letcher,Kentucky,US,37.12306748,-82.85346474,"Letcher, Kentucky, US",21553,Americas
USA,Lewis,Kentucky,US,38.53184419,-83.37735618,"Lewis, Kentucky, US",13275,Americas
USA,Lincoln,Kentucky,US,37.45475628,-84.6565327,"Lincoln, Kentucky, US",24549,Americas
USA,Livingston,Kentucky,US,37.21137452,-88.34797529,"Livingston, Kentucky, US",9194,Americas
USA,Logan,Kentucky,US,36.85949479,-86.877635,"Logan, Kentucky, US",27102,Americas
USA,Lyon,Kentucky,US,37.02080035,-88.07886257,"Lyon, Kentucky, US",8210,Americas
USA,McCracken,Kentucky,US,37.05350953,-88.70445755,"McCracken, Kentucky, US",65418,Americas
USA,McCreary,Kentucky,US,36.73874143,-84.48102924,"McCreary, Kentucky, US",17231,Americas
USA,McLean,Kentucky,US,37.5301951,-87.26803443,"McLean, Kentucky, US",9207,Americas
USA,Madison,Kentucky,US,37.71659336,-84.27220275,"Madison, Kentucky, US",92987,Americas
USA,Magoffin,Kentucky,US,37.70820545,-83.0657714,"Magoffin, Kentucky, US",12161,Americas
USA,Marion,Kentucky,US,37.55218078,-85.26898542,"Marion, Kentucky, US",19273,Americas
USA,Marshall,Kentucky,US,36.8800707,-88.32803576,"Marshall, Kentucky, US",31100,Americas
USA,Martin,Kentucky,US,37.79990579,-82.51247478,"Martin, Kentucky, US",11195,Americas
USA,Mason,Kentucky,US,38.59471935,-83.82151043,"Mason, Kentucky, US",17070,Americas
USA,Meade,Kentucky,US,37.96163597,-86.21028219,"Meade, Kentucky, US",28572,Americas
USA,Menifee,Kentucky,US,37.94090733,-83.59985712,"Menifee, Kentucky, US",6489,Americas
USA,Mercer,Kentucky,US,37.81474237,-84.87488475,"Mercer, Kentucky, US",21933,Americas
USA,Metcalfe,Kentucky,US,36.99459295,-85.63123699,"Metcalfe, Kentucky, US",10071,Americas
USA,Monroe,Kentucky,US,36.71225341,-85.71596443,"Monroe, Kentucky, US",10650,Americas
USA,Montgomery,Kentucky,US,38.03253032,-83.9145241,"Montgomery, Kentucky, US",28157,Americas
USA,Morgan,Kentucky,US,37.92465657,-83.25558245,"Morgan, Kentucky, US",13309,Americas
USA,Muhlenberg,Kentucky,US,37.21425819,-87.14632053,"Muhlenberg, Kentucky, US",30622,Americas
USA,Nelson,Kentucky,US,37.80335779,-85.4657193,"Nelson, Kentucky, US",46233,Americas
USA,Nicholas,Kentucky,US,38.33342292,-84.01889177,"Nicholas, Kentucky, US",7269,Americas
USA,Ohio,Kentucky,US,37.47751843,-86.85368087,"Ohio, Kentucky, US",23994,Americas
USA,Oldham,Kentucky,US,38.39791089,-85.448222,"Oldham, Kentucky, US",66799,Americas
USA,Owen,Kentucky,US,38.51679143,-84.82404619,"Owen, Kentucky, US",10901,Americas
USA,Owsley,Kentucky,US,37.42823949,-83.68811419,"Owsley, Kentucky, US",4415,Americas
USA,Pendleton,Kentucky,US,38.69607718,-84.35599463,"Pendleton, Kentucky, US",14590,Americas
USA,Perry,Kentucky,US,37.25023553,-83.22922731,"Perry, Kentucky, US",25758,Americas
USA,Pike,Kentucky,US,37.47088263,-82.39487445,"Pike, Kentucky, US",57876,Americas
USA,Powell,Kentucky,US,37.83218794,-83.82553961,"Powell, Kentucky, US",12359,Americas
USA,Pulaski,Kentucky,US,37.10466131,-84.57629079,"Pulaski, Kentucky, US",64979,Americas
USA,Robertson,Kentucky,US,38.51923469,-84.05055616,"Robertson, Kentucky, US",2108,Americas
USA,Rockcastle,Kentucky,US,37.36642393,-84.31176452,"Rockcastle, Kentucky, US",16695,Americas
USA,Rowan,Kentucky,US,38.19484205,-83.42088935,"Rowan, Kentucky, US",24460,Americas
USA,Russell,Kentucky,US,36.99308373,-85.06070117,"Russell, Kentucky, US",17923,Americas
USA,Scott,Kentucky,US,38.29622293,-84.5816631,"Scott, Kentucky, US",57004,Americas
USA,Shelby,Kentucky,US,38.21476019,-85.194223,"Shelby, Kentucky, US",49024,Americas
USA,Simpson,Kentucky,US,36.74058474,-86.58047435,"Simpson, Kentucky, US",18572,Americas
USA,Spencer,Kentucky,US,38.03223971,-85.32749335,"Spencer, Kentucky, US",19351,Americas
USA,Taylor,Kentucky,US,37.3677562,-85.3329931,"Taylor, Kentucky, US",25769,Americas
USA,Todd,Kentucky,US,36.8381152,-87.17878374,"Todd, Kentucky, US",12294,Americas
USA,Trigg,Kentucky,US,36.80767017,-87.87333656,"Trigg, Kentucky, US",14651,Americas
USA,Trimble,Kentucky,US,38.61056487,-85.33775972,"Trimble, Kentucky, US",8471,Americas
USA,Union,Kentucky,US,37.66166713,-87.94300009,"Union, Kentucky, US",14381,Americas
USA,Warren,Kentucky,US,36.99903045,-86.42672751,"Warren, Kentucky, US",132896,Americas
USA,Washington,Kentucky,US,37.75599461,-85.17407732,"Washington, Kentucky, US",12095,Americas
USA,Wayne,Kentucky,US,36.80310688,-84.8251971,"Wayne, Kentucky, US",20333,Americas
USA,Webster,Kentucky,US,37.52168356,-87.67989953,"Webster, Kentucky, US",12942,Americas
USA,Whitley,Kentucky,US,36.75700531,-84.14541217,"Whitley, Kentucky, US",36264,Americas
USA,Wolfe,Kentucky,US,37.73941626,-83.49303612,"Wolfe, Kentucky, US",7157,Americas
USA,Woodford,Kentucky,US,38.04178222,-84.7417556,"Woodford, Kentucky, US",26734,Americas
USA,Acadia,Louisiana,US,30.2950649,-92.41419698,"Acadia, Louisiana, US",62045,Americas
USA,Allen,Louisiana,US,30.65385745,-92.82442028,"Allen, Louisiana, US",25627,Americas
USA,Ascension,Louisiana,US,30.20406249,-90.9132841,"Ascension, Louisiana, US",126604,Americas
USA,Assumption,Louisiana,US,29.89946234,-91.06461642,"Assumption, Louisiana, US",21891,Americas
USA,Avoyelles,Louisiana,US,31.07796211,-92.00079449,"Avoyelles, Louisiana, US",40144,Americas
USA,Beauregard,Louisiana,US,30.64836518,-93.34173616,"Beauregard, Louisiana, US",37497,Americas
USA,Bienville,Louisiana,US,32.34569994,-93.05398492,"Bienville, Louisiana, US",13241,Americas
USA,Bossier,Louisiana,US,32.67932307,-93.60460152,"Bossier, Louisiana, US",127039,Americas
USA,Caddo,Louisiana,US,32.57991587,-93.88375652,"Caddo, Louisiana, US",240204,Americas
USA,Calcasieu,Louisiana,US,30.22931235,-93.35400434,"Calcasieu, Louisiana, US",203436,Americas
USA,Caldwell,Louisiana,US,32.0902519,-92.11752148,"Caldwell, Louisiana, US",9918,Americas
USA,Cameron,Louisiana,US,29.87592238,-93.19310676,"Cameron, Louisiana, US",6973,Americas
USA,Catahoula,Louisiana,US,31.66778967,-91.84526385,"Catahoula, Louisiana, US",9494,Americas
USA,Claiborne,Louisiana,US,32.82308512,-92.99526883,"Claiborne, Louisiana, US",15670,Americas
USA,Concordia,Louisiana,US,31.44817835,-91.63814433,"Concordia, Louisiana, US",19259,Americas
USA,De Soto,Louisiana,US,32.05457447,-93.74130302,"De Soto, Louisiana, US",27463,Americas
USA,East Baton Rouge,Louisiana,US,30.53842039,-91.09777565,"East Baton Rouge, Louisiana, US",440059,Americas
USA,East Carroll,Louisiana,US,32.73926954,-91.23425694,"East Carroll, Louisiana, US",6861,Americas
USA,East Feliciana,Louisiana,US,30.84425359,-91.04976723,"East Feliciana, Louisiana, US",19135,Americas
USA,Evangeline,Louisiana,US,30.72985248,-92.39915924,"Evangeline, Louisiana, US",33395,Americas
USA,Franklin,Louisiana,US,32.13675181,-91.67589857,"Franklin, Louisiana, US",20015,Americas
USA,Grant,Louisiana,US,31.59882456,-92.56124347,"Grant, Louisiana, US",22389,Americas
USA,Iberia,Louisiana,US,29.86803617,-91.75871777,"Iberia, Louisiana, US",69830,Americas
USA,Iberville,Louisiana,US,30.25734305,-91.3499598,"Iberville, Louisiana, US",32511,Americas
USA,Jackson,Louisiana,US,32.30251776,-92.55692092,"Jackson, Louisiana, US",15744,Americas
USA,Jefferson,Louisiana,US,29.74075478,-90.11115756,"Jefferson, Louisiana, US",432493,Americas
USA,Jefferson Davis,Louisiana,US,30.26896765,-92.81210004,"Jefferson Davis, Louisiana, US",31368,Americas
USA,Lafayette,Louisiana,US,30.2049055,-92.06959876,"Lafayette, Louisiana, US",244390,Americas
USA,Lafourche,Louisiana,US,29.52470226,-90.40976986,"Lafourche, Louisiana, US",97614,Americas
USA,LaSalle,Louisiana,US,31.67884782,-92.15907765,"LaSalle, Louisiana, US",14892,Americas
USA,Lincoln,Louisiana,US,32.6003154,-92.6659741,"Lincoln, Louisiana, US",46742,Americas
USA,Livingston,Louisiana,US,30.44143993,-90.73061664,"Livingston, Louisiana, US",140789,Americas
USA,Madison,Louisiana,US,32.36918118,-91.23973355,"Madison, Louisiana, US",10951,Americas
USA,Morehouse,Louisiana,US,32.81686191,-91.80421614,"Morehouse, Louisiana, US",24874,Americas
USA,Natchitoches,Louisiana,US,31.72321584,-93.09816516,"Natchitoches, Louisiana, US",38158,Americas
USA,Orleans,Louisiana,US,30.06971951,-89.92660315,"Orleans, Louisiana, US",390144,Americas
USA,Ouachita,Louisiana,US,32.47645559,-92.15704172,"Ouachita, Louisiana, US",153279,Americas
USA,Plaquemines,Louisiana,US,29.42245447,-89.60322085,"Plaquemines, Louisiana, US",23197,Americas
USA,Pointe Coupee,Louisiana,US,30.71409502,-91.60209535,"Pointe Coupee, Louisiana, US",21730,Americas
USA,Rapides,Louisiana,US,31.19778499,-92.52997303,"Rapides, Louisiana, US",129648,Americas
USA,Red River,Louisiana,US,32.09530039,-93.34213308,"Red River, Louisiana, US",8442,Americas
USA,Richland,Louisiana,US,32.41391005,-91.76634876,"Richland, Louisiana, US",20122,Americas
USA,Sabine,Louisiana,US,31.56388699,-93.55433981,"Sabine, Louisiana, US",23884,Americas
USA,St. Bernard,Louisiana,US,29.87761636,-89.51887093,"St. Bernard, Louisiana, US",47244,Americas
USA,St. Charles,Louisiana,US,29.90709658,-90.35555967,"St. Charles, Louisiana, US",53100,Americas
USA,St. Helena,Louisiana,US,30.82210324,-90.71013176,"St. Helena, Louisiana, US",10132,Americas
USA,St. James,Louisiana,US,30.02531716,-90.80212061,"St. James, Louisiana, US",21096,Americas
USA,St. John the Baptist,Louisiana,US,30.12597499,-90.4753503,"St. John the Baptist, Louisiana, US",42837,Americas
USA,St. Landry,Louisiana,US,30.59724262,-92.00135806,"St. Landry, Louisiana, US",82124,Americas
USA,St. Martin,Louisiana,US,30.13112107,-91.61403569,"St. Martin, Louisiana, US",53431,Americas
USA,St. Mary,Louisiana,US,29.69262097,-91.44702164,"St. Mary, Louisiana, US",49348,Americas
USA,St. Tammany,Louisiana,US,30.40942847,-89.95642711,"St. Tammany, Louisiana, US",260419,Americas
USA,Tangipahoa,Louisiana,US,30.62888673,-90.40664996,"Tangipahoa, Louisiana, US",134758,Americas
USA,Tensas,Louisiana,US,32.00760749,-91.32915234,"Tensas, Louisiana, US",4334,Americas
USA,Terrebonne,Louisiana,US,29.37343766,-90.82626855,"Terrebonne, Louisiana, US",110461,Americas
USA,Union,Louisiana,US,32.83121059,-92.3749373,"Union, Louisiana, US",22108,Americas
USA,Vermilion,Louisiana,US,29.83517605,-92.30292538,"Vermilion, Louisiana, US",59511,Americas
USA,Vernon,Louisiana,US,31.10884837,-93.18153838,"Vernon, Louisiana, US",47429,Americas
USA,Washington,Louisiana,US,30.85288548,-90.03866652,"Washington, Louisiana, US",46194,Americas
USA,Webster,Louisiana,US,32.70847669,-93.33121835,"Webster, Louisiana, US",38340,Americas
USA,West Baton Rouge,Louisiana,US,30.46058217,-91.30989571,"West Baton Rouge, Louisiana, US",26465,Americas
USA,West Carroll,Louisiana,US,32.78550125,-91.461201,"West Carroll, Louisiana, US",10830,Americas
USA,West Feliciana,Louisiana,US,30.87882871,-91.4148538,"West Feliciana, Louisiana, US",15568,Americas
USA,Winn,Louisiana,US,31.94449367,-92.63789413,"Winn, Louisiana, US",13904,Americas
USA,Androscoggin,Maine,US,44.1664747,-70.20380627,"Androscoggin, Maine, US",108277,Americas
USA,Aroostook,Maine,US,46.65926321,-68.59841248,"Aroostook, Maine, US",67055,Americas
USA,Cumberland,Maine,US,43.8370751,-70.37226999,"Cumberland, Maine, US",295003,Americas
USA,Franklin,Maine,US,44.97330019,-70.44381045,"Franklin, Maine, US",30199,Americas
USA,Hancock,Maine,US,44.59816444,-68.38401854,"Hancock, Maine, US",54987,Americas
USA,Kennebec,Maine,US,44.40759555,-69.76738544,"Kennebec, Maine, US",122302,Americas
USA,Knox,Maine,US,44.11486325,-69.10529169,"Knox, Maine, US",39772,Americas
USA,Lincoln,Maine,US,44.05996956,-69.54227124,"Lincoln, Maine, US",34634,Americas
USA,Oxford,Maine,US,44.49952995,-70.75682123,"Oxford, Maine, US",57975,Americas
USA,Penobscot,Maine,US,45.40194593,-68.65020455,"Penobscot, Maine, US",152148,Americas
USA,Piscataquis,Maine,US,45.83839062,-69.2860223,"Piscataquis, Maine, US",16785,Americas
USA,Sagadahoc,Maine,US,43.95415864,-69.85074999,"Sagadahoc, Maine, US",35856,Americas
USA,Somerset,Maine,US,45.51229767,-69.95995554,"Somerset, Maine, US",50484,Americas
USA,Waldo,Maine,US,44.4858305,-69.12061935,"Waldo, Maine, US",39715,Americas
USA,Washington,Maine,US,45.01607142,-67.62813524,"Washington, Maine, US",31379,Americas
USA,York,Maine,US,43.47808377,-70.71052375,"York, Maine, US",207641,Americas
USA,Allegany,Maryland,US,39.62357628,-78.69280486,"Allegany, Maryland, US",70416,Americas
USA,Anne Arundel,Maryland,US,39.00670238,-76.60329337,"Anne Arundel, Maryland, US",579234,Americas
USA,Baltimore,Maryland,US,39.45784712,-76.62911955,"Baltimore, Maryland, US",827370,Americas
USA,Calvert,Maryland,US,38.53961642,-76.56820632,"Calvert, Maryland, US",92525,Americas
USA,Caroline,Maryland,US,38.87172293,-75.82904158,"Caroline, Maryland, US",33406,Americas
USA,Carroll,Maryland,US,39.56453592,-77.02373735,"Carroll, Maryland, US",168447,Americas
USA,Cecil,Maryland,US,39.56647682,-75.94627411,"Cecil, Maryland, US",102855,Americas
USA,Charles,Maryland,US,38.51092331,-76.98580666,"Charles, Maryland, US",163257,Americas
USA,Dorchester,Maryland,US,38.45413522,-76.02752426,"Dorchester, Maryland, US",31929,Americas
USA,Frederick,Maryland,US,39.47296601,-77.39999394,"Frederick, Maryland, US",259547,Americas
USA,Garrett,Maryland,US,39.52786077,-79.27355126,"Garrett, Maryland, US",29014,Americas
USA,Harford,Maryland,US,39.55010644,-76.3077594,"Harford, Maryland, US",255441,Americas
USA,Howard,Maryland,US,39.25305293,-76.93126208,"Howard, Maryland, US",325690,Americas
USA,Kent,Maryland,US,39.24976208,-76.04741541,"Kent, Maryland, US",19422,Americas
USA,Montgomery,Maryland,US,39.13676329,-77.20358245,"Montgomery, Maryland, US",1050688,Americas
USA,Prince George's,Maryland,US,38.83070039,-76.8496441,"Prince George's, Maryland, US",909327,Americas
USA,Queen Anne's,Maryland,US,39.06198912,-76.03530977,"Queen Anne's, Maryland, US",50381,Americas
USA,St. Mary's,Maryland,US,38.30058422,-76.6062928,"St. Mary's, Maryland, US",113510,Americas
USA,Somerset,Maryland,US,38.1163542,-75.75118623,"Somerset, Maryland, US",25616,Americas
USA,Talbot,Maryland,US,38.76618159,-76.10882561,"Talbot, Maryland, US",37181,Americas
USA,Washington,Maryland,US,39.60835778,-77.82002295,"Washington, Maryland, US",151049,Americas
USA,Wicomico,Maryland,US,38.37301947,-75.62705831,"Wicomico, Maryland, US",103609,Americas
USA,Worcester,Maryland,US,38.21274277,-75.33200012,"Worcester, Maryland, US",52276,Americas
USA,Baltimore City,Maryland,US,39.30211911,-76.61151012,"Baltimore City, Maryland, US",593490,Americas
USA,Barnstable,Massachusetts,US,41.72980578,-70.28854339,"Barnstable, Massachusetts, US",212990,Americas
USA,Berkshire,Massachusetts,US,42.37428441,-73.20524838,"Berkshire, Massachusetts, US",124944,Americas
USA,Bristol,Massachusetts,US,41.79228404,-71.10872211,"Bristol, Massachusetts, US",565217,Americas
USA,Dukes,Massachusetts,US,41.40674725,-70.68763497,"Dukes, Massachusetts, US",17332,Americas
USA,Essex,Massachusetts,US,42.6687626,-70.94687179,"Essex, Massachusetts, US",789034,Americas
USA,Franklin,Massachusetts,US,42.58119713,-72.58602547,"Franklin, Massachusetts, US",70180,Americas
USA,Hampden,Massachusetts,US,42.13440424,-72.63235561,"Hampden, Massachusetts, US",466372,Americas
USA,Hampshire,Massachusetts,US,42.33997957,-72.65898478,"Hampshire, Massachusetts, US",160830,Americas
USA,Middlesex,Massachusetts,US,42.48607732,-71.39049229,"Middlesex, Massachusetts, US",1611699,Americas
USA,Nantucket,Massachusetts,US,41.2942019,-70.08774729,"Nantucket, Massachusetts, US",11399,Americas
USA,Norfolk,Massachusetts,US,42.16073095,-71.20530408,"Norfolk, Massachusetts, US",706775,Americas
USA,Plymouth,Massachusetts,US,41.94070556,-70.80802823,"Plymouth, Massachusetts, US",521202,Americas
USA,Suffolk,Massachusetts,US,42.3279514,-71.07850442,"Suffolk, Massachusetts, US",803907,Americas
USA,Worcester,Massachusetts,US,42.35026951,-71.90493363,"Worcester, Massachusetts, US",830622,Americas
USA,Alcona,Michigan,US,44.6846864,-83.59507875,"Alcona, Michigan, US",10405,Americas
USA,Alger,Michigan,US,46.41292944,-86.60260122,"Alger, Michigan, US",9108,Americas
USA,Allegan,Michigan,US,42.59147037,-85.89102866,"Allegan, Michigan, US",118081,Americas
USA,Alpena,Michigan,US,45.03477666,-83.62212411,"Alpena, Michigan, US",28405,Americas
USA,Antrim,Michigan,US,44.99690221,-85.15503082,"Antrim, Michigan, US",23324,Americas
USA,Arenac,Michigan,US,44.0636262,-83.89277559,"Arenac, Michigan, US",14883,Americas
USA,Baraga,Michigan,US,46.6720582,-88.36363591,"Baraga, Michigan, US",8209,Americas
USA,Barry,Michigan,US,42.59513984,-85.30834519,"Barry, Michigan, US",61550,Americas
USA,Bay,Michigan,US,43.70639106,-83.98731479,"Bay, Michigan, US",103126,Americas
USA,Benzie,Michigan,US,44.63899297,-86.01608482,"Benzie, Michigan, US",17766,Americas
USA,Berrien,Michigan,US,41.95447397,-86.4131308,"Berrien, Michigan, US",153401,Americas
USA,Branch,Michigan,US,41.91600556,-85.05929476,"Branch, Michigan, US",43517,Americas
USA,Calhoun,Michigan,US,42.24633834,-85.00493569,"Calhoun, Michigan, US",134159,Americas
USA,Cass,Michigan,US,41.91522292,-85.99405727,"Cass, Michigan, US",51787,Americas
USA,Charlevoix,Michigan,US,45.37790017,-85.19614053,"Charlevoix, Michigan, US",26143,Americas
USA,Cheboygan,Michigan,US,45.44787015,-84.50122149,"Cheboygan, Michigan, US",25276,Americas
USA,Chippewa,Michigan,US,46.29552653,-84.54353449,"Chippewa, Michigan, US",37349,Americas
USA,Clare,Michigan,US,43.98794227,-84.8481986,"Clare, Michigan, US",30950,Americas
USA,Clinton,Michigan,US,42.94400871,-84.60145248,"Clinton, Michigan, US",79595,Americas
USA,Crawford,Michigan,US,44.68255561,-84.61006219,"Crawford, Michigan, US",14029,Americas
USA,Delta,Michigan,US,45.9048491,-86.9080745,"Delta, Michigan, US",35784,Americas
USA,Dickinson,Michigan,US,46.00999672,-87.86961634,"Dickinson, Michigan, US",25239,Americas
USA,Eaton,Michigan,US,42.59599185,-84.83740035,"Eaton, Michigan, US",110268,Americas
USA,Emmet,Michigan,US,45.52625509,-84.89083249,"Emmet, Michigan, US",33415,Americas
USA,Genesee,Michigan,US,43.02244215,-83.70589709,"Genesee, Michigan, US",405813,Americas
USA,Gladwin,Michigan,US,43.98901072,-84.38774817,"Gladwin, Michigan, US",25449,Americas
USA,Gogebic,Michigan,US,46.40862701,-89.69377193,"Gogebic, Michigan, US",13975,Americas
USA,Grand Traverse,Michigan,US,44.69565625,-85.55585247,"Grand Traverse, Michigan, US",93088,Americas
USA,Gratiot,Michigan,US,43.29265605,-84.60505416,"Gratiot, Michigan, US",40711,Americas
USA,Hillsdale,Michigan,US,41.88753639,-84.59312019,"Hillsdale, Michigan, US",45605,Americas
USA,Houghton,Michigan,US,46.89988536,-88.68495385,"Houghton, Michigan, US",35684,Americas
USA,Huron,Michigan,US,43.83353985,-83.04078453,"Huron, Michigan, US",30981,Americas
USA,Ingham,Michigan,US,42.59716886,-84.37472069,"Ingham, Michigan, US",292406,Americas
USA,Ionia,Michigan,US,42.94502238,-85.07413319,"Ionia, Michigan, US",64697,Americas
USA,Iosco,Michigan,US,44.35486835,-83.63484895,"Iosco, Michigan, US",25127,Americas
USA,Iron,Michigan,US,46.20974132,-88.53136251,"Iron, Michigan, US",11066,Americas
USA,Isabella,Michigan,US,43.64060976,-84.84664923,"Isabella, Michigan, US",69872,Americas
USA,Jackson,Michigan,US,42.24807035,-84.42258681,"Jackson, Michigan, US",158510,Americas
USA,Kalamazoo,Michigan,US,42.24542231,-85.53038622,"Kalamazoo, Michigan, US",265066,Americas
USA,Kalkaska,Michigan,US,44.68512729,-85.09085699,"Kalkaska, Michigan, US",18038,Americas
USA,Kent,Michigan,US,43.03197711,-85.54934642,"Kent, Michigan, US",656955,Americas
USA,Keweenaw,Michigan,US,47.63197653,-88.41434263,"Keweenaw, Michigan, US",2116,Americas
USA,Lake,Michigan,US,43.99050893,-85.802173,"Lake, Michigan, US",11853,Americas
USA,Lapeer,Michigan,US,43.09052506,-83.22153148,"Lapeer, Michigan, US",87607,Americas
USA,Leelanau,Michigan,US,44.94430054,-85.80150326,"Leelanau, Michigan, US",21761,Americas
USA,Lenawee,Michigan,US,41.89475156,-84.06603727,"Lenawee, Michigan, US",98451,Americas
USA,Livingston,Michigan,US,42.60302282,-83.91297209,"Livingston, Michigan, US",191995,Americas
USA,Luce,Michigan,US,46.47227431,-85.54471223,"Luce, Michigan, US",6229,Americas
USA,Mackinac,Michigan,US,46.07028979,-85.04980537,"Mackinac, Michigan, US",10799,Americas
USA,Macomb,Michigan,US,42.69158356,-82.92752801,"Macomb, Michigan, US",873972,Americas
USA,Manistee,Michigan,US,44.33352407,-86.05626916,"Manistee, Michigan, US",24558,Americas
USA,Marquette,Michigan,US,46.4338914,-87.64043701,"Marquette, Michigan, US",66699,Americas
USA,Mason,Michigan,US,43.99509218,-86.24988902,"Mason, Michigan, US",29144,Americas
USA,Mecosta,Michigan,US,43.64064262,-85.32463223,"Mecosta, Michigan, US",43453,Americas
USA,Menominee,Michigan,US,45.58038692,-87.55370409,"Menominee, Michigan, US",22780,Americas
USA,Midland,Michigan,US,43.64330771,-84.38804374,"Midland, Michigan, US",83156,Americas
USA,Missaukee,Michigan,US,44.33772443,-85.09256478,"Missaukee, Michigan, US",15118,Americas
USA,Monroe,Michigan,US,41.92734151,-83.53749864,"Monroe, Michigan, US",150500,Americas
USA,Montcalm,Michigan,US,43.31082541,-85.15252824,"Montcalm, Michigan, US",63888,Americas
USA,Montmorency,Michigan,US,45.0275929,-84.12696227,"Montmorency, Michigan, US",9328,Americas
USA,Muskegon,Michigan,US,43.29123859,-86.15176712,"Muskegon, Michigan, US",173566,Americas
USA,Newaygo,Michigan,US,43.554374,-85.80070107,"Newaygo, Michigan, US",48980,Americas
USA,Oakland,Michigan,US,42.66090111,-83.38595416,"Oakland, Michigan, US",1257584,Americas
USA,Oceana,Michigan,US,43.64124435,-86.26726673,"Oceana, Michigan, US",26467,Americas
USA,Ogemaw,Michigan,US,44.33481032,-84.12725175,"Ogemaw, Michigan, US",20997,Americas
USA,Ontonagon,Michigan,US,46.6652262,-89.31390481,"Ontonagon, Michigan, US",5720,Americas
USA,Osceola,Michigan,US,43.98992088,-85.32566756,"Osceola, Michigan, US",23460,Americas
USA,Oscoda,Michigan,US,44.68192279,-84.12939244,"Oscoda, Michigan, US",8241,Americas
USA,Otsego,Michigan,US,45.02085831,-84.59898295,"Otsego, Michigan, US",24668,Americas
USA,Ottawa,Michigan,US,42.95996803,-85.9969107,"Ottawa, Michigan, US",291830,Americas
USA,Presque Isle,Michigan,US,45.34018577,-83.91498656,"Presque Isle, Michigan, US",12592,Americas
USA,Roscommon,Michigan,US,44.33473082,-84.61067651,"Roscommon, Michigan, US",24019,Americas
USA,Saginaw,Michigan,US,43.33433923,-84.0513121,"Saginaw, Michigan, US",190539,Americas
USA,St. Clair,Michigan,US,42.92655373,-82.67937954,"St. Clair, Michigan, US",159128,Americas
USA,St. Joseph,Michigan,US,41.91441767,-85.52797979,"St. Joseph, Michigan, US",60964,Americas
USA,Sanilac,Michigan,US,43.42406072,-82.82055898,"Sanilac, Michigan, US",41170,Americas
USA,Schoolcraft,Michigan,US,46.19235734,-86.19972234,"Schoolcraft, Michigan, US",8094,Americas
USA,Shiawassee,Michigan,US,42.953928,-84.14585902,"Shiawassee, Michigan, US",68122,Americas
USA,Tuscola,Michigan,US,43.46606813,-83.41897025,"Tuscola, Michigan, US",52245,Americas
USA,Van Buren,Michigan,US,42.25190229,-86.01939087,"Van Buren, Michigan, US",75677,Americas
USA,Washtenaw,Michigan,US,42.253105,-83.83853204,"Washtenaw, Michigan, US",367601,Americas
USA,Wayne,Michigan,US,42.28098405,-83.281255,"Wayne, Michigan, US",1749343,Americas
USA,Wexford,Michigan,US,44.33853602,-85.57712739,"Wexford, Michigan, US",33631,Americas
USA,Aitkin,Minnesota,US,46.60962049,-93.4116826,"Aitkin, Minnesota, US",15886,Americas
USA,Anoka,Minnesota,US,45.27476015,-93.24604565,"Anoka, Minnesota, US",356921,Americas
USA,Becker,Minnesota,US,46.93479392,-95.67158144,"Becker, Minnesota, US",34423,Americas
USA,Beltrami,Minnesota,US,47.97373527,-94.93732139,"Beltrami, Minnesota, US",47188,Americas
USA,Benton,Minnesota,US,45.69804958,-93.99514135,"Benton, Minnesota, US",40889,Americas
USA,Big Stone,Minnesota,US,45.42712824,-96.41403739,"Big Stone, Minnesota, US",4991,Americas
USA,Blue Earth,Minnesota,US,44.03554215,-94.06699781,"Blue Earth, Minnesota, US",67653,Americas
USA,Brown,Minnesota,US,44.24205652,-94.72562874,"Brown, Minnesota, US",25008,Americas
USA,Carlton,Minnesota,US,46.59180601,-92.67601019,"Carlton, Minnesota, US",35871,Americas
USA,Carver,Minnesota,US,44.82017001,-93.8009918,"Carver, Minnesota, US",105089,Americas
USA,Cass,Minnesota,US,46.95043611,-94.32603968,"Cass, Minnesota, US",29779,Americas
USA,Chippewa,Minnesota,US,45.02343421,-95.56403693,"Chippewa, Minnesota, US",11800,Americas
USA,Chisago,Minnesota,US,45.5021011,-92.90861945,"Chisago, Minnesota, US",56579,Americas
USA,Clay,Minnesota,US,46.89289518,-96.48761922,"Clay, Minnesota, US",64222,Americas
USA,Clearwater,Minnesota,US,47.57992111,-95.37790562,"Clearwater, Minnesota, US",8818,Americas
USA,Cook,Minnesota,US,47.90504893,-90.52629546,"Cook, Minnesota, US",5463,Americas
USA,Cottonwood,Minnesota,US,44.00715262,-95.18138802,"Cottonwood, Minnesota, US",11196,Americas
USA,Crow Wing,Minnesota,US,46.48096553,-94.06755609,"Crow Wing, Minnesota, US",65055,Americas
USA,Dakota,Minnesota,US,44.67172617,-93.06299363,"Dakota, Minnesota, US",429021,Americas
USA,Dodge,Minnesota,US,44.02238415,-92.86244324,"Dodge, Minnesota, US",20934,Americas
USA,Douglas,Minnesota,US,45.93348491,-95.45335469,"Douglas, Minnesota, US",38141,Americas
USA,Faribault,Minnesota,US,43.67381499,-93.94787458,"Faribault, Minnesota, US",13653,Americas
USA,Fillmore,Minnesota,US,43.67394126,-92.08980382,"Fillmore, Minnesota, US",21067,Americas
USA,Freeborn,Minnesota,US,43.67385583,-93.34884422,"Freeborn, Minnesota, US",30281,Americas
USA,Goodhue,Minnesota,US,44.40849741,-92.7234195,"Goodhue, Minnesota, US",46340,Americas
USA,Grant,Minnesota,US,45.93424769,-96.01139609,"Grant, Minnesota, US",5972,Americas
USA,Hennepin,Minnesota,US,45.00761521,-93.47694895,"Hennepin, Minnesota, US",1265843,Americas
USA,Houston,Minnesota,US,43.67129565,-91.49143057,"Houston, Minnesota, US",18600,Americas
USA,Hubbard,Minnesota,US,47.10778564,-94.91693868,"Hubbard, Minnesota, US",21491,Americas
USA,Isanti,Minnesota,US,45.56181234,-93.29487636,"Isanti, Minnesota, US",40596,Americas
USA,Itasca,Minnesota,US,47.51009045,-93.63092229,"Itasca, Minnesota, US",45130,Americas
USA,Jackson,Minnesota,US,43.67423373,-95.15398258,"Jackson, Minnesota, US",9846,Americas
USA,Kanabec,Minnesota,US,45.9459309,-93.29275192,"Kanabec, Minnesota, US",16337,Americas
USA,Kandiyohi,Minnesota,US,45.1526059,-95.00586446,"Kandiyohi, Minnesota, US",43199,Americas
USA,Kittson,Minnesota,US,48.77754106,-96.78317184,"Kittson, Minnesota, US",4298,Americas
USA,Koochiching,Minnesota,US,48.24539665,-93.78352843,"Koochiching, Minnesota, US",12229,Americas
USA,Lac qui Parle,Minnesota,US,44.9973857,-96.17488219,"Lac qui Parle, Minnesota, US",6623,Americas
USA,Lake,Minnesota,US,47.64270764,-91.44557998,"Lake, Minnesota, US",10641,Americas
USA,Lake of the Woods,Minnesota,US,48.77217001,-94.90274472,"Lake of the Woods, Minnesota, US",3740,Americas
USA,Le Sueur,Minnesota,US,44.37136597,-93.72844721,"Le Sueur, Minnesota, US",28887,Americas
USA,Lincoln,Minnesota,US,44.41311883,-96.26688165,"Lincoln, Minnesota, US",5639,Americas
USA,Lyon,Minnesota,US,44.41327865,-95.83806103,"Lyon, Minnesota, US",25474,Americas
USA,McLeod,Minnesota,US,44.82367677,-94.27287017,"McLeod, Minnesota, US",35893,Americas
USA,Mahnomen,Minnesota,US,47.32557075,-95.80921485,"Mahnomen, Minnesota, US",5527,Americas
USA,Marshall,Minnesota,US,48.35825983,-96.37017407,"Marshall, Minnesota, US",9336,Americas
USA,Martin,Minnesota,US,43.67429718,-94.55099908,"Martin, Minnesota, US",19683,Americas
USA,Meeker,Minnesota,US,45.12328869,-94.52839455,"Meeker, Minnesota, US",23222,Americas
USA,Mille Lacs,Minnesota,US,45.93705297,-93.63236823,"Mille Lacs, Minnesota, US",26277,Americas
USA,Morrison,Minnesota,US,46.01265363,-94.27341528,"Morrison, Minnesota, US",33386,Americas
USA,Mower,Minnesota,US,43.67142874,-92.75234549,"Mower, Minnesota, US",40062,Americas
USA,Murray,Minnesota,US,44.02216709,-95.76328482,"Murray, Minnesota, US",8194,Americas
USA,Nicollet,Minnesota,US,44.35291112,-94.24710352,"Nicollet, Minnesota, US",34274,Americas
USA,Nobles,Minnesota,US,43.67434621,-95.75329576,"Nobles, Minnesota, US",21629,Americas
USA,Norman,Minnesota,US,47.32628443,-96.45620947,"Norman, Minnesota, US",6375,Americas
USA,Olmsted,Minnesota,US,44.00374114,-92.40209944,"Olmsted, Minnesota, US",158293,Americas
USA,Otter Tail,Minnesota,US,46.40846929,-95.70835255,"Otter Tail, Minnesota, US",58746,Americas
USA,Pennington,Minnesota,US,48.06642577,-96.0370814,"Pennington, Minnesota, US",14119,Americas
USA,Pine,Minnesota,US,46.12105238,-92.74070188,"Pine, Minnesota, US",29579,Americas
USA,Pipestone,Minnesota,US,44.02301619,-96.25841142,"Pipestone, Minnesota, US",9126,Americas
USA,Polk,Minnesota,US,47.77372465,-96.40134647,"Polk, Minnesota, US",31364,Americas
USA,Pope,Minnesota,US,45.58606667,-95.44451209,"Pope, Minnesota, US",11249,Americas
USA,Ramsey,Minnesota,US,45.01625271,-93.09872295,"Ramsey, Minnesota, US",550321,Americas
USA,Red Lake,Minnesota,US,47.87197525,-96.09561104,"Red Lake, Minnesota, US",4055,Americas
USA,Redwood,Minnesota,US,44.40555844,-95.25207021,"Redwood, Minnesota, US",15170,Americas
USA,Renville,Minnesota,US,44.72836381,-94.94553734,"Renville, Minnesota, US",14548,Americas
USA,Rice,Minnesota,US,44.3543376,-93.29658715,"Rice, Minnesota, US",66972,Americas
USA,Rock,Minnesota,US,43.67482683,-96.25296832,"Rock, Minnesota, US",9315,Americas
USA,Roseau,Minnesota,US,48.77501878,-95.81079919,"Roseau, Minnesota, US",15165,Americas
USA,St. Louis,Minnesota,US,47.6048407,-92.46879855,"St. Louis, Minnesota, US",199070,Americas
USA,Scott,Minnesota,US,44.6490231,-93.53340251,"Scott, Minnesota, US",149013,Americas
USA,Sherburne,Minnesota,US,45.44447208,-93.77617511,"Sherburne, Minnesota, US",97238,Americas
USA,Sibley,Minnesota,US,44.5796592,-94.23164924,"Sibley, Minnesota, US",14865,Americas
USA,Stearns,Minnesota,US,45.55192576,-94.61078221,"Stearns, Minnesota, US",161075,Americas
USA,Steele,Minnesota,US,44.02240351,-93.22627088,"Steele, Minnesota, US",36649,Americas
USA,Stevens,Minnesota,US,45.58613007,-96.00163705,"Stevens, Minnesota, US",9805,Americas
USA,Swift,Minnesota,US,45.2829032,-95.68264092,"Swift, Minnesota, US",9266,Americas
USA,Todd,Minnesota,US,46.06996226,-94.89785296,"Todd, Minnesota, US",24664,Americas
USA,Traverse,Minnesota,US,45.77298854,-96.47062949,"Traverse, Minnesota, US",3259,Americas
USA,Wabasha,Minnesota,US,44.28424356,-92.23121312,"Wabasha, Minnesota, US",21627,Americas
USA,Wadena,Minnesota,US,46.58589171,-94.96968506,"Wadena, Minnesota, US",13682,Americas
USA,Waseca,Minnesota,US,44.02211116,-93.58720034,"Waseca, Minnesota, US",18612,Americas
USA,Washington,Minnesota,US,45.03864533,-92.88429635,"Washington, Minnesota, US",262440,Americas
USA,Watonwan,Minnesota,US,43.97823903,-94.61413846,"Watonwan, Minnesota, US",10897,Americas
USA,Wilkin,Minnesota,US,46.35721532,-96.4684375,"Wilkin, Minnesota, US",6207,Americas
USA,Winona,Minnesota,US,43.98772283,-91.78081305,"Winona, Minnesota, US",50484,Americas
USA,Wright,Minnesota,US,45.17297924,-93.96234781,"Wright, Minnesota, US",138377,Americas
USA,Yellow Medicine,Minnesota,US,44.71710183,-95.86842453,"Yellow Medicine, Minnesota, US",9709,Americas
USA,Adams,Mississippi,US,31.47669768,-91.35326037,"Adams, Mississippi, US",30693,Americas
USA,Alcorn,Mississippi,US,34.88084463,-88.57996173,"Alcorn, Mississippi, US",36953,Americas
USA,Amite,Mississippi,US,31.17467303,-90.80501621,"Amite, Mississippi, US",12297,Americas
USA,Attala,Mississippi,US,33.08658803,-89.57838564,"Attala, Mississippi, US",18174,Americas
USA,Benton,Mississippi,US,34.81681228,-89.18945516,"Benton, Mississippi, US",8259,Americas
USA,Bolivar,Mississippi,US,33.79696941,-90.87372121,"Bolivar, Mississippi, US",30628,Americas
USA,Calhoun,Mississippi,US,33.93683395,-89.33686647,"Calhoun, Mississippi, US",14361,Americas
USA,Carroll,Mississippi,US,33.44834567,-89.91994479,"Carroll, Mississippi, US",9947,Americas
USA,Chickasaw,Mississippi,US,33.91983202,-88.9481545,"Chickasaw, Mississippi, US",17103,Americas
USA,Choctaw,Mississippi,US,33.34598242,-89.24809382,"Choctaw, Mississippi, US",8210,Americas
USA,Claiborne,Mississippi,US,31.97061673,-90.90702196,"Claiborne, Mississippi, US",8988,Americas
USA,Clarke,Mississippi,US,32.04158545,-88.6889622,"Clarke, Mississippi, US",15541,Americas
USA,Clay,Mississippi,US,33.65358105,-88.77784255,"Clay, Mississippi, US",19316,Americas
USA,Coahoma,Mississippi,US,34.22772299,-90.60415045,"Coahoma, Mississippi, US",22124,Americas
USA,Copiah,Mississippi,US,31.86977774,-90.44565118,"Copiah, Mississippi, US",28065,Americas
USA,Covington,Mississippi,US,31.63225413,-89.55389939,"Covington, Mississippi, US",18636,Americas
USA,DeSoto,Mississippi,US,34.87625235,-89.99091418,"DeSoto, Mississippi, US",184945,Americas
USA,Forrest,Mississippi,US,31.18961454,-89.25832496,"Forrest, Mississippi, US",74897,Americas
USA,Franklin,Mississippi,US,31.47786634,-90.89672989,"Franklin, Mississippi, US",7713,Americas
USA,George,Mississippi,US,30.86259065,-88.64436789,"George, Mississippi, US",24500,Americas
USA,Greene,Mississippi,US,31.21444233,-88.63922281,"Greene, Mississippi, US",13586,Americas
USA,Grenada,Mississippi,US,33.77036166,-89.80245083,"Grenada, Mississippi, US",20758,Americas
USA,Hancock,Mississippi,US,30.41830223,-89.48851033,"Hancock, Mississippi, US",47632,Americas
USA,Harrison,Mississippi,US,30.51359752,-89.12467576,"Harrison, Mississippi, US",208080,Americas
USA,Hinds,Mississippi,US,32.2656285,-90.44435448,"Hinds, Mississippi, US",231840,Americas
USA,Holmes,Mississippi,US,33.12345854,-90.08923538,"Holmes, Mississippi, US",17010,Americas
USA,Humphreys,Mississippi,US,33.12825718,-90.52252707,"Humphreys, Mississippi, US",8064,Americas
USA,Issaquena,Mississippi,US,32.72531359,-90.97392828,"Issaquena, Mississippi, US",1327,Americas
USA,Itawamba,Mississippi,US,34.27993475,-88.3606733,"Itawamba, Mississippi, US",23390,Americas
USA,Jackson,Mississippi,US,30.54020656,-88.64184064,"Jackson, Mississippi, US",143617,Americas
USA,Jasper,Mississippi,US,32.01922104,-89.11786866,"Jasper, Mississippi, US",16383,Americas
USA,Jefferson,Mississippi,US,31.73397872,-91.03764977,"Jefferson, Mississippi, US",6990,Americas
USA,Jefferson Davis,Mississippi,US,31.56884708,-89.8267099,"Jefferson Davis, Mississippi, US",11128,Americas
USA,Jones,Mississippi,US,31.62257767,-89.168969,"Jones, Mississippi, US",68098,Americas
USA,Kemper,Mississippi,US,32.75462946,-88.64105766,"Kemper, Mississippi, US",9742,Americas
USA,Lafayette,Mississippi,US,34.35687874,-89.48490961,"Lafayette, Mississippi, US",54019,Americas
USA,Lamar,Mississippi,US,31.20572971,-89.5077704,"Lamar, Mississippi, US",63343,Americas
USA,Lauderdale,Mississippi,US,32.40419769,-88.66229662,"Lauderdale, Mississippi, US",74125,Americas
USA,Lawrence,Mississippi,US,31.55147224,-90.10841127,"Lawrence, Mississippi, US",12586,Americas
USA,Leake,Mississippi,US,32.7536828,-89.52402044,"Leake, Mississippi, US",22786,Americas
USA,Lee,Mississippi,US,34.2918775,-88.68149954,"Lee, Mississippi, US",85436,Americas
USA,Leflore,Mississippi,US,33.55545125,-90.29900733,"Leflore, Mississippi, US",28183,Americas
USA,Lincoln,Mississippi,US,31.53288662,-90.45391915,"Lincoln, Mississippi, US",34153,Americas
USA,Lowndes,Mississippi,US,33.47386518,-88.4419153,"Lowndes, Mississippi, US",58595,Americas
USA,Madison,Mississippi,US,32.63389156,-90.03513564,"Madison, Mississippi, US",106272,Americas
USA,Marion,Mississippi,US,31.23132643,-89.8209217,"Marion, Mississippi, US",24573,Americas
USA,Marshall,Mississippi,US,34.76216286,-89.50299462,"Marshall, Mississippi, US",35294,Americas
USA,Monroe,Mississippi,US,33.89236763,-88.4808438,"Monroe, Mississippi, US",35252,Americas
USA,Montgomery,Mississippi,US,33.49419589,-89.61729103,"Montgomery, Mississippi, US",9775,Americas
USA,Neshoba,Mississippi,US,32.75339664,-89.11726492,"Neshoba, Mississippi, US",29118,Americas
USA,Newton,Mississippi,US,32.40021118,-89.11843336,"Newton, Mississippi, US",21018,Americas
USA,Noxubee,Mississippi,US,33.11009499,-88.56949061,"Noxubee, Mississippi, US",10417,Americas
USA,Oktibbeha,Mississippi,US,33.42491685,-88.87905132,"Oktibbeha, Mississippi, US",49587,Americas
USA,Panola,Mississippi,US,34.36398677,-89.95064249,"Panola, Mississippi, US",34192,Americas
USA,Pearl River,Mississippi,US,30.77090935,-89.58677275,"Pearl River, Mississippi, US",55535,Americas
USA,Perry,Mississippi,US,31.17161885,-88.99281835,"Perry, Mississippi, US",11973,Americas
USA,Pike,Mississippi,US,31.17507789,-90.40392572,"Pike, Mississippi, US",39288,Americas
USA,Pontotoc,Mississippi,US,34.226046,-89.03636807,"Pontotoc, Mississippi, US",32174,Americas
USA,Prentiss,Mississippi,US,34.61810501,-88.51986294,"Prentiss, Mississippi, US",25126,Americas
USA,Quitman,Mississippi,US,34.25157572,-90.28908,"Quitman, Mississippi, US",6792,Americas
USA,Rankin,Mississippi,US,32.26469147,-89.94537876,"Rankin, Mississippi, US",155271,Americas
USA,Scott,Mississippi,US,32.4067041,-89.53789439,"Scott, Mississippi, US",28124,Americas
USA,Sharkey,Mississippi,US,32.88149103,-90.8159538,"Sharkey, Mississippi, US",4321,Americas
USA,Simpson,Mississippi,US,31.91282117,-89.91716179,"Simpson, Mississippi, US",26658,Americas
USA,Smith,Mississippi,US,32.01744532,-89.50644846,"Smith, Mississippi, US",15916,Americas
USA,Stone,Mississippi,US,30.79187949,-89.11547539,"Stone, Mississippi, US",18336,Americas
USA,Sunflower,Mississippi,US,33.60192578,-90.58882684,"Sunflower, Mississippi, US",25110,Americas
USA,Tallahatchie,Mississippi,US,33.95339918,-90.1729398,"Tallahatchie, Mississippi, US",13809,Americas
USA,Tate,Mississippi,US,34.65133709,-89.94485778,"Tate, Mississippi, US",28321,Americas
USA,Tippah,Mississippi,US,34.76872156,-88.90988194,"Tippah, Mississippi, US",22015,Americas
USA,Tishomingo,Mississippi,US,34.74023475,-88.23917219,"Tishomingo, Mississippi, US",19383,Americas
USA,Tunica,Mississippi,US,34.64967704,-90.37481167,"Tunica, Mississippi, US",9632,Americas
USA,Union,Mississippi,US,34.49162015,-89.00776006,"Union, Mississippi, US",28815,Americas
USA,Walthall,Mississippi,US,31.14971548,-90.10446654,"Walthall, Mississippi, US",14286,Americas
USA,Warren,Mississippi,US,32.35810271,-90.83352619,"Warren, Mississippi, US",45381,Americas
USA,Washington,Mississippi,US,33.28392041,-90.94196237,"Washington, Mississippi, US",43909,Americas
USA,Wayne,Mississippi,US,31.64135687,-88.69573913,"Wayne, Mississippi, US",20183,Americas
USA,Webster,Mississippi,US,33.61300486,-89.28392912,"Webster, Mississippi, US",9689,Americas
USA,Wilkinson,Mississippi,US,31.16078225,-91.31018819,"Wilkinson, Mississippi, US",8630,Americas
USA,Winston,Mississippi,US,33.08747908,-89.03391385,"Winston, Mississippi, US",17955,Americas
USA,Yalobusha,Mississippi,US,34.02824175,-89.7076205,"Yalobusha, Mississippi, US",12108,Americas
USA,Yazoo,Mississippi,US,32.77890365,-90.39656148,"Yazoo, Mississippi, US",29690,Americas
USA,Adair,Missouri,US,40.19058551,-92.60078167,"Adair, Missouri, US",25343,Americas
USA,Andrew,Missouri,US,39.98492163,-94.80163024,"Andrew, Missouri, US",17712,Americas
USA,Atchison,Missouri,US,40.43238737,-95.42970639,"Atchison, Missouri, US",5143,Americas
USA,Audrain,Missouri,US,39.215877,-91.84242683,"Audrain, Missouri, US",25388,Americas
USA,Barry,Missouri,US,36.70978521,-93.82919888,"Barry, Missouri, US",35789,Americas
USA,Barton,Missouri,US,37.50207671,-94.34757022,"Barton, Missouri, US",11754,Americas
USA,Bates,Missouri,US,38.25271289,-94.34113157,"Bates, Missouri, US",16172,Americas
USA,Benton,Missouri,US,38.29503305,-93.28756116,"Benton, Missouri, US",19443,Americas
USA,Bollinger,Missouri,US,37.32449052,-90.02725304,"Bollinger, Missouri, US",12133,Americas
USA,Boone,Missouri,US,38.99186229,-92.30723575,"Boone, Missouri, US",180463,Americas
USA,Buchanan,Missouri,US,39.65816401,-94.80138942,"Buchanan, Missouri, US",87364,Americas
USA,Butler,Missouri,US,36.71462476,-90.40421163,"Butler, Missouri, US",42478,Americas
USA,Caldwell,Missouri,US,39.65620858,-93.98308093,"Caldwell, Missouri, US",9020,Americas
USA,Callaway,Missouri,US,38.83674754,-91.92186505,"Callaway, Missouri, US",44743,Americas
USA,Camden,Missouri,US,38.02199522,-92.76083747,"Camden, Missouri, US",46305,Americas
USA,Cape Girardeau,Missouri,US,37.38489388,-89.6843587,"Cape Girardeau, Missouri, US",78871,Americas
USA,Carroll,Missouri,US,39.42762566,-93.50626255,"Carroll, Missouri, US",8679,Americas
USA,Carter,Missouri,US,36.94160441,-90.96051322,"Carter, Missouri, US",5982,Americas
USA,Cass,Missouri,US,38.64789422,-94.353399,"Cass, Missouri, US",105780,Americas
USA,Cedar,Missouri,US,37.72391475,-93.85445441,"Cedar, Missouri, US",14349,Americas
USA,Chariton,Missouri,US,39.51499357,-92.9629191,"Chariton, Missouri, US",7426,Americas
USA,Christian,Missouri,US,36.9711783,-93.18537118,"Christian, Missouri, US",88595,Americas
USA,Clark,Missouri,US,40.41040752,-91.73661677,"Clark, Missouri, US",6797,Americas
USA,Clay,Missouri,US,39.31132056,-94.41850862,"Clay, Missouri, US",249948,Americas
USA,Clinton,Missouri,US,39.6013098,-94.40465394,"Clinton, Missouri, US",20387,Americas
USA,Cole,Missouri,US,38.50455671,-92.27860244,"Cole, Missouri, US",76745,Americas
USA,Cooper,Missouri,US,38.844478,-92.80896081,"Cooper, Missouri, US",17709,Americas
USA,Crawford,Missouri,US,37.97663738,-91.30528104,"Crawford, Missouri, US",23920,Americas
USA,Dade,Missouri,US,37.431814,-93.8503345,"Dade, Missouri, US",7561,Americas
USA,Dallas,Missouri,US,37.6811355,-93.02127031,"Dallas, Missouri, US",16878,Americas
USA,Daviess,Missouri,US,39.96145298,-93.98519678,"Daviess, Missouri, US",8278,Americas
USA,DeKalb,Missouri,US,39.89201062,-94.40476508,"DeKalb, Missouri, US",12547,Americas
USA,Dent,Missouri,US,37.60663134,-91.50790473,"Dent, Missouri, US",15573,Americas
USA,Douglas,Missouri,US,36.9325593,-92.49905109,"Douglas, Missouri, US",13185,Americas
USA,Dunklin,Missouri,US,36.27167174,-90.09122243,"Dunklin, Missouri, US",29131,Americas
USA,Franklin,Missouri,US,38.41127108,-91.07522826,"Franklin, Missouri, US",103967,Americas
USA,Gasconade,Missouri,US,38.43947277,-91.50847147,"Gasconade, Missouri, US",14706,Americas
USA,Gentry,Missouri,US,40.21097916,-94.40944419,"Gentry, Missouri, US",6571,Americas
USA,Greene,Missouri,US,37.2575872,-93.34230916,"Greene, Missouri, US",293086,Americas
USA,Grundy,Missouri,US,40.11406587,-93.56509276,"Grundy, Missouri, US",9850,Americas
USA,Harrison,Missouri,US,40.35570088,-93.99222144,"Harrison, Missouri, US",8352,Americas
USA,Henry,Missouri,US,38.38482826,-93.79293734,"Henry, Missouri, US",21824,Americas
USA,Hickory,Missouri,US,37.94163617,-93.3203037,"Hickory, Missouri, US",9544,Americas
USA,Holt,Missouri,US,40.09799248,-95.2163888,"Holt, Missouri, US",4403,Americas
USA,Howard,Missouri,US,39.1435761,-92.69756691,"Howard, Missouri, US",10001,Americas
USA,Howell,Missouri,US,36.77383887,-91.88683935,"Howell, Missouri, US",40117,Americas
USA,Iron,Missouri,US,37.55487945,-90.7735296,"Iron, Missouri, US",10125,Americas
USA,Jackson,Missouri,US,39.01002188,-94.34724536,"Jackson, Missouri, US",703011,Americas
USA,Jasper,Missouri,US,37.20351921,-94.34050458,"Jasper, Missouri, US",121328,Americas
USA,Jefferson,Missouri,US,38.25926778,-90.53870896,"Jefferson, Missouri, US",225081,Americas
USA,Johnson,Missouri,US,38.74719601,-93.80691168,"Johnson, Missouri, US",54062,Americas
USA,Knox,Missouri,US,40.12699751,-92.14780832,"Knox, Missouri, US",3959,Americas
USA,Laclede,Missouri,US,37.65896829,-92.5888493,"Laclede, Missouri, US",35723,Americas
USA,Lafayette,Missouri,US,39.06986886,-93.78076396,"Lafayette, Missouri, US",32708,Americas
USA,Lawrence,Missouri,US,37.10626634,-93.83293097,"Lawrence, Missouri, US",38355,Americas
USA,Lewis,Missouri,US,40.09673161,-91.72070156,"Lewis, Missouri, US",9776,Americas
USA,Lincoln,Missouri,US,39.05345619,-90.95588181,"Lincoln, Missouri, US",59013,Americas
USA,Linn,Missouri,US,39.87001769,-93.10704106,"Linn, Missouri, US",11920,Americas
USA,Livingston,Missouri,US,39.78110272,-93.54645978,"Livingston, Missouri, US",15227,Americas
USA,McDonald,Missouri,US,36.62869595,-94.34867205,"McDonald, Missouri, US",22837,Americas
USA,Macon,Missouri,US,39.83049768,-92.56453089,"Macon, Missouri, US",15117,Americas
USA,Madison,Missouri,US,37.47865134,-90.3467143,"Madison, Missouri, US",12088,Americas
USA,Maries,Missouri,US,38.16193985,-91.92249662,"Maries, Missouri, US",8697,Americas
USA,Marion,Missouri,US,39.80601912,-91.62203062,"Marion, Missouri, US",28530,Americas
USA,Mercer,Missouri,US,40.42212303,-93.5682959,"Mercer, Missouri, US",3617,Americas
USA,Miller,Missouri,US,38.21450288,-92.42610898,"Miller, Missouri, US",25619,Americas
USA,Mississippi,Missouri,US,36.82516239,-89.29505753,"Mississippi, Missouri, US",13180,Americas
USA,Moniteau,Missouri,US,38.63571781,-92.57976951,"Moniteau, Missouri, US",16132,Americas
USA,Monroe,Missouri,US,39.49593978,-92.00043978,"Monroe, Missouri, US",8644,Americas
USA,Montgomery,Missouri,US,38.94022054,-91.47000721,"Montgomery, Missouri, US",11551,Americas
USA,Morgan,Missouri,US,38.4181765,-92.88791859,"Morgan, Missouri, US",20627,Americas
USA,New Madrid,Missouri,US,36.59666326,-89.66070007,"New Madrid, Missouri, US",17076,Americas
USA,Newton,Missouri,US,36.90519407,-94.3394104,"Newton, Missouri, US",58236,Americas
USA,Nodaway,Missouri,US,40.36079813,-94.88133008,"Nodaway, Missouri, US",22092,Americas
USA,Oregon,Missouri,US,36.68710164,-91.4033755,"Oregon, Missouri, US",10529,Americas
USA,Osage,Missouri,US,38.46036182,-91.8613635,"Osage, Missouri, US",13615,Americas
USA,Ozark,Missouri,US,36.64916339,-92.44459066,"Ozark, Missouri, US",9174,Americas
USA,Pemiscot,Missouri,US,36.2130572,-89.78742322,"Pemiscot, Missouri, US",15805,Americas
USA,Perry,Missouri,US,37.70660776,-89.82741088,"Perry, Missouri, US",19136,Americas
USA,Pettis,Missouri,US,38.72798918,-93.28471706,"Pettis, Missouri, US",42339,Americas
USA,Phelps,Missouri,US,37.87736118,-91.79351727,"Phelps, Missouri, US",44573,Americas
USA,Pike,Missouri,US,39.34310674,-91.16980779,"Pike, Missouri, US",18302,Americas
USA,Platte,Missouri,US,39.38154439,-94.77068479,"Platte, Missouri, US",104418,Americas
USA,Polk,Missouri,US,37.6162296,-93.39828174,"Polk, Missouri, US",32149,Americas
USA,Pulaski,Missouri,US,37.82462075,-92.20783203,"Pulaski, Missouri, US",52607,Americas
USA,Putnam,Missouri,US,40.47942497,-93.02042674,"Putnam, Missouri, US",4696,Americas
USA,Ralls,Missouri,US,39.52817427,-91.51838643,"Ralls, Missouri, US",10309,Americas
USA,Randolph,Missouri,US,39.44007257,-92.4971374,"Randolph, Missouri, US",24748,Americas
USA,Ray,Missouri,US,39.3537468,-93.98905745,"Ray, Missouri, US",23018,Americas
USA,Reynolds,Missouri,US,37.36085952,-90.97009925,"Reynolds, Missouri, US",6270,Americas
USA,Ripley,Missouri,US,36.65460667,-90.85990261,"Ripley, Missouri, US",13288,Americas
USA,St. Charles,Missouri,US,38.77875681,-90.66662425,"St. Charles, Missouri, US",402022,Americas
USA,St. Clair,Missouri,US,38.03699437,-93.77631447,"St. Clair, Missouri, US",9397,Americas
USA,Ste. Genevieve,Missouri,US,37.89090059,-90.1949941,"Ste. Genevieve, Missouri, US",17894,Americas
USA,St. Francois,Missouri,US,37.81214171,-90.47598685,"St. Francois, Missouri, US",67215,Americas
USA,St. Louis,Missouri,US,38.6377004,-90.4458375,"St. Louis, Missouri, US",994205,Americas
USA,Saline,Missouri,US,39.13734288,-93.20259964,"Saline, Missouri, US",22761,Americas
USA,Schuyler,Missouri,US,40.46921489,-92.52311943,"Schuyler, Missouri, US",4660,Americas
USA,Scotland,Missouri,US,40.45214695,-92.14709064,"Scotland, Missouri, US",4902,Americas
USA,Scott,Missouri,US,37.05588075,-89.56474493,"Scott, Missouri, US",38280,Americas
USA,Shannon,Missouri,US,37.15772072,-91.40190382,"Shannon, Missouri, US",8166,Americas
USA,Shelby,Missouri,US,39.79742518,-92.07634971,"Shelby, Missouri, US",5930,Americas
USA,Stoddard,Missouri,US,36.85571651,-89.9444155,"Stoddard, Missouri, US",29025,Americas
USA,Stone,Missouri,US,36.75000327,-93.45256475,"Stone, Missouri, US",31952,Americas
USA,Sullivan,Missouri,US,40.2099105,-93.11150106,"Sullivan, Missouri, US",6089,Americas
USA,Taney,Missouri,US,36.65465345,-93.04075153,"Taney, Missouri, US",55928,Americas
USA,Texas,Missouri,US,37.31728859,-91.96564727,"Texas, Missouri, US",25398,Americas
USA,Vernon,Missouri,US,37.8457799,-94.34127305,"Vernon, Missouri, US",20563,Americas
USA,Warren,Missouri,US,38.76529479,-91.16124662,"Warren, Missouri, US",35649,Americas
USA,Washington,Missouri,US,37.96130078,-90.87948158,"Washington, Missouri, US",24730,Americas
USA,Wayne,Missouri,US,37.11303869,-90.46001416,"Wayne, Missouri, US",12873,Americas
USA,Webster,Missouri,US,37.2813734,-92.876329,"Webster, Missouri, US",39592,Americas
USA,Worth,Missouri,US,40.47945588,-94.42328751,"Worth, Missouri, US",2013,Americas
USA,Wright,Missouri,US,37.27029221,-92.46914488,"Wright, Missouri, US",18289,Americas
USA,St. Louis City,Missouri,US,38.63555736,-90.24349225,"St. Louis City, Missouri, US",300576,Americas
USA,Beaverhead,Montana,US,45.13434354,-112.8984694,"Beaverhead, Montana, US",9453,Americas
USA,Big Horn,Montana,US,45.42335905,-107.492347,"Big Horn, Montana, US",13319,Americas
USA,Blaine,Montana,US,48.43175214,-108.9582723,"Blaine, Montana, US",6681,Americas
USA,Broadwater,Montana,US,46.33277565,-111.4955813,"Broadwater, Montana, US",6237,Americas
USA,Carbon,Montana,US,45.22850116,-109.0274047,"Carbon, Montana, US",10725,Americas
USA,Carter,Montana,US,45.5197966,-104.5395536,"Carter, Montana, US",1252,Americas
USA,Cascade,Montana,US,47.30797024,-111.3467922,"Cascade, Montana, US",81366,Americas
USA,Chouteau,Montana,US,47.88084126,-110.4353362,"Chouteau, Montana, US",5635,Americas
USA,Custer,Montana,US,46.25319932,-105.5737526,"Custer, Montana, US",11402,Americas
USA,Daniels,Montana,US,48.78420029,-105.5476343,"Daniels, Montana, US",1690,Americas
USA,Dawson,Montana,US,47.26584855,-104.8944417,"Dawson, Montana, US",8613,Americas
USA,Deer Lodge,Montana,US,46.05953325,-113.073353,"Deer Lodge, Montana, US",9140,Americas
USA,Fallon,Montana,US,46.33478338,-104.4183565,"Fallon, Montana, US",2846,Americas
USA,Fergus,Montana,US,47.26331584,-109.2245206,"Fergus, Montana, US",11050,Americas
USA,Flathead,Montana,US,48.29575866,-114.0520569,"Flathead, Montana, US",103806,Americas
USA,Gallatin,Montana,US,45.54486106,-111.1692571,"Gallatin, Montana, US",114434,Americas
USA,Garfield,Montana,US,47.27545948,-107.0002351,"Garfield, Montana, US",1258,Americas
USA,Glacier,Montana,US,48.70513576,-112.9934235,"Glacier, Montana, US",13753,Americas
USA,Golden Valley,Montana,US,46.3816474,-109.1768522,"Golden Valley, Montana, US",821,Americas
USA,Granite,Montana,US,46.4060522,-113.4414186,"Granite, Montana, US",3379,Americas
USA,Hill,Montana,US,48.62879827,-110.1129252,"Hill, Montana, US",16484,Americas
USA,Jefferson,Montana,US,46.14907081,-112.094396,"Jefferson, Montana, US",12221,Americas
USA,Judith Basin,Montana,US,47.04581276,-110.2660688,"Judith Basin, Montana, US",2007,Americas
USA,Lake,Montana,US,47.64514965,-114.0898013,"Lake, Montana, US",30458,Americas
USA,Lewis and Clark,Montana,US,47.12610041,-112.394698,"Lewis and Clark, Montana, US",69432,Americas
USA,Liberty,Montana,US,48.56084317,-111.024307,"Liberty, Montana, US",2337,Americas
USA,Lincoln,Montana,US,48.54265777,-115.4046155,"Lincoln, Montana, US",19980,Americas
USA,McCone,Montana,US,47.64469406,-105.7944994,"McCone, Montana, US",1664,Americas
USA,Madison,Montana,US,45.30080065,-111.9173017,"Madison, Montana, US",8600,Americas
USA,Meagher,Montana,US,46.59907074,-110.8898557,"Meagher, Montana, US",1862,Americas
USA,Mineral,Montana,US,47.15283992,-115.0015239,"Mineral, Montana, US",4397,Americas
USA,Missoula,Montana,US,47.03728583,-113.9213508,"Missoula, Montana, US",119600,Americas
USA,Musselshell,Montana,US,46.49684637,-108.39498,"Musselshell, Montana, US",4633,Americas
USA,Park,Montana,US,45.48965095,-110.5264394,"Park, Montana, US",16606,Americas
USA,Petroleum,Montana,US,47.1182463,-108.2508876,"Petroleum, Montana, US",487,Americas
USA,Phillips,Montana,US,48.25936577,-107.9128511,"Phillips, Montana, US",3954,Americas
USA,Pondera,Montana,US,48.22773388,-112.2252703,"Pondera, Montana, US",5911,Americas
USA,Powder River,Montana,US,45.39617714,-105.636738,"Powder River, Montana, US",1682,Americas
USA,Powell,Montana,US,46.85538891,-112.9359164,"Powell, Montana, US",6890,Americas
USA,Prairie,Montana,US,46.86048047,-105.379384,"Prairie, Montana, US",1077,Americas
USA,Ravalli,Montana,US,46.08520862,-114.1189164,"Ravalli, Montana, US",43806,Americas
USA,Richland,Montana,US,47.78668011,-104.5610786,"Richland, Montana, US",10803,Americas
USA,Roosevelt,Montana,US,48.29607488,-105.0079268,"Roosevelt, Montana, US",11004,Americas
USA,Rosebud,Montana,US,46.23397237,-106.729288,"Rosebud, Montana, US",8937,Americas
USA,Sanders,Montana,US,47.67657534,-115.1329916,"Sanders, Montana, US",12113,Americas
USA,Sheridan,Montana,US,48.72085833,-104.503829,"Sheridan, Montana, US",3309,Americas
USA,Silver Bow,Montana,US,45.90018933,-112.6620092,"Silver Bow, Montana, US",34915,Americas
USA,Stillwater,Montana,US,45.67071407,-109.3950061,"Stillwater, Montana, US",9642,Americas
USA,Sweet Grass,Montana,US,45.81367654,-109.9425686,"Sweet Grass, Montana, US",3737,Americas
USA,Teton,Montana,US,47.83741052,-112.2410688,"Teton, Montana, US",6147,Americas
USA,Toole,Montana,US,48.65577551,-111.6942414,"Toole, Montana, US",4736,Americas
USA,Treasure,Montana,US,46.2097322,-107.2666516,"Treasure, Montana, US",696,Americas
USA,Valley,Montana,US,48.36435097,-106.6669635,"Valley, Montana, US",7396,Americas
USA,Wheatland,Montana,US,46.46652491,-109.8464636,"Wheatland, Montana, US",2126,Americas
USA,Wibaux,Montana,US,46.95925154,-104.2510927,"Wibaux, Montana, US",969,Americas
USA,Yellowstone,Montana,US,45.93955949,-108.2691486,"Yellowstone, Montana, US",161300,Americas
USA,Adams,Nebraska,US,40.5244942,-98.50117804,"Adams, Nebraska, US",31363,Americas
USA,Antelope,Nebraska,US,42.17695516,-98.0666283,"Antelope, Nebraska, US",6298,Americas
USA,Arthur,Nebraska,US,41.56896142,-101.6959559,"Arthur, Nebraska, US",463,Americas
USA,Banner,Nebraska,US,41.54634427,-103.7114332,"Banner, Nebraska, US",745,Americas
USA,Blaine,Nebraska,US,41.91311716,-99.97677845,"Blaine, Nebraska, US",465,Americas
USA,Boone,Nebraska,US,41.70759415,-98.06737183,"Boone, Nebraska, US",5192,Americas
USA,Box Butte,Nebraska,US,42.22079243,-103.0878834,"Box Butte, Nebraska, US",10783,Americas
USA,Boyd,Nebraska,US,42.8997274,-98.76486568,"Boyd, Nebraska, US",1919,Americas
USA,Brown,Nebraska,US,42.43018907,-99.92904055,"Brown, Nebraska, US",2955,Americas
USA,Buffalo,Nebraska,US,40.85486962,-99.07500296,"Buffalo, Nebraska, US",49659,Americas
USA,Burt,Nebraska,US,41.85056773,-96.32605633,"Burt, Nebraska, US",6459,Americas
USA,Butler,Nebraska,US,41.22703692,-97.13106306,"Butler, Nebraska, US",8016,Americas
USA,Cass,Nebraska,US,40.90899107,-96.13971217,"Cass, Nebraska, US",26248,Americas
USA,Cedar,Nebraska,US,42.5988851,-97.25311951,"Cedar, Nebraska, US",8402,Americas
USA,Chase,Nebraska,US,40.5237198,-101.6978026,"Chase, Nebraska, US",3924,Americas
USA,Cherry,Nebraska,US,42.54502621,-101.1244332,"Cherry, Nebraska, US",5689,Americas
USA,Cheyenne,Nebraska,US,41.21999357,-102.9941693,"Cheyenne, Nebraska, US",8910,Americas
USA,Clay,Nebraska,US,40.52439441,-98.05126296,"Clay, Nebraska, US",6203,Americas
USA,Colfax,Nebraska,US,41.57486951,-97.0868542,"Colfax, Nebraska, US",10709,Americas
USA,Cuming,Nebraska,US,41.91637624,-96.78730772,"Cuming, Nebraska, US",8846,Americas
USA,Custer,Nebraska,US,41.39374521,-99.72805369,"Custer, Nebraska, US",10777,Americas
USA,Dakota,Nebraska,US,42.39040144,-96.56656425,"Dakota, Nebraska, US",20026,Americas
USA,Dawes,Nebraska,US,42.71985036,-103.1313774,"Dawes, Nebraska, US",8589,Americas
USA,Dawson,Nebraska,US,40.87028216,-99.8201461,"Dawson, Nebraska, US",23595,Americas
USA,Deuel,Nebraska,US,41.11168186,-102.3333331,"Deuel, Nebraska, US",1794,Americas
USA,Dixon,Nebraska,US,42.49188363,-96.86782408,"Dixon, Nebraska, US",5636,Americas
USA,Dodge,Nebraska,US,41.58071748,-96.65598179,"Dodge, Nebraska, US",36565,Americas
USA,Douglas,Nebraska,US,41.29518299,-96.15085305,"Douglas, Nebraska, US",571327,Americas
USA,Dundy,Nebraska,US,40.17638677,-101.6876522,"Dundy, Nebraska, US",1693,Americas
USA,Fillmore,Nebraska,US,40.52458567,-97.59646937,"Fillmore, Nebraska, US",5462,Americas
USA,Franklin,Nebraska,US,40.17636348,-98.95299073,"Franklin, Nebraska, US",2979,Americas
USA,Frontier,Nebraska,US,40.52993007,-100.3924658,"Frontier, Nebraska, US",2627,Americas
USA,Furnas,Nebraska,US,40.17642064,-99.91247454,"Furnas, Nebraska, US",4676,Americas
USA,Gage,Nebraska,US,40.26186809,-96.68946704,"Gage, Nebraska, US",21513,Americas
USA,Garden,Nebraska,US,41.61703149,-102.3313973,"Garden, Nebraska, US",1837,Americas
USA,Garfield,Nebraska,US,41.91428955,-98.99111827,"Garfield, Nebraska, US",1969,Americas
USA,Gosper,Nebraska,US,40.51481965,-99.83020279,"Gosper, Nebraska, US",1990,Americas
USA,Grant,Nebraska,US,41.91528587,-101.740701,"Grant, Nebraska, US",623,Americas
USA,Greeley,Nebraska,US,41.56742671,-98.52150266,"Greeley, Nebraska, US",2356,Americas
USA,Hall,Nebraska,US,40.87257079,-98.50218293,"Hall, Nebraska, US",61353,Americas
USA,Hamilton,Nebraska,US,40.87349452,-98.02099117,"Hamilton, Nebraska, US",9324,Americas
USA,Harlan,Nebraska,US,40.17658508,-99.40438879,"Harlan, Nebraska, US",3380,Americas
USA,Hayes,Nebraska,US,40.52451972,-101.0603568,"Hayes, Nebraska, US",922,Americas
USA,Hitchcock,Nebraska,US,40.17609175,-101.0416477,"Hitchcock, Nebraska, US",2762,Americas
USA,Holt,Nebraska,US,42.45522056,-98.78402558,"Holt, Nebraska, US",10067,Americas
USA,Hooker,Nebraska,US,41.91586243,-101.1354293,"Hooker, Nebraska, US",682,Americas
USA,Howard,Nebraska,US,41.2200529,-98.5166499,"Howard, Nebraska, US",6445,Americas
USA,Jefferson,Nebraska,US,40.17584531,-97.142601,"Jefferson, Nebraska, US",7046,Americas
USA,Johnson,Nebraska,US,40.39257596,-96.26522753,"Johnson, Nebraska, US",5071,Americas
USA,Kearney,Nebraska,US,40.50663314,-98.94877182,"Kearney, Nebraska, US",6495,Americas
USA,Keith,Nebraska,US,41.19930341,-101.6620164,"Keith, Nebraska, US",8034,Americas
USA,Keya Paha,Nebraska,US,42.87990694,-99.71343729,"Keya Paha, Nebraska, US",806,Americas
USA,Kimball,Nebraska,US,41.19774275,-103.7148131,"Kimball, Nebraska, US",3632,Americas
USA,Knox,Nebraska,US,42.63758421,-97.89178836,"Knox, Nebraska, US",8332,Americas
USA,Lancaster,Nebraska,US,40.78416049,-96.68777155,"Lancaster, Nebraska, US",319090,Americas
USA,Lincoln,Nebraska,US,41.04658298,-100.7475374,"Lincoln, Nebraska, US",34914,Americas
USA,Logan,Nebraska,US,41.56650314,-100.4817851,"Logan, Nebraska, US",748,Americas
USA,Loup,Nebraska,US,41.91371961,-99.45440415,"Loup, Nebraska, US",664,Americas
USA,McPherson,Nebraska,US,41.56797682,-101.0599362,"McPherson, Nebraska, US",494,Americas
USA,Madison,Nebraska,US,41.91676024,-97.6005481,"Madison, Nebraska, US",35099,Americas
USA,Merrick,Nebraska,US,41.16624273,-98.0374887,"Merrick, Nebraska, US",7755,Americas
USA,Morrill,Nebraska,US,41.71711774,-103.0061405,"Morrill, Nebraska, US",4642,Americas
USA,Nance,Nebraska,US,41.39750195,-97.99327291,"Nance, Nebraska, US",3519,Americas
USA,Nemaha,Nebraska,US,40.38514847,-95.85433992,"Nemaha, Nebraska, US",6972,Americas
USA,Nuckolls,Nebraska,US,40.17637905,-98.04743961,"Nuckolls, Nebraska, US",4148,Americas
USA,Otoe,Nebraska,US,40.64843556,-96.13374142,"Otoe, Nebraska, US",16012,Americas
USA,Pawnee,Nebraska,US,40.13141096,-96.23705437,"Pawnee, Nebraska, US",2613,Americas
USA,Perkins,Nebraska,US,40.85082525,-101.6502942,"Perkins, Nebraska, US",2891,Americas
USA,Phelps,Nebraska,US,40.51156033,-99.41461667,"Phelps, Nebraska, US",9034,Americas
USA,Pierce,Nebraska,US,42.26434853,-97.60122773,"Pierce, Nebraska, US",7148,Americas
USA,Platte,Nebraska,US,41.57246836,-97.52144359,"Platte, Nebraska, US",33470,Americas
USA,Polk,Nebraska,US,41.18813488,-97.56630712,"Polk, Nebraska, US",5213,Americas
USA,Red Willow,Nebraska,US,40.1755688,-100.476998,"Red Willow, Nebraska, US",10724,Americas
USA,Richardson,Nebraska,US,40.1247415,-95.71755036,"Richardson, Nebraska, US",7865,Americas
USA,Rock,Nebraska,US,42.42252217,-99.44832069,"Rock, Nebraska, US",1357,Americas
USA,Saline,Nebraska,US,40.52418865,-97.14085859,"Saline, Nebraska, US",14224,Americas
USA,Sarpy,Nebraska,US,41.11314181,-96.11156432,"Sarpy, Nebraska, US",187196,Americas
USA,Saunders,Nebraska,US,41.2278103,-96.63773905,"Saunders, Nebraska, US",21578,Americas
USA,Scotts Bluff,Nebraska,US,41.85070896,-103.7080986,"Scotts Bluff, Nebraska, US",35618,Americas
USA,Seward,Nebraska,US,40.87241834,-97.139673,"Seward, Nebraska, US",17284,Americas
USA,Sheridan,Nebraska,US,42.50284406,-102.4126613,"Sheridan, Nebraska, US",5246,Americas
USA,Sherman,Nebraska,US,41.22045983,-98.97588642,"Sherman, Nebraska, US",3001,Americas
USA,Sioux,Nebraska,US,42.48932059,-103.7576544,"Sioux, Nebraska, US",1166,Americas
USA,Stanton,Nebraska,US,41.9169835,-97.19394708,"Stanton, Nebraska, US",5920,Americas
USA,Thayer,Nebraska,US,40.17626377,-97.59504381,"Thayer, Nebraska, US",5003,Americas
USA,Thomas,Nebraska,US,41.91358968,-100.5556632,"Thomas, Nebraska, US",722,Americas
USA,Thurston,Nebraska,US,42.15725356,-96.54157099,"Thurston, Nebraska, US",7224,Americas
USA,Valley,Nebraska,US,41.56730777,-98.98197724,"Valley, Nebraska, US",4158,Americas
USA,Washington,Nebraska,US,41.52815707,-96.22019892,"Washington, Nebraska, US",20729,Americas
USA,Wayne,Nebraska,US,42.20934475,-97.11926964,"Wayne, Nebraska, US",9385,Americas
USA,Webster,Nebraska,US,40.17642643,-98.50019851,"Webster, Nebraska, US",3487,Americas
USA,Wheeler,Nebraska,US,41.91482725,-98.52798941,"Wheeler, Nebraska, US",783,Americas
USA,York,Nebraska,US,40.87272618,-97.59710186,"York, Nebraska, US",13679,Americas
USA,Churchill,Nevada,US,39.58105744,-118.3394607,"Churchill, Nevada, US",24909,Americas
USA,Clark,Nevada,US,36.21458855,-115.0130241,"Clark, Nevada, US",2266715,Americas
USA,Douglas,Nevada,US,38.912862,-119.6171333,"Douglas, Nevada, US",48905,Americas
USA,Elko,Nevada,US,41.14531606,-115.3577619,"Elko, Nevada, US",52778,Americas
USA,Esmeralda,Nevada,US,37.78436681,-117.6319999,"Esmeralda, Nevada, US",873,Americas
USA,Eureka,Nevada,US,39.98100864,-116.2683204,"Eureka, Nevada, US",2029,Americas
USA,Humboldt,Nevada,US,41.40692186,-118.1109427,"Humboldt, Nevada, US",16831,Americas
USA,Lander,Nevada,US,39.9332233,-117.0397075,"Lander, Nevada, US",5532,Americas
USA,Lincoln,Nevada,US,37.64268459,-114.8790388,"Lincoln, Nevada, US",5183,Americas
USA,Lyon,Nevada,US,39.01777974,-119.1870479,"Lyon, Nevada, US",57510,Americas
USA,Mineral,Nevada,US,38.53841696,-118.4344506,"Mineral, Nevada, US",4505,Americas
USA,Nye,Nevada,US,38.04264256,-116.4722702,"Nye, Nevada, US",46523,Americas
USA,Pershing,Nevada,US,40.44003782,-118.4005641,"Pershing, Nevada, US",6725,Americas
USA,Storey,Nevada,US,39.44875482,-119.5250207,"Storey, Nevada, US",4123,Americas
USA,Washoe,Nevada,US,40.66562265,-119.6631594,"Washoe, Nevada, US",471519,Americas
USA,White Pine,Nevada,US,39.44157041,-114.899966,"White Pine, Nevada, US",9580,Americas
USA,Carson City,Nevada,US,39.15509045,-119.7480219,"Carson City, Nevada, US",55916,Americas
USA,Belknap,New Hampshire,US,43.51637314,-71.41684235,"Belknap, New Hampshire, US",61303,Americas
USA,Carroll,New Hampshire,US,43.87498583,-71.20430216,"Carroll, New Hampshire, US",48910,Americas
USA,Cheshire,New Hampshire,US,42.92015988,-72.25311043,"Cheshire, New Hampshire, US",76085,Americas
USA,Coos,New Hampshire,US,44.69063265,-71.30633239,"Coos, New Hampshire, US",31563,Americas
USA,Grafton,New Hampshire,US,43.93779815,-71.82057197,"Grafton, New Hampshire, US",89886,Americas
USA,Hillsborough,New Hampshire,US,42.91537785,-71.7200253,"Hillsborough, New Hampshire, US",417025,Americas
USA,Merrimack,New Hampshire,US,43.29662971,-71.6811573,"Merrimack, New Hampshire, US",151391,Americas
USA,Rockingham,New Hampshire,US,42.98499744,-71.12883377,"Rockingham, New Hampshire, US",309769,Americas
USA,Strafford,New Hampshire,US,43.291833,-71.02336013,"Strafford, New Hampshire, US",130633,Americas
USA,Sullivan,New Hampshire,US,43.36094111,-72.22203125,"Sullivan, New Hampshire, US",43146,Americas
USA,Atlantic,New Jersey,US,39.47538693,-74.65848483,"Atlantic, New Jersey, US",263670,Americas
USA,Bergen,New Jersey,US,40.96010917,-74.07164325,"Bergen, New Jersey, US",932202,Americas
USA,Burlington,New Jersey,US,39.87681124,-74.66927768,"Burlington, New Jersey, US",445349,Americas
USA,Camden,New Jersey,US,39.80343818,-74.96388753,"Camden, New Jersey, US",506471,Americas
USA,Cape May,New Jersey,US,39.15008829,-74.80170244,"Cape May, New Jersey, US",92039,Americas
USA,Cumberland,New Jersey,US,39.37199394,-75.10712559,"Cumberland, New Jersey, US",149527,Americas
USA,Essex,New Jersey,US,40.78681335,-74.24657979,"Essex, New Jersey, US",798975,Americas
USA,Gloucester,New Jersey,US,39.71581067,-75.13995546,"Gloucester, New Jersey, US",291636,Americas
USA,Hudson,New Jersey,US,40.73766234,-74.07515667,"Hudson, New Jersey, US",672391,Americas
USA,Hunterdon,New Jersey,US,40.56335249,-74.91284156,"Hunterdon, New Jersey, US",124371,Americas
USA,Mercer,New Jersey,US,40.28047017,-74.70479631,"Mercer, New Jersey, US",367430,Americas
USA,Middlesex,New Jersey,US,40.43629879,-74.41426991,"Middlesex, New Jersey, US",825062,Americas
USA,Monmouth,New Jersey,US,40.26549699,-74.22240686,"Monmouth, New Jersey, US",618795,Americas
USA,Morris,New Jersey,US,40.86095313,-74.5455371,"Morris, New Jersey, US",491845,Americas
USA,Ocean,New Jersey,US,39.8895449,-74.28089251,"Ocean, New Jersey, US",607186,Americas
USA,Passaic,New Jersey,US,41.03238628,-74.29954144,"Passaic, New Jersey, US",501826,Americas
USA,Salem,New Jersey,US,39.58719656,-75.3469663,"Salem, New Jersey, US",62385,Americas
USA,Somerset,New Jersey,US,40.56465737,-74.61683016,"Somerset, New Jersey, US",328934,Americas
USA,Sussex,New Jersey,US,41.13891592,-74.69118243,"Sussex, New Jersey, US",140488,Americas
USA,Union,New Jersey,US,40.65835409,-74.30680092,"Union, New Jersey, US",556341,Americas
USA,Warren,New Jersey,US,40.85951833,-74.99556527,"Warren, New Jersey, US",105267,Americas
USA,Bernalillo,New Mexico,US,35.05163625,-106.6703554,"Bernalillo, New Mexico, US",679121,Americas
USA,Catron,New Mexico,US,33.91514144,-108.4046587,"Catron, New Mexico, US",3527,Americas
USA,Chaves,New Mexico,US,33.36406072,-104.4665365,"Chaves, New Mexico, US",64615,Americas
USA,Cibola,New Mexico,US,34.91131525,-107.998876,"Cibola, New Mexico, US",26675,Americas
USA,Colfax,New Mexico,US,36.60569702,-104.6472674,"Colfax, New Mexico, US",11941,Americas
USA,Curry,New Mexico,US,34.57421077,-103.3468876,"Curry, New Mexico, US",48954,Americas
USA,De Baca,New Mexico,US,34.34274529,-104.4117842,"De Baca, New Mexico, US",1748,Americas
USA,Dona Ana,New Mexico,US,32.35275771,-106.8329387,"Dona Ana, New Mexico, US",218195,Americas
USA,Eddy,New Mexico,US,32.47167456,-104.3053527,"Eddy, New Mexico, US",58460,Americas
USA,Grant,New Mexico,US,32.73911281,-108.3827845,"Grant, New Mexico, US",26998,Americas
USA,Guadalupe,New Mexico,US,34.86319296,-104.790669,"Guadalupe, New Mexico, US",4300,Americas
USA,Harding,New Mexico,US,35.85751555,-103.8220938,"Harding, New Mexico, US",625,Americas
USA,Hidalgo,New Mexico,US,31.91383467,-108.7151824,"Hidalgo, New Mexico, US",4198,Americas
USA,Lea,New Mexico,US,32.79215361,-103.4123733,"Lea, New Mexico, US",71070,Americas
USA,Lincoln,New Mexico,US,33.74526079,-105.4586166,"Lincoln, New Mexico, US",19572,Americas
USA,Los Alamos,New Mexico,US,35.86631386,-106.3134985,"Los Alamos, New Mexico, US",19369,Americas
USA,Luna,New Mexico,US,32.18179341,-107.7508826,"Luna, New Mexico, US",23709,Americas
USA,McKinley,New Mexico,US,35.5800772,-108.262245,"McKinley, New Mexico, US",71367,Americas
USA,Mora,New Mexico,US,36.01095101,-104.9497716,"Mora, New Mexico, US",4521,Americas
USA,Otero,New Mexico,US,32.61348406,-105.7417604,"Otero, New Mexico, US",67490,Americas
USA,Quay,New Mexico,US,35.10403332,-103.5481727,"Quay, New Mexico, US",8253,Americas
USA,Rio Arriba,New Mexico,US,36.51072137,-106.6931674,"Rio Arriba, New Mexico, US",38921,Americas
USA,Roosevelt,New Mexico,US,34.02097406,-103.4799493,"Roosevelt, New Mexico, US",18500,Americas
USA,Sandoval,New Mexico,US,35.68862401,-106.8687803,"Sandoval, New Mexico, US",146748,Americas
USA,San Juan,New Mexico,US,36.50838318,-108.320437,"San Juan, New Mexico, US",123958,Americas
USA,San Miguel,New Mexico,US,35.48014807,-104.8163562,"San Miguel, New Mexico, US",27277,Americas
USA,Santa Fe,New Mexico,US,35.50708973,-105.9774716,"Santa Fe, New Mexico, US",150358,Americas
USA,Sierra,New Mexico,US,33.13028233,-107.1925893,"Sierra, New Mexico, US",10791,Americas
USA,Socorro,New Mexico,US,34.00715494,-106.9298354,"Socorro, New Mexico, US",16637,Americas
USA,Taos,New Mexico,US,36.58006022,-105.6310198,"Taos, New Mexico, US",32723,Americas
USA,Torrance,New Mexico,US,34.64048375,-105.8508949,"Torrance, New Mexico, US",15461,Americas
USA,Union,New Mexico,US,36.48126404,-103.4709624,"Union, New Mexico, US",4059,Americas
USA,Valencia,New Mexico,US,34.71669834,-106.8103733,"Valencia, New Mexico, US",76688,Americas
USA,Albany,New York,US,42.60060306,-73.97723916,"Albany, New York, US",305506,Americas
USA,Allegany,New York,US,42.25748406,-78.02750466,"Allegany, New York, US",46091,Americas
USA,Bronx,New York,US,40.85209301,-73.86282755,"Bronx, New York, US",1418207,Americas
USA,Broome,New York,US,42.15903158,-75.81326086,"Broome, New York, US",190488,Americas
USA,Cattaraugus,New York,US,42.24778241,-78.67923096,"Cattaraugus, New York, US",76117,Americas
USA,Cayuga,New York,US,42.91261714,-76.55731592,"Cayuga, New York, US",76576,Americas
USA,Chautauqua,New York,US,42.2276921,-79.36691763,"Chautauqua, New York, US",126903,Americas
USA,Chemung,New York,US,42.13891056,-76.7638805,"Chemung, New York, US",83456,Americas
USA,Chenango,New York,US,42.49430041,-75.60887553,"Chenango, New York, US",47207,Americas
USA,Clinton,New York,US,44.74530905,-73.67875352,"Clinton, New York, US",80485,Americas
USA,Columbia,New York,US,42.24819348,-73.63089095,"Columbia, New York, US",59461,Americas
USA,Cortland,New York,US,42.59509207,-76.07048931,"Cortland, New York, US",47581,Americas
USA,Delaware,New York,US,42.19837623,-74.96709306,"Delaware, New York, US",44135,Americas
USA,Dutchess,New York,US,41.7648606,-73.74356679,"Dutchess, New York, US",294218,Americas
USA,Erie,New York,US,42.76249024,-78.73063652,"Erie, New York, US",918702,Americas
USA,Essex,New York,US,44.11630765,-73.77297842,"Essex, New York, US",36885,Americas
USA,Franklin,New York,US,44.59040891,-74.29926032,"Franklin, New York, US",50022,Americas
USA,Fulton,New York,US,43.11363907,-74.41798804,"Fulton, New York, US",53383,Americas
USA,Genesee,New York,US,43.0022601,-78.19135193,"Genesee, New York, US",57280,Americas
USA,Greene,New York,US,42.275797,-74.12384884,"Greene, New York, US",47188,Americas
USA,Hamilton,New York,US,43.66146647,-74.49721957,"Hamilton, New York, US",4416,Americas
USA,Herkimer,New York,US,43.42034246,-74.96145307,"Herkimer, New York, US",61319,Americas
USA,Jefferson,New York,US,44.04200959,-75.94653457,"Jefferson, New York, US",109834,Americas
USA,Kings,New York,US,40.6361825,-73.94935552,"Kings, New York, US",2559903,Americas
USA,Lewis,New York,US,43.7844157,-75.44903992,"Lewis, New York, US",26296,Americas
USA,Livingston,New York,US,42.72596275,-77.77966158,"Livingston, New York, US",62914,Americas
USA,Madison,New York,US,42.91653905,-75.67266639,"Madison, New York, US",70941,Americas
USA,Monroe,New York,US,43.14638895,-77.69322942,"Monroe, New York, US",741770,Americas
USA,Montgomery,New York,US,42.90123494,-74.44011632,"Montgomery, New York, US",49221,Americas
USA,Nassau,New York,US,40.74066522,-73.58941873,"Nassau, New York, US",1356924,Americas
USA,New York,New York,US,40.7672726,-73.97152637,"New York, New York, US",1628706,Americas
USA,Niagara,New York,US,43.19898042,-78.74777412,"Niagara, New York, US",209281,Americas
USA,Oneida,New York,US,43.24375382,-75.43710392,"Oneida, New York, US",228671,Americas
USA,Onondaga,New York,US,43.00491923,-76.19971155,"Onondaga, New York, US",460528,Americas
USA,Ontario,New York,US,42.85145728,-77.30874425,"Ontario, New York, US",109777,Americas
USA,Orange,New York,US,41.40337468,-74.30240757,"Orange, New York, US",384940,Americas
USA,Orleans,New York,US,43.2516977,-78.2320066,"Orleans, New York, US",40352,Americas
USA,Oswego,New York,US,43.42778894,-76.14635194,"Oswego, New York, US",117124,Americas
USA,Otsego,New York,US,42.63492579,-75.03151402,"Otsego, New York, US",59493,Americas
USA,Putnam,New York,US,41.42630093,-73.74965532,"Putnam, New York, US",98320,Americas
USA,Queens,New York,US,40.71088124,-73.81684712,"Queens, New York, US",2253858,Americas
USA,Rensselaer,New York,US,42.71348136,-73.51089874,"Rensselaer, New York, US",158714,Americas
USA,Richmond,New York,US,40.58582155,-74.14808598,"Richmond, New York, US",476143,Americas
USA,Rockland,New York,US,41.15027894,-74.02560498,"Rockland, New York, US",325789,Americas
USA,St. Lawrence,New York,US,44.4976179,-75.06550039,"St. Lawrence, New York, US",107740,Americas
USA,Saratoga,New York,US,43.10904162,-73.86653895,"Saratoga, New York, US",229863,Americas
USA,Schenectady,New York,US,42.81668777,-74.05278291,"Schenectady, New York, US",155299,Americas
USA,Schoharie,New York,US,42.58831742,-74.4433903,"Schoharie, New York, US",30999,Americas
USA,Schuyler,New York,US,42.39184015,-76.8773299,"Schuyler, New York, US",17807,Americas
USA,Seneca,New York,US,42.78081007,-76.82497064,"Seneca, New York, US",34016,Americas
USA,Steuben,New York,US,42.2689144,-77.3829924,"Steuben, New York, US",95379,Americas
USA,Suffolk,New York,US,40.88320119,-72.8012172,"Suffolk, New York, US",1476601,Americas
USA,Sullivan,New York,US,41.71579493,-74.76394559,"Sullivan, New York, US",75432,Americas
USA,Tioga,New York,US,42.16852837,-76.30835812,"Tioga, New York, US",48203,Americas
USA,Tompkins,New York,US,42.44945765,-76.47229843,"Tompkins, New York, US",102180,Americas
USA,Ulster,New York,US,41.89027881,-74.26252104,"Ulster, New York, US",177573,Americas
USA,Warren,New York,US,43.56173026,-73.8433699,"Warren, New York, US",63944,Americas
USA,Washington,New York,US,43.31153794,-73.43043448,"Washington, New York, US",61204,Americas
USA,Wayne,New York,US,43.15494365,-77.02976528,"Wayne, New York, US",89918,Americas
USA,Westchester,New York,US,41.16278376,-73.75741653,"Westchester, New York, US",967506,Americas
USA,Wyoming,New York,US,42.70145109,-78.22199579,"Wyoming, New York, US",39859,Americas
USA,Yates,New York,US,42.63505484,-77.10369919,"Yates, New York, US",24913,Americas
USA,Alamance,North Carolina,US,36.0434701,-79.39976137,"Alamance, North Carolina, US",169509,Americas
USA,Alexander,North Carolina,US,35.9223796,-81.17751948,"Alexander, North Carolina, US",37497,Americas
USA,Alleghany,North Carolina,US,36.49360862,-81.12857041,"Alleghany, North Carolina, US",11137,Americas
USA,Anson,North Carolina,US,34.97403241,-80.09953279,"Anson, North Carolina, US",24446,Americas
USA,Ashe,North Carolina,US,36.43296207,-81.49862729,"Ashe, North Carolina, US",27203,Americas
USA,Avery,North Carolina,US,36.07569796,-81.92308483,"Avery, North Carolina, US",17557,Americas
USA,Beaufort,North Carolina,US,35.48531943,-76.84325809,"Beaufort, North Carolina, US",46994,Americas
USA,Bertie,North Carolina,US,36.0688473,-76.96545943,"Bertie, North Carolina, US",18947,Americas
USA,Bladen,North Carolina,US,34.61296243,-78.56180059,"Bladen, North Carolina, US",32722,Americas
USA,Brunswick,North Carolina,US,34.070565,-78.22814204,"Brunswick, North Carolina, US",142820,Americas
USA,Buncombe,North Carolina,US,35.61113393,-82.53305,"Buncombe, North Carolina, US",261191,Americas
USA,Burke,North Carolina,US,35.74989637,-81.70755735,"Burke, North Carolina, US",90485,Americas
USA,Cabarrus,North Carolina,US,35.3877799,-80.55267168,"Cabarrus, North Carolina, US",216453,Americas
USA,Caldwell,North Carolina,US,35.95204977,-81.54799522,"Caldwell, North Carolina, US",82178,Americas
USA,Camden,North Carolina,US,36.33804939,-76.15568396,"Camden, North Carolina, US",10867,Americas
USA,Carteret,North Carolina,US,34.8932941,-76.54120135,"Carteret, North Carolina, US",69473,Americas
USA,Caswell,North Carolina,US,36.39312665,-79.33353281,"Caswell, North Carolina, US",22604,Americas
USA,Catawba,North Carolina,US,35.66211129,-81.2132617,"Catawba, North Carolina, US",159551,Americas
USA,Chatham,North Carolina,US,35.70394416,-79.25541492,"Chatham, North Carolina, US",74470,Americas
USA,Cherokee,North Carolina,US,35.1349263,-84.05970864,"Cherokee, North Carolina, US",28612,Americas
USA,Chowan,North Carolina,US,36.12908077,-76.60118385,"Chowan, North Carolina, US",13943,Americas
USA,Clay,North Carolina,US,35.05704275,-83.74353633,"Clay, North Carolina, US",11231,Americas
USA,Cleveland,North Carolina,US,35.33553364,-81.55204486,"Cleveland, North Carolina, US",97947,Americas
USA,Columbus,North Carolina,US,34.26744084,-78.65801424,"Columbus, North Carolina, US",55508,Americas
USA,Craven,North Carolina,US,35.11833364,-77.08398081,"Craven, North Carolina, US",102139,Americas
USA,Cumberland,North Carolina,US,35.04762133,-78.82623165,"Cumberland, North Carolina, US",335509,Americas
USA,Currituck,North Carolina,US,36.36123664,-75.95876401,"Currituck, North Carolina, US",27763,Americas
USA,Dare,North Carolina,US,35.66520691,-75.71767334,"Dare, North Carolina, US",37009,Americas
USA,Davidson,North Carolina,US,35.79115496,-80.21256572,"Davidson, North Carolina, US",167609,Americas
USA,Davie,North Carolina,US,35.93099927,-80.54496571,"Davie, North Carolina, US",42846,Americas
USA,Duplin,North Carolina,US,34.93449805,-77.93140529,"Duplin, North Carolina, US",58741,Americas
USA,Durham,North Carolina,US,36.03638492,-78.87608331,"Durham, North Carolina, US",321488,Americas
USA,Edgecombe,North Carolina,US,35.91230639,-77.59436892,"Edgecombe, North Carolina, US",51472,Americas
USA,Forsyth,North Carolina,US,36.12859861,-80.25459052,"Forsyth, North Carolina, US",382295,Americas
USA,Franklin,North Carolina,US,36.081519,-78.28708884,"Franklin, North Carolina, US",69685,Americas
USA,Gaston,North Carolina,US,35.29373559,-81.17477045,"Gaston, North Carolina, US",224529,Americas
USA,Gates,North Carolina,US,36.44667547,-76.69749701,"Gates, North Carolina, US",11562,Americas
USA,Graham,North Carolina,US,35.3506925,-83.83369267,"Graham, North Carolina, US",8441,Americas
USA,Granville,North Carolina,US,36.30337451,-78.65184241,"Granville, North Carolina, US",60443,Americas
USA,Greene,North Carolina,US,35.48544173,-77.67578087,"Greene, North Carolina, US",21069,Americas
USA,Guilford,North Carolina,US,36.07959451,-79.78824948,"Guilford, North Carolina, US",537174,Americas
USA,Halifax,North Carolina,US,36.25669272,-77.6556109,"Halifax, North Carolina, US",50010,Americas
USA,Harnett,North Carolina,US,35.36731853,-78.87243571,"Harnett, North Carolina, US",135976,Americas
USA,Haywood,North Carolina,US,35.55269063,-82.98196486,"Haywood, North Carolina, US",62317,Americas
USA,Henderson,North Carolina,US,35.33788927,-82.4766782,"Henderson, North Carolina, US",117417,Americas
USA,Hertford,North Carolina,US,36.3607755,-76.98104134,"Hertford, North Carolina, US",23677,Americas
USA,Hoke,North Carolina,US,35.01888303,-79.23651674,"Hoke, North Carolina, US",55234,Americas
USA,Hyde,North Carolina,US,35.42017674,-76.15180542,"Hyde, North Carolina, US",4937,Americas
USA,Iredell,North Carolina,US,35.80950511,-80.8743128,"Iredell, North Carolina, US",181806,Americas
USA,Jackson,North Carolina,US,35.28814273,-83.14093385,"Jackson, North Carolina, US",43938,Americas
USA,Johnston,North Carolina,US,35.51745004,-78.36622717,"Johnston, North Carolina, US",209339,Americas
USA,Jones,North Carolina,US,35.02254606,-77.35870791,"Jones, North Carolina, US",9419,Americas
USA,Lee,North Carolina,US,35.47623147,-79.17569362,"Lee, North Carolina, US",61779,Americas
USA,Lenoir,North Carolina,US,35.2403259,-77.64245615,"Lenoir, North Carolina, US",55949,Americas
USA,Lincoln,North Carolina,US,35.48508185,-81.21740317,"Lincoln, North Carolina, US",86111,Americas
USA,McDowell,North Carolina,US,35.67736232,-82.0482425,"McDowell, North Carolina, US",45756,Americas
USA,Macon,North Carolina,US,35.14867843,-83.41696617,"Macon, North Carolina, US",35858,Americas
USA,Madison,North Carolina,US,35.85402722,-82.71346418,"Madison, North Carolina, US",21755,Americas
USA,Martin,North Carolina,US,35.84326734,-77.10860251,"Martin, North Carolina, US",22440,Americas
USA,Mecklenburg,North Carolina,US,35.24469268,-80.8317671,"Mecklenburg, North Carolina, US",1110356,Americas
USA,Mitchell,North Carolina,US,36.01059309,-82.1582442,"Mitchell, North Carolina, US",14964,Americas
USA,Montgomery,North Carolina,US,35.33155144,-79.90416657,"Montgomery, North Carolina, US",27173,Americas
USA,Moore,North Carolina,US,35.30885257,-79.48474178,"Moore, North Carolina, US",100880,Americas
USA,Nash,North Carolina,US,35.96575634,-77.98422508,"Nash, North Carolina, US",94298,Americas
USA,New Hanover,North Carolina,US,34.25758282,-77.87075626,"New Hanover, North Carolina, US",234473,Americas
USA,Northampton,North Carolina,US,36.41736238,-77.39769443,"Northampton, North Carolina, US",19483,Americas
USA,Onslow,North Carolina,US,34.72607366,-77.42908179,"Onslow, North Carolina, US",197938,Americas
USA,Orange,North Carolina,US,36.06092947,-79.12167935,"Orange, North Carolina, US",148476,Americas
USA,Pamlico,North Carolina,US,35.15253315,-76.66559823,"Pamlico, North Carolina, US",12726,Americas
USA,Pasquotank,North Carolina,US,36.26723798,-76.25134778,"Pasquotank, North Carolina, US",39824,Americas
USA,Pender,North Carolina,US,34.52265624,-77.90352133,"Pender, North Carolina, US",63060,Americas
USA,Perquimans,North Carolina,US,36.17847453,-76.40603143,"Perquimans, North Carolina, US",13463,Americas
USA,Person,North Carolina,US,36.38989032,-78.97217358,"Person, North Carolina, US",39490,Americas
USA,Pitt,North Carolina,US,35.59535426,-77.37353178,"Pitt, North Carolina, US",180742,Americas
USA,Polk,North Carolina,US,35.27820615,-82.16812354,"Polk, North Carolina, US",20724,Americas
USA,Randolph,North Carolina,US,35.71015088,-79.80570339,"Randolph, North Carolina, US",143667,Americas
USA,Richmond,North Carolina,US,35.00417719,-79.74491009,"Richmond, North Carolina, US",44829,Americas
USA,Robeson,North Carolina,US,34.64244496,-79.1025053,"Robeson, North Carolina, US",130625,Americas
USA,Rockingham,North Carolina,US,36.39593137,-79.77504841,"Rockingham, North Carolina, US",91010,Americas
USA,Rowan,North Carolina,US,35.64003916,-80.52446628,"Rowan, North Carolina, US",142088,Americas
USA,Rutherford,North Carolina,US,35.40114178,-81.92112099,"Rutherford, North Carolina, US",67029,Americas
USA,Sampson,North Carolina,US,34.98820368,-78.36914061,"Sampson, North Carolina, US",63531,Americas
USA,Scotland,North Carolina,US,34.8386299,-79.4757978,"Scotland, North Carolina, US",34823,Americas
USA,Stanly,North Carolina,US,35.31647813,-80.25093221,"Stanly, North Carolina, US",62806,Americas
USA,Stokes,North Carolina,US,36.4017975,-80.23893369,"Stokes, North Carolina, US",45591,Americas
USA,Surry,North Carolina,US,36.41689489,-80.69102283,"Surry, North Carolina, US",71783,Americas
USA,Swain,North Carolina,US,35.48665845,-83.48748932,"Swain, North Carolina, US",14271,Americas
USA,Transylvania,North Carolina,US,35.20383864,-82.79638423,"Transylvania, North Carolina, US",34385,Americas
USA,Tyrrell,North Carolina,US,35.87147226,-76.17055253,"Tyrrell, North Carolina, US",4016,Americas
USA,Union,North Carolina,US,34.98960527,-80.52955873,"Union, North Carolina, US",239859,Americas
USA,Vance,North Carolina,US,36.36880673,-78.40670845,"Vance, North Carolina, US",44535,Americas
USA,Wake,North Carolina,US,35.78879266,-78.65249174,"Wake, North Carolina, US",1111761,Americas
USA,Warren,North Carolina,US,36.39728256,-78.10652228,"Warren, North Carolina, US",19731,Americas
USA,Washington,North Carolina,US,35.83810081,-76.57299037,"Washington, North Carolina, US",11580,Americas
USA,Watauga,North Carolina,US,36.23103603,-81.70033724,"Watauga, North Carolina, US",56177,Americas
USA,Wayne,North Carolina,US,35.36438125,-78.00027268,"Wayne, North Carolina, US",123131,Americas
USA,Wilkes,North Carolina,US,36.2084135,-81.16232895,"Wilkes, North Carolina, US",68412,Americas
USA,Wilson,North Carolina,US,35.70625477,-77.917978,"Wilson, North Carolina, US",81801,Americas
USA,Yadkin,North Carolina,US,36.16222629,-80.66239436,"Yadkin, North Carolina, US",37667,Americas
USA,Yancey,North Carolina,US,35.90079156,-82.31237181,"Yancey, North Carolina, US",18069,Americas
USA,Adams,North Dakota,US,46.09686891,-102.5285397,"Adams, North Dakota, US",2216,Americas
USA,Barnes,North Dakota,US,46.93579637,-98.06605978,"Barnes, North Dakota, US",10415,Americas
USA,Benson,North Dakota,US,48.0683985,-99.35916363,"Benson, North Dakota, US",6832,Americas
USA,Billings,North Dakota,US,47.02366884,-103.3762965,"Billings, North Dakota, US",928,Americas
USA,Bottineau,North Dakota,US,48.79106111,-100.8378166,"Bottineau, North Dakota, US",6282,Americas
USA,Bowman,North Dakota,US,46.11285362,-103.5203343,"Bowman, North Dakota, US",3024,Americas
USA,Burke,North Dakota,US,48.79094471,-102.5182117,"Burke, North Dakota, US",2115,Americas
USA,Burleigh,North Dakota,US,46.97847375,-100.4645214,"Burleigh, North Dakota, US",95626,Americas
USA,Cass,North Dakota,US,46.93201724,-97.2444719,"Cass, North Dakota, US",181923,Americas
USA,Cavalier,North Dakota,US,48.77286211,-98.46685243,"Cavalier, North Dakota, US",3762,Americas
USA,Dickey,North Dakota,US,46.11017712,-98.5049008,"Dickey, North Dakota, US",4872,Americas
USA,Divide,North Dakota,US,48.8149387,-103.4873611,"Divide, North Dakota, US",2264,Americas
USA,Dunn,North Dakota,US,47.35423935,-102.6160468,"Dunn, North Dakota, US",4424,Americas
USA,Eddy,North Dakota,US,47.71701474,-98.90432337,"Eddy, North Dakota, US",2287,Americas
USA,Emmons,North Dakota,US,46.28398398,-100.2389766,"Emmons, North Dakota, US",3241,Americas
USA,Foster,North Dakota,US,47.4571084,-98.88279923,"Foster, North Dakota, US",3210,Americas
USA,Golden Valley,North Dakota,US,46.94022281,-103.8465421,"Golden Valley, North Dakota, US",1761,Americas
USA,Grand Forks,North Dakota,US,47.92093639,-97.45450447,"Grand Forks, North Dakota, US",69451,Americas
USA,Grant,North Dakota,US,46.35821257,-101.6390013,"Grant, North Dakota, US",2274,Americas
USA,Griggs,North Dakota,US,47.45785838,-98.23850925,"Griggs, North Dakota, US",2231,Americas
USA,Hettinger,North Dakota,US,46.43375068,-102.4632417,"Hettinger, North Dakota, US",2499,Americas
USA,Kidder,North Dakota,US,46.97830064,-99.77507857,"Kidder, North Dakota, US",2480,Americas
USA,LaMoure,North Dakota,US,46.45681054,-98.53542355,"LaMoure, North Dakota, US",4046,Americas
USA,Logan,North Dakota,US,46.45729487,-99.47719806,"Logan, North Dakota, US",1850,Americas
USA,McHenry,North Dakota,US,48.23104458,-100.6324822,"McHenry, North Dakota, US",5745,Americas
USA,McIntosh,North Dakota,US,46.11182017,-99.44145858,"McIntosh, North Dakota, US",2497,Americas
USA,McKenzie,North Dakota,US,47.7413337,-103.395905,"McKenzie, North Dakota, US",15024,Americas
USA,McLean,North Dakota,US,47.60766714,-101.3182418,"McLean, North Dakota, US",9450,Americas
USA,Mercer,North Dakota,US,47.31213126,-101.8318399,"Mercer, North Dakota, US",8187,Americas
USA,Morton,North Dakota,US,46.71681782,-101.2822377,"Morton, North Dakota, US",31364,Americas
USA,Mountrail,North Dakota,US,48.20197971,-102.3555315,"Mountrail, North Dakota, US",10545,Americas
USA,Nelson,North Dakota,US,47.9226426,-98.19038437,"Nelson, North Dakota, US",2879,Americas
USA,Oliver,North Dakota,US,47.11530482,-101.3406158,"Oliver, North Dakota, US",1959,Americas
USA,Pembina,North Dakota,US,48.76623521,-97.5523809,"Pembina, North Dakota, US",6801,Americas
USA,Pierce,North Dakota,US,48.24977025,-99.96407787,"Pierce, North Dakota, US",3975,Americas
USA,Ramsey,North Dakota,US,48.26886249,-98.72223879,"Ramsey, North Dakota, US",11519,Americas
USA,Ransom,North Dakota,US,46.45621782,-97.65742504,"Ransom, North Dakota, US",5218,Americas
USA,Renville,North Dakota,US,48.71982533,-101.6603912,"Renville, North Dakota, US",2327,Americas
USA,Richland,North Dakota,US,46.26440649,-96.94852979,"Richland, North Dakota, US",16177,Americas
USA,Rolette,North Dakota,US,48.77245354,-99.84097493,"Rolette, North Dakota, US",14176,Americas
USA,Sargent,North Dakota,US,46.10830372,-97.63217159,"Sargent, North Dakota, US",3898,Americas
USA,Sheridan,North Dakota,US,47.57700669,-100.3426391,"Sheridan, North Dakota, US",1315,Americas
USA,Sioux,North Dakota,US,46.11323337,-101.0440149,"Sioux, North Dakota, US",4230,Americas
USA,Slope,North Dakota,US,46.44737738,-103.4601547,"Slope, North Dakota, US",750,Americas
USA,Stark,North Dakota,US,46.80851182,-102.6576326,"Stark, North Dakota, US",31489,Americas
USA,Steele,North Dakota,US,47.45611548,-97.72728747,"Steele, North Dakota, US",1890,Americas
USA,Stutsman,North Dakota,US,46.97962541,-98.95637318,"Stutsman, North Dakota, US",20704,Americas
USA,Towner,North Dakota,US,48.68565745,-99.24564265,"Towner, North Dakota, US",2189,Americas
USA,Traill,North Dakota,US,47.45367788,-97.16323288,"Traill, North Dakota, US",8036,Americas
USA,Walsh,North Dakota,US,48.36876964,-97.72574783,"Walsh, North Dakota, US",10641,Americas
USA,Ward,North Dakota,US,48.22390169,-101.5436763,"Ward, North Dakota, US",67641,Americas
USA,Wells,North Dakota,US,47.58614526,-99.65904998,"Wells, North Dakota, US",3834,Americas
USA,Williams,North Dakota,US,48.34522353,-103.4793387,"Williams, North Dakota, US",37589,Americas
USA,Adams,Ohio,US,38.84541072,-83.4718964,"Adams, Ohio, US",27698,Americas
USA,Allen,Ohio,US,40.77285242,-84.10802343,"Allen, Ohio, US",102351,Americas
USA,Ashland,Ohio,US,40.84772277,-82.27280781,"Ashland, Ohio, US",53484,Americas
USA,Ashtabula,Ohio,US,41.70860332,-80.74830218,"Ashtabula, Ohio, US",97241,Americas
USA,Athens,Ohio,US,39.33425634,-82.04278644,"Athens, Ohio, US",65327,Americas
USA,Auglaize,Ohio,US,40.55998859,-84.2242143,"Auglaize, Ohio, US",45656,Americas
USA,Belmont,Ohio,US,40.01625942,-80.9924051,"Belmont, Ohio, US",67006,Americas
USA,Brown,Ohio,US,38.93416837,-83.86788395,"Brown, Ohio, US",43432,Americas
USA,Butler,Ohio,US,39.44012838,-84.57388716,"Butler, Ohio, US",383134,Americas
USA,Carroll,Ohio,US,40.5789686,-81.09178213,"Carroll, Ohio, US",26914,Americas
USA,Champaign,Ohio,US,40.13923427,-83.76875242,"Champaign, Ohio, US",38885,Americas
USA,Clark,Ohio,US,39.91592258,-83.78498252,"Clark, Ohio, US",134083,Americas
USA,Clermont,Ohio,US,39.04847534,-84.15375786,"Clermont, Ohio, US",206428,Americas
USA,Clinton,Ohio,US,39.41485808,-83.80852286,"Clinton, Ohio, US",41968,Americas
USA,Columbiana,Ohio,US,40.76932373,-80.78094576,"Columbiana, Ohio, US",101883,Americas
USA,Coshocton,Ohio,US,40.30096166,-81.91729018,"Coshocton, Ohio, US",36600,Americas
USA,Crawford,Ohio,US,40.85065156,-82.91989099,"Crawford, Ohio, US",41494,Americas
USA,Cuyahoga,Ohio,US,41.424119,-81.65918339,"Cuyahoga, Ohio, US",1235072,Americas
USA,Darke,Ohio,US,40.13412966,-84.6194517,"Darke, Ohio, US",51113,Americas
USA,Defiance,Ohio,US,41.32398837,-84.49076944,"Defiance, Ohio, US",38087,Americas
USA,Delaware,Ohio,US,40.27942393,-83.00457058,"Delaware, Ohio, US",209177,Americas
USA,Erie,Ohio,US,41.36796058,-82.62904521,"Erie, Ohio, US",74266,Americas
USA,Fairfield,Ohio,US,39.75107189,-82.63088163,"Fairfield, Ohio, US",157574,Americas
USA,Fayette,Ohio,US,39.56021306,-83.4562016,"Fayette, Ohio, US",28525,Americas
USA,Franklin,Ohio,US,39.96995815,-83.01115755,"Franklin, Ohio, US",1316756,Americas
USA,Fulton,Ohio,US,41.60213491,-84.12571393,"Fulton, Ohio, US",42126,Americas
USA,Gallia,Ohio,US,38.82708533,-82.31647569,"Gallia, Ohio, US",29898,Americas
USA,Geauga,Ohio,US,41.49952319,-81.17935342,"Geauga, Ohio, US",93649,Americas
USA,Greene,Ohio,US,39.69116283,-83.89032084,"Greene, Ohio, US",168937,Americas
USA,Guernsey,Ohio,US,40.05026529,-81.49248905,"Guernsey, Ohio, US",38875,Americas
USA,Hamilton,Ohio,US,39.19673558,-84.54502924,"Hamilton, Ohio, US",817473,Americas
USA,Hancock,Ohio,US,41.00250487,-83.66838948,"Hancock, Ohio, US",75783,Americas
USA,Hardin,Ohio,US,40.66015414,-83.65929931,"Hardin, Ohio, US",31365,Americas
USA,Harrison,Ohio,US,40.29380509,-81.09068544,"Harrison, Ohio, US",15040,Americas
USA,Henry,Ohio,US,41.3339642,-84.06830637,"Henry, Ohio, US",27006,Americas
USA,Highland,Ohio,US,39.1839264,-83.60331456,"Highland, Ohio, US",43161,Americas
USA,Hocking,Ohio,US,39.49537927,-82.47991446,"Hocking, Ohio, US",28264,Americas
USA,Holmes,Ohio,US,40.56163713,-81.92635677,"Holmes, Ohio, US",43960,Americas
USA,Huron,Ohio,US,41.14651175,-82.59867951,"Huron, Ohio, US",58266,Americas
USA,Jackson,Ohio,US,39.01914254,-82.6181856,"Jackson, Ohio, US",32413,Americas
USA,Jefferson,Ohio,US,40.38614126,-80.76259514,"Jefferson, Ohio, US",65325,Americas
USA,Knox,Ohio,US,40.39830217,-82.42027563,"Knox, Ohio, US",62322,Americas
USA,Lake,Ohio,US,41.69710807,-81.23676539,"Lake, Ohio, US",230149,Americas
USA,Lawrence,Ohio,US,38.59743452,-82.53466552,"Lawrence, Ohio, US",59463,Americas
USA,Licking,Ohio,US,40.09136236,-82.48185785,"Licking, Ohio, US",176862,Americas
USA,Logan,Ohio,US,40.38996525,-83.76784341,"Logan, Ohio, US",45672,Americas
USA,Lorain,Ohio,US,41.29553751,-82.15083537,"Lorain, Ohio, US",309833,Americas
USA,Lucas,Ohio,US,41.62101218,-83.65468618,"Lucas, Ohio, US",428348,Americas
USA,Madison,Ohio,US,39.89381073,-83.40178317,"Madison, Ohio, US",44731,Americas
USA,Mahoning,Ohio,US,41.01631101,-80.77287029,"Mahoning, Ohio, US",228683,Americas
USA,Marion,Ohio,US,40.58610662,-83.15736305,"Marion, Ohio, US",65093,Americas
USA,Medina,Ohio,US,41.11770589,-81.8998621,"Medina, Ohio, US",179746,Americas
USA,Meigs,Ohio,US,39.09224872,-82.0305041,"Meigs, Ohio, US",22907,Americas
USA,Mercer,Ohio,US,40.54043046,-84.62912742,"Mercer, Ohio, US",41172,Americas
USA,Miami,Ohio,US,40.0543329,-84.22871271,"Miami, Ohio, US",106987,Americas
USA,Monroe,Ohio,US,39.72984936,-81.08464734,"Monroe, Ohio, US",13654,Americas
USA,Montgomery,Ohio,US,39.75394919,-84.29050975,"Montgomery, Ohio, US",531687,Americas
USA,Morgan,Ohio,US,39.62081738,-81.85308173,"Morgan, Ohio, US",14508,Americas
USA,Morrow,Ohio,US,40.5236356,-82.7892599,"Morrow, Ohio, US",35328,Americas
USA,Muskingum,Ohio,US,39.96575964,-81.94363275,"Muskingum, Ohio, US",86215,Americas
USA,Noble,Ohio,US,39.76818851,-81.45937183,"Noble, Ohio, US",14424,Americas
USA,Ottawa,Ohio,US,41.53781826,-83.0940185,"Ottawa, Ohio, US",40525,Americas
USA,Paulding,Ohio,US,41.11676341,-84.5801017,"Paulding, Ohio, US",18672,Americas
USA,Perry,Ohio,US,39.73508655,-82.23804971,"Perry, Ohio, US",36134,Americas
USA,Pickaway,Ohio,US,39.64170392,-83.0243386,"Pickaway, Ohio, US",58457,Americas
USA,Pike,Ohio,US,39.07634001,-83.06769584,"Pike, Ohio, US",27772,Americas
USA,Portage,Ohio,US,41.16793482,-81.19735782,"Portage, Ohio, US",162466,Americas
USA,Preble,Ohio,US,39.7420247,-84.64787018,"Preble, Ohio, US",40882,Americas
USA,Putnam,Ohio,US,41.02094889,-84.1336111,"Putnam, Ohio, US",33861,Americas
USA,Richland,Ohio,US,40.77180308,-82.5379961,"Richland, Ohio, US",121154,Americas
USA,Ross,Ohio,US,39.33705391,-83.06000914,"Ross, Ohio, US",76666,Americas
USA,Sandusky,Ohio,US,41.35624126,-83.137872,"Sandusky, Ohio, US",58518,Americas
USA,Scioto,Ohio,US,38.80270163,-82.98907345,"Scioto, Ohio, US",75314,Americas
USA,Seneca,Ohio,US,41.12351311,-83.12783209,"Seneca, Ohio, US",55178,Americas
USA,Shelby,Ohio,US,40.33163494,-84.20258189,"Shelby, Ohio, US",48590,Americas
USA,Stark,Ohio,US,40.81482476,-81.36437305,"Stark, Ohio, US",370606,Americas
USA,Summit,Ohio,US,41.12464734,-81.53123079,"Summit, Ohio, US",541013,Americas
USA,Trumbull,Ohio,US,41.31735028,-80.76109643,"Trumbull, Ohio, US",197974,Americas
USA,Tuscarawas,Ohio,US,40.44214695,-81.47226262,"Tuscarawas, Ohio, US",91987,Americas
USA,Union,Ohio,US,40.30016061,-83.37239023,"Union, Ohio, US",58988,Americas
USA,Van Wert,Ohio,US,40.8554138,-84.591117,"Van Wert, Ohio, US",28275,Americas
USA,Vinton,Ohio,US,39.25208988,-82.4831444,"Vinton, Ohio, US",13085,Americas
USA,Warren,Ohio,US,39.42581994,-84.16557457,"Warren, Ohio, US",234602,Americas
USA,Washington,Ohio,US,39.45690571,-81.49121382,"Washington, Ohio, US",59911,Americas
USA,Wayne,Ohio,US,40.82925852,-81.88844833,"Wayne, Ohio, US",115710,Americas
USA,Williams,Ohio,US,41.56052014,-84.58429552,"Williams, Ohio, US",36692,Americas
USA,Wood,Ohio,US,41.36224827,-83.62285108,"Wood, Ohio, US",130817,Americas
USA,Wyandot,Ohio,US,40.84339621,-83.30734173,"Wyandot, Ohio, US",21772,Americas
USA,Adair,Oklahoma,US,35.88494195,-94.65859267,"Adair, Oklahoma, US",22194,Americas
USA,Alfalfa,Oklahoma,US,36.73090616,-98.32408495,"Alfalfa, Oklahoma, US",5702,Americas
USA,Atoka,Oklahoma,US,34.37366573,-96.03802487,"Atoka, Oklahoma, US",13758,Americas
USA,Beaver,Oklahoma,US,36.7496847,-100.4758872,"Beaver, Oklahoma, US",5311,Americas
USA,Beckham,Oklahoma,US,35.26862449,-99.68128023,"Beckham, Oklahoma, US",21859,Americas
USA,Blaine,Oklahoma,US,35.87518314,-98.43307003,"Blaine, Oklahoma, US",9429,Americas
USA,Bryan,Oklahoma,US,33.96472458,-96.25903472,"Bryan, Oklahoma, US",47995,Americas
USA,Caddo,Oklahoma,US,35.17364557,-98.37534464,"Caddo, Oklahoma, US",28762,Americas
USA,Canadian,Oklahoma,US,35.5426055,-97.98465569,"Canadian, Oklahoma, US",148306,Americas
USA,Carter,Oklahoma,US,34.25103751,-97.28552485,"Carter, Oklahoma, US",48111,Americas
USA,Cherokee,Oklahoma,US,35.90692775,-94.99980896,"Cherokee, Oklahoma, US",48657,Americas
USA,Choctaw,Oklahoma,US,34.02807439,-95.54771129,"Choctaw, Oklahoma, US",14672,Americas
USA,Cimarron,Oklahoma,US,36.74817177,-102.5173885,"Cimarron, Oklahoma, US",2137,Americas
USA,Cleveland,Oklahoma,US,35.20413532,-97.32519562,"Cleveland, Oklahoma, US",284014,Americas
USA,Coal,Oklahoma,US,34.58840127,-96.29798747,"Coal, Oklahoma, US",5495,Americas
USA,Comanche,Oklahoma,US,34.65973764,-98.47195055,"Comanche, Oklahoma, US",120749,Americas
USA,Cotton,Oklahoma,US,34.28845626,-98.37053567,"Cotton, Oklahoma, US",5666,Americas
USA,Craig,Oklahoma,US,36.76268118,-95.20916602,"Craig, Oklahoma, US",14142,Americas
USA,Creek,Oklahoma,US,35.90230551,-96.37086028,"Creek, Oklahoma, US",71522,Americas
USA,Custer,Oklahoma,US,35.63853802,-99.00170785,"Custer, Oklahoma, US",29003,Americas
USA,Delaware,Oklahoma,US,36.40823634,-94.80325046,"Delaware, Oklahoma, US",43009,Americas
USA,Dewey,Oklahoma,US,35.98772922,-99.00730714,"Dewey, Oklahoma, US",4891,Americas
USA,Ellis,Oklahoma,US,36.2180194,-99.75324573,"Ellis, Oklahoma, US",3859,Americas
USA,Garfield,Oklahoma,US,36.3791334,-97.78265517,"Garfield, Oklahoma, US",61056,Americas
USA,Garvin,Oklahoma,US,34.70418038,-97.30811132,"Garvin, Oklahoma, US",27711,Americas
USA,Grady,Oklahoma,US,35.0167709,-97.88339847,"Grady, Oklahoma, US",55834,Americas
USA,Grant,Oklahoma,US,36.796297,-97.78638765,"Grant, Oklahoma, US",4333,Americas
USA,Greer,Oklahoma,US,34.93535801,-99.5605612,"Greer, Oklahoma, US",5712,Americas
USA,Harmon,Oklahoma,US,34.7440135,-99.84741652,"Harmon, Oklahoma, US",2653,Americas
USA,Harper,Oklahoma,US,36.78836519,-99.6679804,"Harper, Oklahoma, US",3688,Americas
USA,Haskell,Oklahoma,US,35.222576,-95.11513306,"Haskell, Oklahoma, US",12627,Americas
USA,Hughes,Oklahoma,US,35.04912569,-96.24921145,"Hughes, Oklahoma, US",13279,Americas
USA,Jackson,Oklahoma,US,34.58781741,-99.41138784,"Jackson, Oklahoma, US",24530,Americas
USA,Jefferson,Oklahoma,US,34.11130184,-97.83182974,"Jefferson, Oklahoma, US",6002,Americas
USA,Johnston,Oklahoma,US,34.31440473,-96.66011537,"Johnston, Oklahoma, US",11085,Americas
USA,Kay,Oklahoma,US,36.81799745,-97.14421435,"Kay, Oklahoma, US",43538,Americas
USA,Kingfisher,Oklahoma,US,35.94530008,-97.94193268,"Kingfisher, Oklahoma, US",15765,Americas
USA,Kiowa,Oklahoma,US,34.91671958,-98.97720696,"Kiowa, Oklahoma, US",8708,Americas
USA,Latimer,Oklahoma,US,34.87844729,-95.25215049,"Latimer, Oklahoma, US",10073,Americas
USA,Le Flore,Oklahoma,US,34.89851864,-94.70392124,"Le Flore, Oklahoma, US",49853,Americas
USA,Lincoln,Oklahoma,US,35.70270942,-96.8812462,"Lincoln, Oklahoma, US",34877,Americas
USA,Logan,Oklahoma,US,35.91899576,-97.44352845,"Logan, Oklahoma, US",48011,Americas
USA,Love,Oklahoma,US,33.95273467,-97.23906784,"Love, Oklahoma, US",10253,Americas
USA,McClain,Oklahoma,US,35.01123903,-97.44572302,"McClain, Oklahoma, US",40474,Americas
USA,McCurtain,Oklahoma,US,34.11664328,-94.77222373,"McCurtain, Oklahoma, US",32832,Americas
USA,McIntosh,Oklahoma,US,35.37235506,-95.66599306,"McIntosh, Oklahoma, US",19596,Americas
USA,Major,Oklahoma,US,36.31149996,-98.53467076,"Major, Oklahoma, US",7629,Americas
USA,Marshall,Oklahoma,US,34.02311222,-96.76855464,"Marshall, Oklahoma, US",16931,Americas
USA,Mayes,Oklahoma,US,36.30179091,-95.23175116,"Mayes, Oklahoma, US",41100,Americas
USA,Murray,Oklahoma,US,34.48116015,-97.06826283,"Murray, Oklahoma, US",14073,Americas
USA,Muskogee,Oklahoma,US,35.61318461,-95.37802952,"Muskogee, Oklahoma, US",67997,Americas
USA,Noble,Oklahoma,US,36.38953329,-97.22928674,"Noble, Oklahoma, US",11131,Americas
USA,Nowata,Oklahoma,US,36.79843529,-95.61902331,"Nowata, Oklahoma, US",10076,Americas
USA,Okfuskee,Oklahoma,US,35.46485198,-96.32639984,"Okfuskee, Oklahoma, US",11993,Americas
USA,Oklahoma,Oklahoma,US,35.55140095,-97.40716948,"Oklahoma, Oklahoma, US",797434,Americas
USA,Okmulgee,Oklahoma,US,35.64661916,-95.96432828,"Okmulgee, Oklahoma, US",38465,Americas
USA,Osage,Oklahoma,US,36.62888819,-96.39635704,"Osage, Oklahoma, US",46963,Americas
USA,Ottawa,Oklahoma,US,36.83532655,-94.81011909,"Ottawa, Oklahoma, US",31127,Americas
USA,Pawnee,Oklahoma,US,36.31743373,-96.7033176,"Pawnee, Oklahoma, US",16376,Americas
USA,Payne,Oklahoma,US,36.07695283,-96.97584944,"Payne, Oklahoma, US",81784,Americas
USA,Pittsburg,Oklahoma,US,34.92065823,-95.7513432,"Pittsburg, Oklahoma, US",43654,Americas
USA,Pontotoc,Oklahoma,US,34.72959848,-96.68337199,"Pontotoc, Oklahoma, US",38284,Americas
USA,Pottawatomie,Oklahoma,US,35.20614018,-96.94923008,"Pottawatomie, Oklahoma, US",72592,Americas
USA,Pushmataha,Oklahoma,US,34.41635232,-95.37603505,"Pushmataha, Oklahoma, US",11096,Americas
USA,Roger Mills,Oklahoma,US,35.68711719,-99.69666167,"Roger Mills, Oklahoma, US",3583,Americas
USA,Rogers,Oklahoma,US,36.37004357,-95.60406759,"Rogers, Oklahoma, US",92459,Americas
USA,Seminole,Oklahoma,US,35.16478725,-96.61686741,"Seminole, Oklahoma, US",24258,Americas
USA,Sequoyah,Oklahoma,US,35.49447108,-94.75463785,"Sequoyah, Oklahoma, US",41569,Americas
USA,Stephens,Oklahoma,US,34.48556989,-97.85141892,"Stephens, Oklahoma, US",43143,Americas
USA,Texas,Oklahoma,US,36.74777635,-101.4889765,"Texas, Oklahoma, US",19983,Americas
USA,Tillman,Oklahoma,US,34.37288446,-98.92426619,"Tillman, Oklahoma, US",7250,Americas
USA,Tulsa,Oklahoma,US,36.11939621,-95.94013939,"Tulsa, Oklahoma, US",651552,Americas
USA,Wagoner,Oklahoma,US,35.96024096,-95.51911308,"Wagoner, Oklahoma, US",81289,Americas
USA,Washington,Oklahoma,US,36.71380786,-95.90514104,"Washington, Oklahoma, US",51527,Americas
USA,Washita,Oklahoma,US,35.29071824,-98.99180434,"Washita, Oklahoma, US",10916,Americas
USA,Woods,Oklahoma,US,36.76705782,-98.86573064,"Woods, Oklahoma, US",8793,Americas
USA,Woodward,Oklahoma,US,36.42316318,-99.26283045,"Woodward, Oklahoma, US",20211,Americas
USA,Baker,Oregon,US,44.70915557,-117.6749883,"Baker, Oregon, US",16124,Americas
USA,Benton,Oregon,US,44.49167306,-123.4316987,"Benton, Oregon, US",93053,Americas
USA,Clackamas,Oregon,US,45.18787398,-122.2179634,"Clackamas, Oregon, US",418187,Americas
USA,Clatsop,Oregon,US,45.99712889,-123.660711,"Clatsop, Oregon, US",40224,Americas
USA,Columbia,Oregon,US,45.94464254,-123.0890898,"Columbia, Oregon, US",52354,Americas
USA,Coos,Oregon,US,43.17406868,-124.0594514,"Coos, Oregon, US",64487,Americas
USA,Crook,Oregon,US,44.14230227,-120.356297,"Crook, Oregon, US",24404,Americas
USA,Curry,Oregon,US,42.45911325,-124.157282,"Curry, Oregon, US",22925,Americas
USA,Deschutes,Oregon,US,43.91570171,-121.2289121,"Deschutes, Oregon, US",197692,Americas
USA,Douglas,Oregon,US,43.27941273,-123.167291,"Douglas, Oregon, US",110980,Americas
USA,Gilliam,Oregon,US,45.37160076,-120.2048869,"Gilliam, Oregon, US",1912,Americas
USA,Grant,Oregon,US,44.49024544,-119.0068631,"Grant, Oregon, US",7199,Americas
USA,Harney,Oregon,US,43.06422669,-118.9666306,"Harney, Oregon, US",7393,Americas
USA,Hood River,Oregon,US,45.51872811,-121.6552036,"Hood River, Oregon, US",23382,Americas
USA,Jackson,Oregon,US,42.43201126,-122.7289309,"Jackson, Oregon, US",220944,Americas
USA,Jefferson,Oregon,US,44.62806839,-121.17832,"Jefferson, Oregon, US",24658,Americas
USA,Josephine,Oregon,US,42.3665549,-123.5561938,"Josephine, Oregon, US",87487,Americas
USA,Klamath,Oregon,US,42.68762984,-121.6496461,"Klamath, Oregon, US",68238,Americas
USA,Lake,Oregon,US,42.79246693,-120.3850163,"Lake, Oregon, US",7869,Americas
USA,Lane,Oregon,US,43.93727035,-122.847753,"Lane, Oregon, US",382067,Americas
USA,Lincoln,Oregon,US,44.64252874,-123.869912,"Lincoln, Oregon, US",49962,Americas
USA,Linn,Oregon,US,44.48899494,-122.5373154,"Linn, Oregon, US",129749,Americas
USA,Malheur,Oregon,US,43.1937027,-117.6227395,"Malheur, Oregon, US",30571,Americas
USA,Marion,Oregon,US,44.90287942,-122.5815117,"Marion, Oregon, US",347818,Americas
USA,Morrow,Oregon,US,45.41846568,-119.584546,"Morrow, Oregon, US",11603,Americas
USA,Multnomah,Oregon,US,45.54747959,-122.4169351,"Multnomah, Oregon, US",812855,Americas
USA,Polk,Oregon,US,44.90322804,-123.4128888,"Polk, Oregon, US",86085,Americas
USA,Sherman,Oregon,US,45.41501554,-120.6827834,"Sherman, Oregon, US",1780,Americas
USA,Tillamook,Oregon,US,45.46248721,-123.712066,"Tillamook, Oregon, US",27036,Americas
USA,Umatilla,Oregon,US,45.59073056,-118.7353826,"Umatilla, Oregon, US",77950,Americas
USA,Union,Oregon,US,45.30915495,-118.0068979,"Union, Oregon, US",26835,Americas
USA,Wallowa,Oregon,US,45.57894064,-117.183538,"Wallowa, Oregon, US",7208,Americas
USA,Wasco,Oregon,US,45.16292781,-121.1670954,"Wasco, Oregon, US",26682,Americas
USA,Washington,Oregon,US,45.55972701,-123.0955257,"Washington, Oregon, US",601592,Americas
USA,Wheeler,Oregon,US,44.72698162,-120.0281427,"Wheeler, Oregon, US",1332,Americas
USA,Yamhill,Oregon,US,45.23330449,-123.3086963,"Yamhill, Oregon, US",107100,Americas
USA,Adams,Pennsylvania,US,39.87140411,-77.21610347,"Adams, Pennsylvania, US",103009,Americas
USA,Allegheny,Pennsylvania,US,40.46809875,-79.98167747,"Allegheny, Pennsylvania, US",1216045,Americas
USA,Armstrong,Pennsylvania,US,40.81665618,-79.46290811,"Armstrong, Pennsylvania, US",64735,Americas
USA,Beaver,Pennsylvania,US,40.6825484,-80.34921611,"Beaver, Pennsylvania, US",163929,Americas
USA,Bedford,Pennsylvania,US,40.00522157,-78.48998442,"Bedford, Pennsylvania, US",47888,Americas
USA,Berks,Pennsylvania,US,40.41570541,-75.92457766,"Berks, Pennsylvania, US",421164,Americas
USA,Blair,Pennsylvania,US,40.47961444,-78.34917412,"Blair, Pennsylvania, US",121829,Americas
USA,Bradford,Pennsylvania,US,41.78869215,-76.51570822,"Bradford, Pennsylvania, US",60323,Americas
USA,Bucks,Pennsylvania,US,40.33682119,-75.10836643,"Bucks, Pennsylvania, US",628270,Americas
USA,Butler,Pennsylvania,US,40.91152759,-79.91351055,"Butler, Pennsylvania, US",187853,Americas
USA,Cambria,Pennsylvania,US,40.49527404,-78.71377428,"Cambria, Pennsylvania, US",130192,Americas
USA,Cameron,Pennsylvania,US,41.43625568,-78.20376845,"Cameron, Pennsylvania, US",4447,Americas
USA,Carbon,Pennsylvania,US,40.91545395,-75.7068525,"Carbon, Pennsylvania, US",64182,Americas
USA,Centre,Pennsylvania,US,40.92058903,-77.82200624,"Centre, Pennsylvania, US",162385,Americas
USA,Chester,Pennsylvania,US,39.97291773,-75.74768357,"Chester, Pennsylvania, US",524989,Americas
USA,Clarion,Pennsylvania,US,41.19265812,-79.42413524,"Clarion, Pennsylvania, US",38438,Americas
USA,Clearfield,Pennsylvania,US,41.00110782,-78.47592663,"Clearfield, Pennsylvania, US",79255,Americas
USA,Clinton,Pennsylvania,US,41.23255967,-77.63785995,"Clinton, Pennsylvania, US",38632,Americas
USA,Columbia,Pennsylvania,US,41.04821986,-76.40565017,"Columbia, Pennsylvania, US",64964,Americas
USA,Crawford,Pennsylvania,US,41.68447709,-80.10760592,"Crawford, Pennsylvania, US",84629,Americas
USA,Cumberland,Pennsylvania,US,40.1625372,-77.26130755,"Cumberland, Pennsylvania, US",253370,Americas
USA,Dauphin,Pennsylvania,US,40.41377078,-76.77993242,"Dauphin, Pennsylvania, US",278299,Americas
USA,Delaware,Pennsylvania,US,39.91680171,-75.40243663,"Delaware, Pennsylvania, US",566747,Americas
USA,Elk,Pennsylvania,US,41.42822061,-78.64524744,"Elk, Pennsylvania, US",29910,Americas
USA,Erie,Pennsylvania,US,41.99253829,-80.03301954,"Erie, Pennsylvania, US",269728,Americas
USA,Fayette,Pennsylvania,US,39.92041012,-79.64291195,"Fayette, Pennsylvania, US",129274,Americas
USA,Forest,Pennsylvania,US,41.51095103,-79.23229292,"Forest, Pennsylvania, US",7247,Americas
USA,Franklin,Pennsylvania,US,39.92956518,-77.72157791,"Franklin, Pennsylvania, US",155027,Americas
USA,Fulton,Pennsylvania,US,39.92913544,-78.11163677,"Fulton, Pennsylvania, US",14530,Americas
USA,Greene,Pennsylvania,US,39.85746531,-80.22357106,"Greene, Pennsylvania, US",36233,Americas
USA,Huntingdon,Pennsylvania,US,40.42162652,-77.97673273,"Huntingdon, Pennsylvania, US",45144,Americas
USA,Indiana,Pennsylvania,US,40.65241041,-79.08963285,"Indiana, Pennsylvania, US",84073,Americas
USA,Jefferson,Pennsylvania,US,41.12913106,-78.9986361,"Jefferson, Pennsylvania, US",43425,Americas
USA,Juniata,Pennsylvania,US,40.53358749,-77.3997513,"Juniata, Pennsylvania, US",24763,Americas
USA,Lackawanna,Pennsylvania,US,41.43564672,-75.60379201,"Lackawanna, Pennsylvania, US",209674,Americas
USA,Lancaster,Pennsylvania,US,40.03904563,-76.24770128,"Lancaster, Pennsylvania, US",545724,Americas
USA,Lawrence,Pennsylvania,US,40.99206278,-80.33393706,"Lawrence, Pennsylvania, US",85512,Americas
USA,Lebanon,Pennsylvania,US,40.36680311,-76.45651841,"Lebanon, Pennsylvania, US",141793,Americas
USA,Lehigh,Pennsylvania,US,40.6154815,-75.59435245,"Lehigh, Pennsylvania, US",369318,Americas
USA,Luzerne,Pennsylvania,US,41.17823008,-75.98447579,"Luzerne, Pennsylvania, US",317417,Americas
USA,Lycoming,Pennsylvania,US,41.34310539,-77.06629984,"Lycoming, Pennsylvania, US",113299,Americas
USA,McKean,Pennsylvania,US,41.80938602,-78.56478358,"McKean, Pennsylvania, US",40625,Americas
USA,Mercer,Pennsylvania,US,41.30248872,-80.25816981,"Mercer, Pennsylvania, US",109424,Americas
USA,Mifflin,Pennsylvania,US,40.61116939,-77.61070738,"Mifflin, Pennsylvania, US",46138,Americas
USA,Monroe,Pennsylvania,US,41.05934058,-75.34031025,"Monroe, Pennsylvania, US",170271,Americas
USA,Montgomery,Pennsylvania,US,40.21053671,-75.36652296,"Montgomery, Pennsylvania, US",830915,Americas
USA,Montour,Pennsylvania,US,41.03023987,-76.66345939,"Montour, Pennsylvania, US",18230,Americas
USA,Northampton,Pennsylvania,US,40.75182733,-75.30471829,"Northampton, Pennsylvania, US",305285,Americas
USA,Northumberland,Pennsylvania,US,40.84785433,-76.70798222,"Northumberland, Pennsylvania, US",90843,Americas
USA,Perry,Pennsylvania,US,40.40206612,-77.26297447,"Perry, Pennsylvania, US",46272,Americas
USA,Philadelphia,Pennsylvania,US,40.00338507,-75.1379271,"Philadelphia, Pennsylvania, US",1584064,Americas
USA,Pike,Pennsylvania,US,41.33155042,-75.03208106,"Pike, Pennsylvania, US",55809,Americas
USA,Potter,Pennsylvania,US,41.74471626,-77.89559864,"Potter, Pennsylvania, US",16526,Americas
USA,Schuylkill,Pennsylvania,US,40.70497338,-76.2150785,"Schuylkill, Pennsylvania, US",141359,Americas
USA,Snyder,Pennsylvania,US,40.77129231,-77.06840691,"Snyder, Pennsylvania, US",40372,Americas
USA,Somerset,Pennsylvania,US,39.97172723,-79.02699593,"Somerset, Pennsylvania, US",73447,Americas
USA,Sullivan,Pennsylvania,US,41.44634738,-76.51246591,"Sullivan, Pennsylvania, US",6066,Americas
USA,Susquehanna,Pennsylvania,US,41.82147784,-75.80071959,"Susquehanna, Pennsylvania, US",40328,Americas
USA,Tioga,Pennsylvania,US,41.77255149,-77.25433032,"Tioga, Pennsylvania, US",40591,Americas
USA,Union,Pennsylvania,US,40.96188846,-77.05996014,"Union, Pennsylvania, US",44923,Americas
USA,Venango,Pennsylvania,US,41.40323442,-79.75845449,"Venango, Pennsylvania, US",50668,Americas
USA,Warren,Pennsylvania,US,41.81304978,-79.26969577,"Warren, Pennsylvania, US",39191,Americas
USA,Washington,Pennsylvania,US,40.19208869,-80.24582867,"Washington, Pennsylvania, US",206865,Americas
USA,Wayne,Pennsylvania,US,41.64938475,-75.29956506,"Wayne, Pennsylvania, US",51361,Americas
USA,Westmoreland,Pennsylvania,US,40.3137798,-79.46615476,"Westmoreland, Pennsylvania, US",348899,Americas
USA,Wyoming,Pennsylvania,US,41.51955538,-76.01074915,"Wyoming, Pennsylvania, US",26794,Americas
USA,York,Pennsylvania,US,39.9210089,-76.73040131,"York, Pennsylvania, US",449058,Americas
USA,Bristol,Rhode Island,US,41.71018079,-71.28652315,"Bristol, Rhode Island, US",48479,Americas
USA,Kent,Rhode Island,US,41.67106337,-71.57641596,"Kent, Rhode Island, US",164292,Americas
USA,Newport,Rhode Island,US,41.5642026,-71.26569799,"Newport, Rhode Island, US",82082,Americas
USA,Providence,Rhode Island,US,41.87064746,-71.57753536,"Providence, Rhode Island, US",638931,Americas
USA,Washington,Rhode Island,US,41.45961631,-71.61435303,"Washington, Rhode Island, US",125577,Americas
USA,Abbeville,South Carolina,US,34.22333378,-82.46170658,"Abbeville, South Carolina, US",24527,Americas
USA,Aiken,South Carolina,US,33.54338026,-81.63645384,"Aiken, South Carolina, US",170872,Americas
USA,Allendale,South Carolina,US,32.98837386,-81.35321066,"Allendale, South Carolina, US",8688,Americas
USA,Anderson,South Carolina,US,34.51828081,-82.63959517,"Anderson, South Carolina, US",202558,Americas
USA,Bamberg,South Carolina,US,33.21927586,-81.05659969,"Bamberg, South Carolina, US",14066,Americas
USA,Barnwell,South Carolina,US,33.26679302,-81.43584352,"Barnwell, South Carolina, US",20866,Americas
USA,Beaufort,South Carolina,US,32.39226291,-80.72619758,"Beaufort, South Carolina, US",192122,Americas
USA,Berkeley,South Carolina,US,33.20222596,-79.94654523,"Berkeley, South Carolina, US",227907,Americas
USA,Calhoun,South Carolina,US,33.66926881,-80.77722168,"Calhoun, South Carolina, US",14553,Americas
USA,Charleston,South Carolina,US,32.82487866,-79.96512315,"Charleston, South Carolina, US",411406,Americas
USA,Cherokee,South Carolina,US,35.05122251,-81.61828622,"Cherokee, South Carolina, US",57300,Americas
USA,Chester,South Carolina,US,34.69249168,-81.1583216,"Chester, South Carolina, US",32244,Americas
USA,Chesterfield,South Carolina,US,34.64137396,-80.1564014,"Chesterfield, South Carolina, US",45650,Americas
USA,Clarendon,South Carolina,US,33.66610974,-80.21647898,"Clarendon, South Carolina, US",33745,Americas
USA,Colleton,South Carolina,US,32.87582989,-80.67641292,"Colleton, South Carolina, US",37677,Americas
USA,Darlington,South Carolina,US,34.33358335,-79.96027485,"Darlington, South Carolina, US",66618,Americas
USA,Dillon,South Carolina,US,34.39007791,-79.37741872,"Dillon, South Carolina, US",30479,Americas
USA,Dorchester,South Carolina,US,33.0794369,-80.40502652,"Dorchester, South Carolina, US",162809,Americas
USA,Edgefield,South Carolina,US,33.77221995,-81.96231108,"Edgefield, South Carolina, US",27260,Americas
USA,Fairfield,South Carolina,US,34.39287073,-81.1195624,"Fairfield, South Carolina, US",22347,Americas
USA,Florence,South Carolina,US,34.02361754,-79.70189312,"Florence, South Carolina, US",138293,Americas
USA,Georgetown,South Carolina,US,33.43443342,-79.33202141,"Georgetown, South Carolina, US",62680,Americas
USA,Greenville,South Carolina,US,34.89502264,-82.37295012,"Greenville, South Carolina, US",523542,Americas
USA,Greenwood,South Carolina,US,34.15272415,-82.12715789,"Greenwood, South Carolina, US",70811,Americas
USA,Hampton,South Carolina,US,32.77419582,-81.13845571,"Hampton, South Carolina, US",19222,Americas
USA,Horry,South Carolina,US,33.9212828,-78.99555293,"Horry, South Carolina, US",354081,Americas
USA,Jasper,South Carolina,US,32.43171982,-81.02487495,"Jasper, South Carolina, US",30073,Americas
USA,Kershaw,South Carolina,US,34.33988254,-80.58763164,"Kershaw, South Carolina, US",66551,Americas
USA,Lancaster,South Carolina,US,34.68270843,-80.70513032,"Lancaster, South Carolina, US",98012,Americas
USA,Laurens,South Carolina,US,34.48244419,-82.00490796,"Laurens, South Carolina, US",67493,Americas
USA,Lee,South Carolina,US,34.16393091,-80.25690731,"Lee, South Carolina, US",16828,Americas
USA,Lexington,South Carolina,US,33.89665987,-81.27146426,"Lexington, South Carolina, US",298750,Americas
USA,McCormick,South Carolina,US,33.90161443,-82.30794338,"McCormick, South Carolina, US",9463,Americas
USA,Marion,South Carolina,US,34.07859748,-79.36400756,"Marion, South Carolina, US",30657,Americas
USA,Marlboro,South Carolina,US,34.59905577,-79.67561152,"Marlboro, South Carolina, US",26118,Americas
USA,Newberry,South Carolina,US,34.28629098,-81.59935761,"Newberry, South Carolina, US",38440,Americas
USA,Oconee,South Carolina,US,34.75225169,-83.06742317,"Oconee, South Carolina, US",79546,Americas
USA,Orangeburg,South Carolina,US,33.4391073,-80.79886287,"Orangeburg, South Carolina, US",86175,Americas
USA,Pickens,South Carolina,US,34.88807695,-82.72791551,"Pickens, South Carolina, US",126884,Americas
USA,Richland,South Carolina,US,34.01791263,-80.90267209,"Richland, South Carolina, US",415759,Americas
USA,Saluda,South Carolina,US,34.00795823,-81.72713237,"Saluda, South Carolina, US",20473,Americas
USA,Spartanburg,South Carolina,US,34.92960077,-81.99225984,"Spartanburg, South Carolina, US",319785,Americas
USA,Sumter,South Carolina,US,33.91826534,-80.37942316,"Sumter, South Carolina, US",106721,Americas
USA,Union,South Carolina,US,34.68835752,-81.61730349,"Union, South Carolina, US",27316,Americas
USA,Williamsburg,South Carolina,US,33.62190129,-79.72767442,"Williamsburg, South Carolina, US",30368,Americas
USA,York,South Carolina,US,34.97281497,-81.18085944,"York, South Carolina, US",280979,Americas
USA,Aurora,South Dakota,US,43.71757685,-98.56050467,"Aurora, South Dakota, US",2751,Americas
USA,Beadle,South Dakota,US,44.41464384,-98.27858469,"Beadle, South Dakota, US",18453,Americas
USA,Bennett,South Dakota,US,43.19486375,-101.6665572,"Bennett, South Dakota, US",3365,Americas
USA,Bon Homme,South Dakota,US,42.98914167,-97.88592746,"Bon Homme, South Dakota, US",6901,Americas
USA,Brookings,South Dakota,US,44.36974375,-96.79079945,"Brookings, South Dakota, US",35077,Americas
USA,Brown,South Dakota,US,45.58994323,-98.35165355,"Brown, South Dakota, US",38839,Americas
USA,Brule,South Dakota,US,43.71756379,-99.08118954,"Brule, South Dakota, US",5297,Americas
USA,Buffalo,South Dakota,US,44.07657829,-99.20814467,"Buffalo, South Dakota, US",1962,Americas
USA,Butte,South Dakota,US,44.90608745,-103.5079318,"Butte, South Dakota, US",10429,Americas
USA,Campbell,South Dakota,US,45.77074915,-100.0510181,"Campbell, South Dakota, US",1376,Americas
USA,Charles Mix,South Dakota,US,43.20660134,-98.58856175,"Charles Mix, South Dakota, US",9292,Americas
USA,Clark,South Dakota,US,44.85834507,-97.72925109,"Clark, South Dakota, US",3736,Americas
USA,Clay,South Dakota,US,42.91296147,-96.97656917,"Clay, South Dakota, US",14070,Americas
USA,Codington,South Dakota,US,44.97788119,-97.18827677,"Codington, South Dakota, US",28009,Americas
USA,Corson,South Dakota,US,45.70889983,-101.1970473,"Corson, South Dakota, US",4086,Americas
USA,Custer,South Dakota,US,43.67741105,-103.4534521,"Custer, South Dakota, US",8972,Americas
USA,Davison,South Dakota,US,43.67490933,-98.14458906,"Davison, South Dakota, US",19775,Americas
USA,Day,South Dakota,US,45.367281,-97.60737498,"Day, South Dakota, US",5424,Americas
USA,Deuel,South Dakota,US,44.75994309,-96.66943645,"Deuel, South Dakota, US",4351,Americas
USA,Dewey,South Dakota,US,45.15639647,-100.8709139,"Dewey, South Dakota, US",5892,Americas
USA,Douglas,South Dakota,US,43.38520741,-98.36978007,"Douglas, South Dakota, US",2921,Americas
USA,Edmunds,South Dakota,US,45.41846445,-99.21545423,"Edmunds, South Dakota, US",3829,Americas
USA,Fall River,South Dakota,US,43.23929297,-103.5275691,"Fall River, South Dakota, US",6713,Americas
USA,Faulk,South Dakota,US,45.07082625,-99.14535601,"Faulk, South Dakota, US",2299,Americas
USA,Grant,South Dakota,US,45.1723937,-96.77002276,"Grant, South Dakota, US",7052,Americas
USA,Gregory,South Dakota,US,43.19419064,-99.18883902,"Gregory, South Dakota, US",4185,Americas
USA,Haakon,South Dakota,US,44.29299053,-101.539099,"Haakon, South Dakota, US",1899,Americas
USA,Hamlin,South Dakota,US,44.67385954,-97.18829593,"Hamlin, South Dakota, US",6164,Americas
USA,Hand,South Dakota,US,44.54708407,-99.00386459,"Hand, South Dakota, US",3191,Americas
USA,Hanson,South Dakota,US,43.6746384,-97.78715148,"Hanson, South Dakota, US",3453,Americas
USA,Harding,South Dakota,US,45.58015551,-103.4958629,"Harding, South Dakota, US",1298,Americas
USA,Hughes,South Dakota,US,44.39091534,-99.99661148,"Hughes, South Dakota, US",17526,Americas
USA,Hutchinson,South Dakota,US,43.33449012,-97.75536441,"Hutchinson, South Dakota, US",7291,Americas
USA,Hyde,South Dakota,US,44.54747703,-99.48572582,"Hyde, South Dakota, US",1301,Americas
USA,Jackson,South Dakota,US,43.69318385,-101.6255063,"Jackson, South Dakota, US",3344,Americas
USA,Jerauld,South Dakota,US,44.06637798,-98.62965972,"Jerauld, South Dakota, US",2013,Americas
USA,Jones,South Dakota,US,43.96278565,-100.6940008,"Jones, South Dakota, US",903,Americas
USA,Kingsbury,South Dakota,US,44.36956169,-97.4913945,"Kingsbury, South Dakota, US",4939,Americas
USA,Lake,South Dakota,US,44.02193107,-97.12926365,"Lake, South Dakota, US",12797,Americas
USA,Lawrence,South Dakota,US,44.35919441,-103.7929428,"Lawrence, South Dakota, US",25844,Americas
USA,Lincoln,South Dakota,US,43.27841182,-96.7203905,"Lincoln, South Dakota, US",61128,Americas
USA,Lyman,South Dakota,US,43.89522709,-99.85201878,"Lyman, South Dakota, US",3781,Americas
USA,McCook,South Dakota,US,43.6742571,-97.36863144,"McCook, South Dakota, US",5586,Americas
USA,McPherson,South Dakota,US,45.76626028,-99.22118798,"McPherson, South Dakota, US",2379,Americas
USA,Marshall,South Dakota,US,45.75870838,-97.59855639,"Marshall, South Dakota, US",4935,Americas
USA,Meade,South Dakota,US,44.56676791,-102.7162741,"Meade, South Dakota, US",28332,Americas
USA,Mellette,South Dakota,US,43.58078848,-100.7563186,"Mellette, South Dakota, US",2061,Americas
USA,Miner,South Dakota,US,44.02197882,-97.60992207,"Miner, South Dakota, US",2216,Americas
USA,Minnehaha,South Dakota,US,43.67441641,-96.7910885,"Minnehaha, South Dakota, US",193134,Americas
USA,Moody,South Dakota,US,44.02266214,-96.67081159,"Moody, South Dakota, US",6576,Americas
USA,Oglala Lakota,South Dakota,US,43.33749164,-102.5555498,"Oglala Lakota, South Dakota, US",14177,Americas
USA,Pennington,South Dakota,US,44.0025835,-102.8240777,"Pennington, South Dakota, US",113775,Americas
USA,Perkins,South Dakota,US,45.49049506,-102.4755586,"Perkins, South Dakota, US",2865,Americas
USA,Potter,South Dakota,US,45.06583079,-99.95498503,"Potter, South Dakota, US",2153,Americas
USA,Roberts,South Dakota,US,45.62975048,-96.94672673,"Roberts, South Dakota, US",10394,Americas
USA,Sanborn,South Dakota,US,44.02351092,-98.0909816,"Sanborn, South Dakota, US",2344,Americas
USA,Spink,South Dakota,US,44.93837606,-98.34626602,"Spink, South Dakota, US",6376,Americas
USA,Stanley,South Dakota,US,44.41381872,-100.7349153,"Stanley, South Dakota, US",3098,Americas
USA,Sully,South Dakota,US,44.71571812,-100.1278092,"Sully, South Dakota, US",1391,Americas
USA,Todd,South Dakota,US,43.19338568,-100.7195503,"Todd, South Dakota, US",10177,Americas
USA,Tripp,South Dakota,US,43.34459388,-99.8854891,"Tripp, South Dakota, US",5441,Americas
USA,Turner,South Dakota,US,43.3109081,-97.14865776,"Turner, South Dakota, US",8384,Americas
USA,Union,South Dakota,US,42.83112163,-96.6557828,"Union, South Dakota, US",15932,Americas
USA,Walworth,South Dakota,US,45.43019636,-100.0307514,"Walworth, South Dakota, US",5435,Americas
USA,Yankton,South Dakota,US,43.00924485,-97.39467635,"Yankton, South Dakota, US",22814,Americas
USA,Ziebach,South Dakota,US,44.97881876,-101.6654622,"Ziebach, South Dakota, US",2756,Americas
USA,Anderson,Tennessee,US,36.12684348,-84.19965764,"Anderson, Tennessee, US",76978,Americas
USA,Bedford,Tennessee,US,35.51123746,-86.45549096,"Bedford, Tennessee, US",49713,Americas
USA,Benton,Tennessee,US,36.07110411,-88.06849355,"Benton, Tennessee, US",16160,Americas
USA,Bledsoe,Tennessee,US,35.59942968,-85.20611967,"Bledsoe, Tennessee, US",15064,Americas
USA,Blount,Tennessee,US,35.68938198,-83.92847788,"Blount, Tennessee, US",133088,Americas
USA,Bradley,Tennessee,US,35.15739424,-84.857186,"Bradley, Tennessee, US",108110,Americas
USA,Campbell,Tennessee,US,36.40355516,-84.1510856,"Campbell, Tennessee, US",39842,Americas
USA,Cannon,Tennessee,US,35.80990797,-86.05738983,"Cannon, Tennessee, US",14678,Americas
USA,Carroll,Tennessee,US,35.97366108,-88.45189331,"Carroll, Tennessee, US",27767,Americas
USA,Carter,Tennessee,US,36.28969086,-82.12588974,"Carter, Tennessee, US",56391,Americas
USA,Cheatham,Tennessee,US,36.26136216,-87.08903581,"Cheatham, Tennessee, US",40667,Americas
USA,Chester,Tennessee,US,35.42527478,-88.6095842,"Chester, Tennessee, US",17297,Americas
USA,Claiborne,Tennessee,US,36.48319149,-83.65947309,"Claiborne, Tennessee, US",31959,Americas
USA,Clay,Tennessee,US,36.55151008,-85.53930419,"Clay, Tennessee, US",7615,Americas
USA,Cocke,Tennessee,US,35.9278914,-83.11828725,"Cocke, Tennessee, US",36004,Americas
USA,Coffee,Tennessee,US,35.49090731,-86.07311784,"Coffee, Tennessee, US",56520,Americas
USA,Crockett,Tennessee,US,35.81830662,-89.14916269,"Crockett, Tennessee, US",14230,Americas
USA,Cumberland,Tennessee,US,35.95271721,-84.99840585,"Cumberland, Tennessee, US",60520,Americas
USA,Davidson,Tennessee,US,36.17007426,-86.78646056,"Davidson, Tennessee, US",694144,Americas
USA,Decatur,Tennessee,US,35.60048904,-88.11043779,"Decatur, Tennessee, US",11663,Americas
USA,DeKalb,Tennessee,US,35.97616272,-85.83689361,"DeKalb, Tennessee, US",20490,Americas
USA,Dickson,Tennessee,US,36.14669837,-87.35891709,"Dickson, Tennessee, US",53948,Americas
USA,Dyer,Tennessee,US,36.05931946,-89.41542855,"Dyer, Tennessee, US",37159,Americas
USA,Fayette,Tennessee,US,35.19615831,-89.41399032,"Fayette, Tennessee, US",41133,Americas
USA,Fentress,Tennessee,US,36.38128818,-84.92870012,"Fentress, Tennessee, US",18523,Americas
USA,Franklin,Tennessee,US,35.15634626,-86.09201039,"Franklin, Tennessee, US",42208,Americas
USA,Gibson,Tennessee,US,35.99438059,-88.93358327,"Gibson, Tennessee, US",49133,Americas
USA,Giles,Tennessee,US,35.20222469,-87.03992678,"Giles, Tennessee, US",29464,Americas
USA,Grainger,Tennessee,US,36.27469206,-83.51254721,"Grainger, Tennessee, US",23320,Americas
USA,Greene,Tennessee,US,36.17470125,-82.84691273,"Greene, Tennessee, US",69069,Americas
USA,Grundy,Tennessee,US,35.38433717,-85.72142731,"Grundy, Tennessee, US",13427,Americas
USA,Hamblen,Tennessee,US,36.21990035,-83.26586179,"Hamblen, Tennessee, US",64934,Americas
USA,Hamilton,Tennessee,US,35.17670231,-85.16652245,"Hamilton, Tennessee, US",367804,Americas
USA,Hancock,Tennessee,US,36.52692871,-83.22375847,"Hancock, Tennessee, US",6620,Americas
USA,Hardeman,Tennessee,US,35.20772017,-88.99161161,"Hardeman, Tennessee, US",25050,Americas
USA,Hardin,Tennessee,US,35.19732531,-88.18593755,"Hardin, Tennessee, US",25652,Americas
USA,Hawkins,Tennessee,US,36.44355426,-82.94885298,"Hawkins, Tennessee, US",56786,Americas
USA,Haywood,Tennessee,US,35.58332824,-89.28536625,"Haywood, Tennessee, US",17304,Americas
USA,Henderson,Tennessee,US,35.65581134,-88.38600175,"Henderson, Tennessee, US",28117,Americas
USA,Henry,Tennessee,US,36.33160906,-88.30121797,"Henry, Tennessee, US",32345,Americas
USA,Hickman,Tennessee,US,35.80609681,-87.47643507,"Hickman, Tennessee, US",25178,Americas
USA,Houston,Tennessee,US,36.28872054,-87.71878828,"Houston, Tennessee, US",8201,Americas
USA,Humphreys,Tennessee,US,36.03958805,-87.77992872,"Humphreys, Tennessee, US",18582,Americas
USA,Jackson,Tennessee,US,36.36380466,-85.67239905,"Jackson, Tennessee, US",11786,Americas
USA,Jefferson,Tennessee,US,36.04818632,-83.45148924,"Jefferson, Tennessee, US",54495,Americas
USA,Johnson,Tennessee,US,36.4552395,-81.84886538,"Johnson, Tennessee, US",17788,Americas
USA,Knox,Tennessee,US,35.99508821,-83.94635435,"Knox, Tennessee, US",470313,Americas
USA,Lake,Tennessee,US,36.3418017,-89.48921915,"Lake, Tennessee, US",7016,Americas
USA,Lauderdale,Tennessee,US,35.75893438,-89.6301591,"Lauderdale, Tennessee, US",25633,Americas
USA,Lawrence,Tennessee,US,35.21675201,-87.39787695,"Lawrence, Tennessee, US",44142,Americas
USA,Lewis,Tennessee,US,35.52853208,-87.49022694,"Lewis, Tennessee, US",12268,Americas
USA,Lincoln,Tennessee,US,35.13738622,-86.58910106,"Lincoln, Tennessee, US",34366,Americas
USA,Loudon,Tennessee,US,35.73939663,-84.31145275,"Loudon, Tennessee, US",54068,Americas
USA,McMinn,Tennessee,US,35.42812616,-84.61520715,"McMinn, Tennessee, US",53794,Americas
USA,McNairy,Tennessee,US,35.17468549,-88.5647812,"McNairy, Tennessee, US",25694,Americas
USA,Macon,Tennessee,US,36.53157855,-86.00778595,"Macon, Tennessee, US",24602,Americas
USA,Madison,Tennessee,US,35.61181957,-88.84076036,"Madison, Tennessee, US",97984,Americas
USA,Marion,Tennessee,US,35.12997174,-85.62265895,"Marion, Tennessee, US",28907,Americas
USA,Marshall,Tennessee,US,35.45798777,-86.76420988,"Marshall, Tennessee, US",34375,Americas
USA,Maury,Tennessee,US,35.6187413,-87.07462444,"Maury, Tennessee, US",96387,Americas
USA,Meigs,Tennessee,US,35.51558739,-84.81482914,"Meigs, Tennessee, US",12422,Americas
USA,Monroe,Tennessee,US,35.44550387,-84.24902965,"Monroe, Tennessee, US",46545,Americas
USA,Montgomery,Tennessee,US,36.49609412,-87.38550661,"Montgomery, Tennessee, US",208993,Americas
USA,Moore,Tennessee,US,35.27724699,-86.36230578,"Moore, Tennessee, US",6488,Americas
USA,Morgan,Tennessee,US,36.13248031,-84.64880098,"Morgan, Tennessee, US",21403,Americas
USA,Obion,Tennessee,US,36.35732446,-89.14921589,"Obion, Tennessee, US",30069,Americas
USA,Overton,Tennessee,US,36.34117832,-85.28989535,"Overton, Tennessee, US",22241,Americas
USA,Perry,Tennessee,US,35.63708728,-87.86139634,"Perry, Tennessee, US",8076,Americas
USA,Pickett,Tennessee,US,36.55606529,-85.077633,"Pickett, Tennessee, US",5048,Americas
USA,Polk,Tennessee,US,35.12245443,-84.52075859,"Polk, Tennessee, US",16832,Americas
USA,Putnam,Tennessee,US,36.14005459,-85.50646123,"Putnam, Tennessee, US",80245,Americas
USA,Rhea,Tennessee,US,35.60536161,-84.93076643,"Rhea, Tennessee, US",33167,Americas
USA,Roane,Tennessee,US,35.84923189,-84.52458689,"Roane, Tennessee, US",53382,Americas
USA,Robertson,Tennessee,US,36.52454807,-86.87346725,"Robertson, Tennessee, US",71813,Americas
USA,Rutherford,Tennessee,US,35.84591405,-86.4107263,"Rutherford, Tennessee, US",332285,Americas
USA,Scott,Tennessee,US,36.42325673,-84.50360494,"Scott, Tennessee, US",22068,Americas
USA,Sequatchie,Tennessee,US,35.36979721,-85.41022136,"Sequatchie, Tennessee, US",15026,Americas
USA,Sevier,Tennessee,US,35.78077323,-83.52244332,"Sevier, Tennessee, US",98250,Americas
USA,Shelby,Tennessee,US,35.1864775,-89.89692423,"Shelby, Tennessee, US",937166,Americas
USA,Smith,Tennessee,US,36.25359775,-85.95411046,"Smith, Tennessee, US",20157,Americas
USA,Stewart,Tennessee,US,36.50235092,-87.83920548,"Stewart, Tennessee, US",13715,Americas
USA,Sullivan,Tennessee,US,36.51240691,-82.30412917,"Sullivan, Tennessee, US",158348,Americas
USA,Sumner,Tennessee,US,36.46824103,-86.45917204,"Sumner, Tennessee, US",191283,Americas
USA,Tipton,Tennessee,US,35.501942,-89.73694895,"Tipton, Tennessee, US",61599,Americas
USA,Trousdale,Tennessee,US,36.39026213,-86.16087954,"Trousdale, Tennessee, US",11284,Americas
USA,Unicoi,Tennessee,US,36.10890856,-82.43709629,"Unicoi, Tennessee, US",17883,Americas
USA,Union,Tennessee,US,36.28590426,-83.83651902,"Union, Tennessee, US",19972,Americas
USA,Van Buren,Tennessee,US,35.69864497,-85.45221699,"Van Buren, Tennessee, US",5872,Americas
USA,Warren,Tennessee,US,35.6728299,-85.77969117,"Warren, Tennessee, US",41277,Americas
USA,Washington,Tennessee,US,36.29472368,-82.4945472,"Washington, Tennessee, US",129375,Americas
USA,Wayne,Tennessee,US,35.23868267,-87.78644456,"Wayne, Tennessee, US",16673,Americas
USA,Weakley,Tennessee,US,36.29896232,-88.71990865,"Weakley, Tennessee, US",33328,Americas
USA,White,Tennessee,US,35.92929884,-85.45591799,"White, Tennessee, US",27345,Americas
USA,Williamson,Tennessee,US,35.89099229,-86.89281867,"Williamson, Tennessee, US",238412,Americas
USA,Wilson,Tennessee,US,36.15496772,-86.29775884,"Wilson, Tennessee, US",144657,Americas
USA,Anderson,Texas,US,31.81534745,-95.65354823,"Anderson, Texas, US",57735,Americas
USA,Andrews,Texas,US,32.30468633,-102.6376548,"Andrews, Texas, US",18705,Americas
USA,Angelina,Texas,US,31.25457347,-94.60901487,"Angelina, Texas, US",86715,Americas
USA,Aransas,Texas,US,28.10556197,-96.9995047,"Aransas, Texas, US",23510,Americas
USA,Archer,Texas,US,33.61569967,-98.68754589,"Archer, Texas, US",8553,Americas
USA,Armstrong,Texas,US,34.96507426,-101.3574874,"Armstrong, Texas, US",1887,Americas
USA,Atascosa,Texas,US,28.89333001,-98.52730485,"Atascosa, Texas, US",51153,Americas
USA,Austin,Texas,US,29.88548725,-96.27736949,"Austin, Texas, US",30032,Americas
USA,Bailey,Texas,US,34.06854817,-102.8299707,"Bailey, Texas, US",7000,Americas
USA,Bandera,Texas,US,29.74619598,-99.24598147,"Bandera, Texas, US",23112,Americas
USA,Bastrop,Texas,US,30.10370699,-97.31206354,"Bastrop, Texas, US",88723,Americas
USA,Baylor,Texas,US,33.61640794,-99.21352901,"Baylor, Texas, US",3509,Americas
USA,Bee,Texas,US,28.41761668,-97.74215593,"Bee, Texas, US",32565,Americas
USA,Bell,Texas,US,31.03736027,-97.4785025,"Bell, Texas, US",362924,Americas
USA,Bexar,Texas,US,29.44928723,-98.52019748,"Bexar, Texas, US",2003554,Americas
USA,Blanco,Texas,US,30.26640707,-98.3999852,"Blanco, Texas, US",11931,Americas
USA,Borden,Texas,US,32.74363984,-101.4316509,"Borden, Texas, US",654,Americas
USA,Bosque,Texas,US,31.89978581,-97.63613524,"Bosque, Texas, US",18685,Americas
USA,Bowie,Texas,US,33.44626922,-94.41834132,"Bowie, Texas, US",93245,Americas
USA,Brazoria,Texas,US,29.18757369,-95.44563172,"Brazoria, Texas, US",374264,Americas
USA,Brazos,Texas,US,30.6636448,-96.30205577,"Brazos, Texas, US",229211,Americas
USA,Brewster,Texas,US,29.81008251,-103.2520326,"Brewster, Texas, US",9203,Americas
USA,Briscoe,Texas,US,34.53026962,-101.2084947,"Briscoe, Texas, US",1546,Americas
USA,Brooks,Texas,US,27.03103197,-98.21808402,"Brooks, Texas, US",7093,Americas
USA,Brown,Texas,US,31.77430356,-98.99907113,"Brown, Texas, US",37864,Americas
USA,Burleson,Texas,US,30.49273808,-96.62158484,"Burleson, Texas, US",18443,Americas
USA,Burnet,Texas,US,30.78801353,-98.181887,"Burnet, Texas, US",48155,Americas
USA,Caldwell,Texas,US,29.83668859,-97.61814775,"Caldwell, Texas, US",43664,Americas
USA,Calhoun,Texas,US,28.47048236,-96.61633945,"Calhoun, Texas, US",21290,Americas
USA,Callahan,Texas,US,32.29760619,-99.37326312,"Callahan, Texas, US",13943,Americas
USA,Cameron,Texas,US,26.14524221,-97.48140372,"Cameron, Texas, US",423163,Americas
USA,Camp,Texas,US,32.97195142,-94.97790104,"Camp, Texas, US",13094,Americas
USA,Carson,Texas,US,35.40365929,-101.3542669,"Carson, Texas, US",5926,Americas
USA,Cass,Texas,US,33.07499881,-94.34646905,"Cass, Texas, US",30026,Americas
USA,Castro,Texas,US,34.53016752,-102.2617243,"Castro, Texas, US",7530,Americas
USA,Chambers,Texas,US,29.70972016,-94.67154501,"Chambers, Texas, US",43837,Americas
USA,Cherokee,Texas,US,31.837258,-95.16559897,"Cherokee, Texas, US",52646,Americas
USA,Childress,Texas,US,34.5293041,-100.2077916,"Childress, Texas, US",7306,Americas
USA,Clay,Texas,US,33.78686685,-98.20771198,"Clay, Texas, US",10471,Americas
USA,Cochran,Texas,US,33.60425307,-102.8284499,"Cochran, Texas, US",2853,Americas
USA,Coke,Texas,US,31.88911733,-100.5297533,"Coke, Texas, US",3387,Americas
USA,Coleman,Texas,US,31.76736834,-99.45240766,"Coleman, Texas, US",8175,Americas
USA,Collin,Texas,US,33.18820114,-96.57264368,"Collin, Texas, US",1034730,Americas
USA,Collingsworth,Texas,US,34.96489496,-100.2700111,"Collingsworth, Texas, US",2920,Americas
USA,Colorado,Texas,US,29.622098,-96.5273805,"Colorado, Texas, US",21493,Americas
USA,Comal,Texas,US,29.80811278,-98.27647225,"Comal, Texas, US",156209,Americas
USA,Comanche,Texas,US,31.94854689,-98.55876441,"Comanche, Texas, US",13635,Americas
USA,Concho,Texas,US,31.32635934,-99.86473038,"Concho, Texas, US",2726,Americas
USA,Cooke,Texas,US,33.63979567,-97.21240912,"Cooke, Texas, US",41257,Americas
USA,Coryell,Texas,US,31.39078397,-97.79936155,"Coryell, Texas, US",75951,Americas
USA,Cottle,Texas,US,34.07783319,-100.2785062,"Cottle, Texas, US",1398,Americas
USA,Crane,Texas,US,31.43052248,-102.5143314,"Crane, Texas, US",4797,Americas
USA,Crockett,Texas,US,30.72367027,-101.4134238,"Crockett, Texas, US",3464,Americas
USA,Crosby,Texas,US,33.61431553,-101.3000364,"Crosby, Texas, US",5737,Americas
USA,Culberson,Texas,US,31.44506775,-104.5185739,"Culberson, Texas, US",2171,Americas
USA,Dallam,Texas,US,36.27787176,-102.6020725,"Dallam, Texas, US",7287,Americas
USA,Dallas,Texas,US,32.76670599,-96.7779605,"Dallas, Texas, US",2635516,Americas
USA,Dawson,Texas,US,32.74255572,-101.9477242,"Dawson, Texas, US",12728,Americas
USA,Deaf Smith,Texas,US,34.96522957,-102.6054267,"Deaf Smith, Texas, US",18546,Americas
USA,Delta,Texas,US,33.38570922,-95.66921122,"Delta, Texas, US",5331,Americas
USA,Denton,Texas,US,33.20521901,-97.11691153,"Denton, Texas, US",887207,Americas
USA,DeWitt,Texas,US,29.08101855,-97.3568117,"DeWitt, Texas, US",20160,Americas
USA,Dickens,Texas,US,33.61616822,-100.7788855,"Dickens, Texas, US",2211,Americas
USA,Dimmit,Texas,US,28.42270064,-99.75645095,"Dimmit, Texas, US",10124,Americas
USA,Donley,Texas,US,34.96517499,-100.8140093,"Donley, Texas, US",3278,Americas
USA,Duval,Texas,US,27.68184592,-98.50864568,"Duval, Texas, US",11157,Americas
USA,Eastland,Texas,US,32.32743996,-98.83243566,"Eastland, Texas, US",18360,Americas
USA,Ector,Texas,US,31.86898877,-102.5429428,"Ector, Texas, US",166223,Americas
USA,Edwards,Texas,US,29.98202582,-100.304252,"Edwards, Texas, US",1932,Americas
USA,Ellis,Texas,US,32.34894117,-96.79371841,"Ellis, Texas, US",184826,Americas
USA,El Paso,Texas,US,31.76980765,-106.2363275,"El Paso, Texas, US",839238,Americas
USA,Erath,Texas,US,32.23602653,-98.21773417,"Erath, Texas, US",42698,Americas
USA,Falls,Texas,US,31.25350609,-96.93630086,"Falls, Texas, US",17297,Americas
USA,Fannin,Texas,US,33.59564294,-96.10751083,"Fannin, Texas, US",35514,Americas
USA,Fayette,Texas,US,29.87788372,-96.92076062,"Fayette, Texas, US",25346,Americas
USA,Fisher,Texas,US,32.74281316,-100.4019302,"Fisher, Texas, US",3830,Americas
USA,Floyd,Texas,US,34.07227468,-101.3031546,"Floyd, Texas, US",5712,Americas
USA,Foard,Texas,US,33.97308618,-99.7767797,"Foard, Texas, US",1155,Americas
USA,Fort Bend,Texas,US,29.52704478,-95.77219463,"Fort Bend, Texas, US",811688,Americas
USA,Franklin,Texas,US,33.17653242,-95.21917243,"Franklin, Texas, US",10725,Americas
USA,Freestone,Texas,US,31.70422788,-96.15072516,"Freestone, Texas, US",19717,Americas
USA,Frio,Texas,US,28.86751206,-99.10804207,"Frio, Texas, US",20306,Americas
USA,Gaines,Texas,US,32.74055318,-102.6353295,"Gaines, Texas, US",21492,Americas
USA,Galveston,Texas,US,29.40167322,-94.90469073,"Galveston, Texas, US",342139,Americas
USA,Garza,Texas,US,33.17969345,-101.2984114,"Garza, Texas, US",6229,Americas
USA,Gillespie,Texas,US,30.31824095,-98.94676915,"Gillespie, Texas, US",26988,Americas
USA,Glasscock,Texas,US,31.86942909,-101.5207776,"Glasscock, Texas, US",1409,Americas
USA,Goliad,Texas,US,28.65696592,-97.42760647,"Goliad, Texas, US",7658,Americas
USA,Gonzales,Texas,US,29.45634206,-97.49424032,"Gonzales, Texas, US",20837,Americas
USA,Gray,Texas,US,35.40081878,-100.8129222,"Gray, Texas, US",21886,Americas
USA,Grayson,Texas,US,33.62744998,-96.67753461,"Grayson, Texas, US",136212,Americas
USA,Gregg,Texas,US,32.47940482,-94.81591935,"Gregg, Texas, US",123945,Americas
USA,Grimes,Texas,US,30.54579585,-95.98902499,"Grimes, Texas, US",28880,Americas
USA,Guadalupe,Texas,US,29.58165339,-97.94786822,"Guadalupe, Texas, US",166847,Americas
USA,Hale,Texas,US,34.07044901,-101.8268114,"Hale, Texas, US",33406,Americas
USA,Hall,Texas,US,34.5307555,-100.6813852,"Hall, Texas, US",2964,Americas
USA,Hamilton,Texas,US,31.70470573,-98.11083887,"Hamilton, Texas, US",8461,Americas
USA,Hansford,Texas,US,36.27743284,-101.3545796,"Hansford, Texas, US",5399,Americas
USA,Hardeman,Texas,US,34.28944521,-99.74632408,"Hardeman, Texas, US",3933,Americas
USA,Hardin,Texas,US,30.33364686,-94.38931817,"Hardin, Texas, US",57602,Americas
USA,Harris,Texas,US,29.85864939,-95.39339521,"Harris, Texas, US",4713325,Americas
USA,Harrison,Texas,US,32.54935988,-94.36934071,"Harrison, Texas, US",66553,Americas
USA,Hartley,Texas,US,35.84008013,-102.6029022,"Hartley, Texas, US",5576,Americas
USA,Haskell,Texas,US,33.17823584,-99.73037358,"Haskell, Texas, US",5658,Americas
USA,Hays,Texas,US,30.05669873,-98.02944344,"Hays, Texas, US",230191,Americas
USA,Hemphill,Texas,US,35.83764858,-100.2703577,"Hemphill, Texas, US",3819,Americas
USA,Henderson,Texas,US,32.21128872,-95.85846587,"Henderson, Texas, US",82737,Americas
USA,Hidalgo,Texas,US,26.39418217,-98.18299696,"Hidalgo, Texas, US",868707,Americas
USA,Hill,Texas,US,31.99045053,-97.13423143,"Hill, Texas, US",36649,Americas
USA,Hockley,Texas,US,33.60771256,-102.3431676,"Hockley, Texas, US",23021,Americas
USA,Hood,Texas,US,32.42990927,-97.83242024,"Hood, Texas, US",61643,Americas
USA,Hopkins,Texas,US,33.14875072,-95.56351139,"Hopkins, Texas, US",37084,Americas
USA,Houston,Texas,US,31.31925973,-95.42226208,"Houston, Texas, US",22968,Americas
USA,Howard,Texas,US,32.30621324,-101.4356444,"Howard, Texas, US",36664,Americas
USA,Hudspeth,Texas,US,31.45628381,-105.388178,"Hudspeth, Texas, US",4886,Americas
USA,Hunt,Texas,US,33.12351514,-96.08551032,"Hunt, Texas, US",98594,Americas
USA,Hutchinson,Texas,US,35.84006574,-101.3546643,"Hutchinson, Texas, US",20938,Americas
USA,Irion,Texas,US,31.30375559,-100.982439,"Irion, Texas, US",1536,Americas
USA,Jack,Texas,US,33.23377248,-98.17283469,"Jack, Texas, US",8935,Americas
USA,Jackson,Texas,US,28.95472367,-96.57749563,"Jackson, Texas, US",14760,Americas
USA,Jasper,Texas,US,30.74685667,-94.02667579,"Jasper, Texas, US",35529,Americas
USA,Jeff Davis,Texas,US,30.71490589,-104.1399973,"Jeff Davis, Texas, US",2274,Americas
USA,Jefferson,Texas,US,29.8832777,-94.16434171,"Jefferson, Texas, US",251565,Americas
USA,Jim Hogg,Texas,US,27.04453923,-98.6968187,"Jim Hogg, Texas, US",5200,Americas
USA,Jim Wells,Texas,US,27.73103938,-98.0904705,"Jim Wells, Texas, US",40482,Americas
USA,Johnson,Texas,US,32.37877812,-97.36615819,"Johnson, Texas, US",175817,Americas
USA,Jones,Texas,US,32.73997145,-99.87861576,"Jones, Texas, US",20083,Americas
USA,Karnes,Texas,US,28.90705334,-97.85960149,"Karnes, Texas, US",15601,Americas
USA,Kaufman,Texas,US,32.5991417,-96.28734728,"Kaufman, Texas, US",136154,Americas
USA,Kendall,Texas,US,29.94414155,-98.7113588,"Kendall, Texas, US",47431,Americas
USA,Kenedy,Texas,US,26.92601662,-97.66413984,"Kenedy, Texas, US",404,Americas
USA,Kent,Texas,US,33.18104136,-100.7780939,"Kent, Texas, US",762,Americas
USA,Kerr,Texas,US,30.06040006,-99.34930144,"Kerr, Texas, US",52600,Americas
USA,Kimble,Texas,US,30.48678918,-99.74856473,"Kimble, Texas, US",4337,Americas
USA,King,Texas,US,33.61643847,-100.2558057,"King, Texas, US",272,Americas
USA,Kinney,Texas,US,29.34967888,-100.4186638,"Kinney, Texas, US",3667,Americas
USA,Kleberg,Texas,US,27.42435506,-97.69894948,"Kleberg, Texas, US",30680,Americas
USA,Knox,Texas,US,33.60519951,-99.7422906,"Knox, Texas, US",3664,Americas
USA,Lamar,Texas,US,33.66981763,-95.57404777,"Lamar, Texas, US",49859,Americas
USA,Lamb,Texas,US,34.06859623,-102.3516289,"Lamb, Texas, US",12893,Americas
USA,Lampasas,Texas,US,31.19531316,-98.24206613,"Lampasas, Texas, US",21428,Americas
USA,La Salle,Texas,US,28.34453111,-99.09908775,"La Salle, Texas, US",7520,Americas
USA,Lavaca,Texas,US,29.38508402,-96.93186692,"Lavaca, Texas, US",20154,Americas
USA,Lee,Texas,US,30.31120597,-96.97045773,"Lee, Texas, US",17239,Americas
USA,Leon,Texas,US,31.29872538,-95.9936328,"Leon, Texas, US",17404,Americas
USA,Liberty,Texas,US,30.15152688,-94.81205615,"Liberty, Texas, US",88219,Americas
USA,Limestone,Texas,US,31.5454767,-96.58095444,"Limestone, Texas, US",23437,Americas
USA,Lipscomb,Texas,US,36.27783108,-100.2733151,"Lipscomb, Texas, US",3233,Americas
USA,Live Oak,Texas,US,28.35101362,-98.1246786,"Live Oak, Texas, US",12207,Americas
USA,Llano,Texas,US,30.70645047,-98.68475262,"Llano, Texas, US",21795,Americas
USA,Loving,Texas,US,31.84947612,-103.5818571,"Loving, Texas, US",169,Americas
USA,Lubbock,Texas,US,33.61008596,-101.8204789,"Lubbock, Texas, US",310569,Americas
USA,Lynn,Texas,US,33.17657705,-101.8162849,"Lynn, Texas, US",5951,Americas
USA,McCulloch,Texas,US,31.1925468,-99.34682807,"McCulloch, Texas, US",7984,Americas
USA,McLennan,Texas,US,31.55255453,-97.20217694,"McLennan, Texas, US",256623,Americas
USA,McMullen,Texas,US,28.35251708,-98.56769164,"McMullen, Texas, US",743,Americas
USA,Madison,Texas,US,30.96694679,-95.93003775,"Madison, Texas, US",14284,Americas
USA,Marion,Texas,US,32.79868409,-94.3566123,"Marion, Texas, US",9854,Americas
USA,Martin,Texas,US,32.30600051,-101.9513518,"Martin, Texas, US",5771,Americas
USA,Mason,Texas,US,30.71780434,-99.22629416,"Mason, Texas, US",4274,Americas
USA,Matagorda,Texas,US,28.81955746,-96.01230294,"Matagorda, Texas, US",36643,Americas
USA,Maverick,Texas,US,28.7429195,-100.3157686,"Maverick, Texas, US",58722,Americas
USA,Medina,Texas,US,29.3557301,-99.11030298,"Medina, Texas, US",51584,Americas
USA,Menard,Texas,US,30.88990665,-99.8204794,"Menard, Texas, US",2138,Americas
USA,Midland,Texas,US,31.86904128,-102.0315682,"Midland, Texas, US",176832,Americas
USA,Milam,Texas,US,30.7858183,-96.97718698,"Milam, Texas, US",24823,Americas
USA,Mills,Texas,US,31.49557106,-98.59272068,"Mills, Texas, US",4873,Americas
USA,Mitchell,Texas,US,32.30623474,-100.9212058,"Mitchell, Texas, US",8545,Americas
USA,Montague,Texas,US,33.67521893,-97.72500958,"Montague, Texas, US",19818,Americas
USA,Montgomery,Texas,US,30.30079133,-95.50572772,"Montgomery, Texas, US",607391,Americas
USA,Moore,Texas,US,35.83769242,-101.8930281,"Moore, Texas, US",20940,Americas
USA,Morris,Texas,US,33.11304005,-94.73255695,"Morris, Texas, US",12388,Americas
USA,Motley,Texas,US,34.07408766,-100.779722,"Motley, Texas, US",1200,Americas
USA,Nacogdoches,Texas,US,31.62017125,-94.61803994,"Nacogdoches, Texas, US",65204,Americas
USA,Navarro,Texas,US,32.04620681,-96.47428766,"Navarro, Texas, US",50113,Americas
USA,Newton,Texas,US,30.78548982,-93.74408813,"Newton, Texas, US",13595,Americas
USA,Nolan,Texas,US,32.30365282,-100.4060208,"Nolan, Texas, US",14714,Americas
USA,Nueces,Texas,US,27.736286,-97.5433285,"Nueces, Texas, US",362294,Americas
USA,Ochiltree,Texas,US,36.27829105,-100.8158184,"Ochiltree, Texas, US",9836,Americas
USA,Oldham,Texas,US,35.40425596,-102.6027606,"Oldham, Texas, US",2112,Americas
USA,Orange,Texas,US,30.11879481,-93.89412775,"Orange, Texas, US",83396,Americas
USA,Palo Pinto,Texas,US,32.75310985,-98.31319001,"Palo Pinto, Texas, US",29189,Americas
USA,Panola,Texas,US,32.1639596,-94.30552481,"Panola, Texas, US",23194,Americas
USA,Parker,Texas,US,32.77757172,-97.80500621,"Parker, Texas, US",142878,Americas
USA,Parmer,Texas,US,34.52993409,-102.7844668,"Parmer, Texas, US",9605,Americas
USA,Pecos,Texas,US,30.78097267,-102.7241261,"Pecos, Texas, US",15823,Americas
USA,Polk,Texas,US,30.79472531,-94.8276624,"Polk, Texas, US",51353,Americas
USA,Potter,Texas,US,35.40133773,-101.893964,"Potter, Texas, US",117415,Americas
USA,Presidio,Texas,US,29.99954402,-104.2408079,"Presidio, Texas, US",6704,Americas
USA,Rains,Texas,US,32.87109387,-95.79232691,"Rains, Texas, US",12514,Americas
USA,Randall,Texas,US,34.96585996,-101.8971322,"Randall, Texas, US",137713,Americas
USA,Reagan,Texas,US,31.36607041,-101.5232659,"Reagan, Texas, US",3849,Americas
USA,Real,Texas,US,29.83321503,-99.82018052,"Real, Texas, US",3452,Americas
USA,Red River,Texas,US,33.61886692,-95.04841765,"Red River, Texas, US",12023,Americas
USA,Reeves,Texas,US,31.32323325,-103.6903896,"Reeves, Texas, US",15976,Americas
USA,Refugio,Texas,US,28.3238976,-97.15766311,"Refugio, Texas, US",6948,Americas
USA,Roberts,Texas,US,35.83809685,-100.813175,"Roberts, Texas, US",854,Americas
USA,Robertson,Texas,US,31.02539637,-96.51272246,"Robertson, Texas, US",17074,Americas
USA,Rockwall,Texas,US,32.89779518,-96.40771592,"Rockwall, Texas, US",104915,Americas
USA,Runnels,Texas,US,31.8314342,-99.97616148,"Runnels, Texas, US",10264,Americas
USA,Rusk,Texas,US,32.10773545,-94.76176432,"Rusk, Texas, US",54406,Americas
USA,Sabine,Texas,US,31.34318809,-93.85440451,"Sabine, Texas, US",10542,Americas
USA,San Augustine,Texas,US,31.39457611,-94.17000399,"San Augustine, Texas, US",8237,Americas
USA,San Jacinto,Texas,US,30.57933681,-95.16260304,"San Jacinto, Texas, US",28859,Americas
USA,San Patricio,Texas,US,28.00880118,-97.51763891,"San Patricio, Texas, US",66730,Americas
USA,San Saba,Texas,US,31.1577796,-98.81758731,"San Saba, Texas, US",6055,Americas
USA,Schleicher,Texas,US,30.89740592,-100.5384842,"Schleicher, Texas, US",2793,Americas
USA,Scurry,Texas,US,32.74613808,-100.9162664,"Scurry, Texas, US",16703,Americas
USA,Shackelford,Texas,US,32.73587756,-99.35401337,"Shackelford, Texas, US",3265,Americas
USA,Shelby,Texas,US,31.79211404,-94.14550696,"Shelby, Texas, US",25274,Americas
USA,Sherman,Texas,US,36.27751473,-101.8933156,"Sherman, Texas, US",3022,Americas
USA,Smith,Texas,US,32.37474036,-95.2717568,"Smith, Texas, US",232751,Americas
USA,Somervell,Texas,US,32.22236802,-97.77403489,"Somervell, Texas, US",9128,Americas
USA,Starr,Texas,US,26.56150059,-98.73892358,"Starr, Texas, US",64633,Americas
USA,Stephens,Texas,US,32.73553157,-98.83631615,"Stephens, Texas, US",9366,Americas
USA,Sterling,Texas,US,31.82781912,-101.0500746,"Sterling, Texas, US",1291,Americas
USA,Stonewall,Texas,US,33.17906744,-100.2538401,"Stonewall, Texas, US",1350,Americas
USA,Sutton,Texas,US,30.49856623,-100.5382014,"Sutton, Texas, US",3776,Americas
USA,Swisher,Texas,US,34.53028891,-101.7349174,"Swisher, Texas, US",7397,Americas
USA,Tarrant,Texas,US,32.77143818,-97.29101614,"Tarrant, Texas, US",2102515,Americas
USA,Taylor,Texas,US,32.30163422,-99.89007449,"Taylor, Texas, US",138034,Americas
USA,Terrell,Texas,US,30.22429013,-102.0766732,"Terrell, Texas, US",776,Americas
USA,Terry,Texas,US,33.17402785,-102.3354521,"Terry, Texas, US",12337,Americas
USA,Throckmorton,Texas,US,33.17751417,-99.21226795,"Throckmorton, Texas, US",1501,Americas
USA,Titus,Texas,US,33.21339719,-94.96797273,"Titus, Texas, US",32750,Americas
USA,Tom Green,Texas,US,31.40464436,-100.462443,"Tom Green, Texas, US",119200,Americas
USA,Travis,Texas,US,30.33432034,-97.7853562,"Travis, Texas, US",1273954,Americas
USA,Trinity,Texas,US,31.0879489,-95.1367187,"Trinity, Texas, US",14651,Americas
USA,Tyler,Texas,US,30.77031716,-94.37690895,"Tyler, Texas, US",21672,Americas
USA,Upshur,Texas,US,32.73706798,-94.93999853,"Upshur, Texas, US",41753,Americas
USA,Upton,Texas,US,31.36868194,-102.0423217,"Upton, Texas, US",3657,Americas
USA,Uvalde,Texas,US,29.35739637,-99.76229172,"Uvalde, Texas, US",26741,Americas
USA,Val Verde,Texas,US,29.89149232,-101.1525205,"Val Verde, Texas, US",49025,Americas
USA,Van Zandt,Texas,US,32.56483801,-95.83766469,"Van Zandt, Texas, US",56590,Americas
USA,Victoria,Texas,US,28.79780988,-96.96813006,"Victoria, Texas, US",92084,Americas
USA,Walker,Texas,US,30.73872995,-95.57440968,"Walker, Texas, US",72971,Americas
USA,Waller,Texas,US,30.01058447,-95.99011759,"Waller, Texas, US",55246,Americas
USA,Ward,Texas,US,31.50999644,-103.0927909,"Ward, Texas, US",11998,Americas
USA,Washington,Texas,US,30.21498498,-96.40946246,"Washington, Texas, US",35882,Americas
USA,Webb,Texas,US,27.7610369,-99.33237355,"Webb, Texas, US",276652,Americas
USA,Wharton,Texas,US,29.27765923,-96.22319248,"Wharton, Texas, US",41556,Americas
USA,Wheeler,Texas,US,35.40114335,-100.2699514,"Wheeler, Texas, US",5056,Americas
USA,Wichita,Texas,US,33.98842886,-98.7041034,"Wichita, Texas, US",132230,Americas
USA,Wilbarger,Texas,US,34.07945812,-99.24178437,"Wilbarger, Texas, US",12769,Americas
USA,Willacy,Texas,US,26.47411727,-97.61535848,"Willacy, Texas, US",21358,Americas
USA,Williamson,Texas,US,30.64655664,-97.6004854,"Williamson, Texas, US",590551,Americas
USA,Wilson,Texas,US,29.1732598,-98.08693082,"Wilson, Texas, US",51070,Americas
USA,Winkler,Texas,US,31.85008651,-103.0485163,"Winkler, Texas, US",8010,Americas
USA,Wise,Texas,US,33.21570665,-97.65460265,"Wise, Texas, US",69984,Americas
USA,Wood,Texas,US,32.78722382,-95.38236368,"Wood, Texas, US",45539,Americas
USA,Yoakum,Texas,US,33.17320212,-102.8276433,"Yoakum, Texas, US",8713,Americas
USA,Young,Texas,US,33.17659707,-98.68790885,"Young, Texas, US",18010,Americas
USA,Zapata,Texas,US,27.00156391,-99.16987152,"Zapata, Texas, US",14179,Americas
USA,Zavala,Texas,US,28.86617238,-99.76050829,"Zavala, Texas, US",11840,Americas
USA,Beaver,Utah,US,38.35657051,-113.2342232,"Beaver, Utah, US",6710,Americas
USA,Box Elder,Utah,US,41.52106798,-113.0832816,"Box Elder, Utah, US",56046,Americas
USA,Cache,Utah,US,41.72330587,-111.7443667,"Cache, Utah, US",128289,Americas
USA,Carbon,Utah,US,39.64834818,-110.5872512,"Carbon, Utah, US",20463,Americas
USA,Daggett,Utah,US,40.88798265,-109.5121093,"Daggett, Utah, US",950,Americas
USA,Davis,Utah,US,40.99001837,-112.1139997,"Davis, Utah, US",355481,Americas
USA,Duchesne,Utah,US,40.29772254,-110.425237,"Duchesne, Utah, US",19938,Americas
USA,Emery,Utah,US,38.99617072,-110.7013958,"Emery, Utah, US",10012,Americas
USA,Garfield,Utah,US,37.85447192,-111.4418764,"Garfield, Utah, US",5051,Americas
USA,Grand,Utah,US,38.98103848,-109.5704487,"Grand, Utah, US",9754,Americas
USA,Iron,Utah,US,37.8590362,-113.2897381,"Iron, Utah, US",54839,Americas
USA,Juab,Utah,US,39.70208397,-112.7809245,"Juab, Utah, US",12017,Americas
USA,Kane,Utah,US,37.28507306,-111.8861752,"Kane, Utah, US",7886,Americas
USA,Millard,Utah,US,39.0729209,-113.1020328,"Millard, Utah, US",13188,Americas
USA,Morgan,Utah,US,41.08830262,-111.5727723,"Morgan, Utah, US",12124,Americas
USA,Piute,Utah,US,38.33815254,-112.1249591,"Piute, Utah, US",1479,Americas
USA,Rich,Utah,US,41.63137678,-111.2445105,"Rich, Utah, US",2483,Americas
USA,Salt Lake,Utah,US,40.66616532,-111.9216011,"Salt Lake, Utah, US",1160437,Americas
USA,San Juan,Utah,US,37.62762978,-109.8033714,"San Juan, Utah, US",15308,Americas
USA,Sanpete,Utah,US,39.37231946,-111.5758676,"Sanpete, Utah, US",30939,Americas
USA,Sevier,Utah,US,38.74837146,-111.8050275,"Sevier, Utah, US",21620,Americas
USA,Summit,Utah,US,40.86688146,-110.9535882,"Summit, Utah, US",42145,Americas
USA,Tooele,Utah,US,40.44862644,-113.1295715,"Tooele, Utah, US",72259,Americas
USA,Uintah,Utah,US,40.12491499,-109.5174415,"Uintah, Utah, US",35734,Americas
USA,Utah,Utah,US,40.1166722,-111.6657662,"Utah, Utah, US",636235,Americas
USA,Wasatch,Utah,US,40.33110236,-111.1691419,"Wasatch, Utah, US",34091,Americas
USA,Washington,Utah,US,37.28003525,-113.504698,"Washington, Utah, US",177556,Americas
USA,Wayne,Utah,US,38.32335822,-110.9096801,"Wayne, Utah, US",2711,Americas
USA,Weber,Utah,US,41.27116049,-111.9145117,"Weber, Utah, US",260213,Americas
USA,Addison,Vermont,US,44.03217337,-73.14130877,"Addison, Vermont, US",36777,Americas
USA,Bennington,Vermont,US,43.03519828,-73.09048868,"Bennington, Vermont, US",35470,Americas
USA,Caledonia,Vermont,US,44.46548598,-72.10314651,"Caledonia, Vermont, US",29993,Americas
USA,Chittenden,Vermont,US,44.46322849,-73.08359212,"Chittenden, Vermont, US",163774,Americas
USA,Essex,Vermont,US,44.72736416,-71.73579864,"Essex, Vermont, US",6163,Americas
USA,Franklin,Vermont,US,44.85627605,-72.91249563,"Franklin, Vermont, US",49402,Americas
USA,Grand Isle,Vermont,US,44.7975824,-73.29679772,"Grand Isle, Vermont, US",7235,Americas
USA,Lamoille,Vermont,US,44.60353043,-72.64356694,"Lamoille, Vermont, US",25362,Americas
USA,Orange,Vermont,US,44.00470222,-72.37640104,"Orange, Vermont, US",28892,Americas
USA,Orleans,Vermont,US,44.82964024,-72.24562697,"Orleans, Vermont, US",27037,Americas
USA,Rutland,Vermont,US,43.57723578,-73.03741676,"Rutland, Vermont, US",58191,Americas
USA,Washington,Vermont,US,44.27343241,-72.61604978,"Washington, Vermont, US",58409,Americas
USA,Windham,Vermont,US,42.986982,-72.71268875,"Windham, Vermont, US",42222,Americas
USA,Windsor,Vermont,US,43.58010937,-72.58595157,"Windsor, Vermont, US",55062,Americas
USA,Accomack,Virginia,US,37.76707161,-75.63234615,"Accomack, Virginia, US",32316,Americas
USA,Albemarle,Virginia,US,38.02080697,-78.55481085,"Albemarle, Virginia, US",109330,Americas
USA,Alleghany,Virginia,US,37.78636074,-80.00222498,"Alleghany, Virginia, US",14860,Americas
USA,Amelia,Virginia,US,37.34081025,-77.98584649,"Amelia, Virginia, US",13145,Americas
USA,Amherst,Virginia,US,37.60308293,-79.14548696,"Amherst, Virginia, US",31605,Americas
USA,Appomattox,Virginia,US,37.37569884,-78.81340003,"Appomattox, Virginia, US",15911,Americas
USA,Arlington,Virginia,US,38.8767675,-77.10139853,"Arlington, Virginia, US",236842,Americas
USA,Augusta,Virginia,US,38.16404586,-79.12461614,"Augusta, Virginia, US",75558,Americas
USA,Bath,Virginia,US,38.05852573,-79.73912095,"Bath, Virginia, US",4147,Americas
USA,Bedford,Virginia,US,37.3080028,-79.5281964,"Bedford, Virginia, US",78997,Americas
USA,Bland,Virginia,US,37.13128068,-81.13599391,"Bland, Virginia, US",6280,Americas
USA,Botetourt,Virginia,US,37.55531756,-79.80982182,"Botetourt, Virginia, US",33419,Americas
USA,Brunswick,Virginia,US,36.76366949,-77.8593436,"Brunswick, Virginia, US",16231,Americas
USA,Buchanan,Virginia,US,37.26818323,-82.03749726,"Buchanan, Virginia, US",21004,Americas
USA,Buckingham,Virginia,US,37.57242268,-78.52518834,"Buckingham, Virginia, US",17148,Americas
USA,Campbell,Virginia,US,37.20553386,-79.09678609,"Campbell, Virginia, US",54885,Americas
USA,Caroline,Virginia,US,38.02679129,-77.34901405,"Caroline, Virginia, US",30725,Americas
USA,Carroll,Virginia,US,36.73066666,-80.73455942,"Carroll, Virginia, US",29791,Americas
USA,Charles City,Virginia,US,37.35358063,-77.05634116,"Charles City, Virginia, US",6963,Americas
USA,Charlotte,Virginia,US,37.01909701,-78.66314092,"Charlotte, Virginia, US",11880,Americas
USA,Chesterfield,Virginia,US,37.37373208,-77.5868014,"Chesterfield, Virginia, US",352802,Americas
USA,Clarke,Virginia,US,39.11271747,-77.99199425,"Clarke, Virginia, US",14619,Americas
USA,Craig,Virginia,US,37.48133648,-80.21072274,"Craig, Virginia, US",5131,Americas
USA,Culpeper,Virginia,US,38.48199985,-77.9563087,"Culpeper, Virginia, US",52605,Americas
USA,Cumberland,Virginia,US,37.51328851,-78.24398086,"Cumberland, Virginia, US",9932,Americas
USA,Dickenson,Virginia,US,37.12560977,-82.35124171,"Dickenson, Virginia, US",14318,Americas
USA,Dinwiddie,Virginia,US,37.07544585,-77.63451754,"Dinwiddie, Virginia, US",28544,Americas
USA,Essex,Virginia,US,37.93357639,-76.94230311,"Essex, Virginia, US",10953,Americas
USA,Fairfax,Virginia,US,38.83677558,-77.27565836,"Fairfax, Virginia, US",1147532,Americas
USA,Fauquier,Virginia,US,38.73564842,-77.80647472,"Fauquier, Virginia, US",71222,Americas
USA,Floyd,Virginia,US,36.9302126,-80.36738849,"Floyd, Virginia, US",15749,Americas
USA,Fluvanna,Virginia,US,37.84157909,-78.27715475,"Fluvanna, Virginia, US",27270,Americas
USA,Franklin,Virginia,US,36.99536167,-79.88023649,"Franklin, Virginia, US",56042,Americas
USA,Frederick,Virginia,US,39.20172582,-78.25974949,"Frederick, Virginia, US",89313,Americas
USA,Giles,Virginia,US,37.31234791,-80.70636931,"Giles, Virginia, US",16720,Americas
USA,Gloucester,Virginia,US,37.40809042,-76.53524337,"Gloucester, Virginia, US",37348,Americas
USA,Goochland,Virginia,US,37.71714806,-77.90381514,"Goochland, Virginia, US",23753,Americas
USA,Grayson,Virginia,US,36.65677234,-81.23215889,"Grayson, Virginia, US",15550,Americas
USA,Greene,Virginia,US,38.29545894,-78.46525378,"Greene, Virginia, US",19819,Americas
USA,Greensville,Virginia,US,36.67878901,-77.56351439,"Greensville, Virginia, US",11336,Americas
USA,Halifax,Virginia,US,36.76654925,-78.93512622,"Halifax, Virginia, US",33911,Americas
USA,Hanover,Virginia,US,37.7583355,-77.49464673,"Hanover, Virginia, US",107766,Americas
USA,Henrico,Virginia,US,37.53460572,-77.39326555,"Henrico, Virginia, US",330818,Americas
USA,Henry,Virginia,US,36.68542395,-79.87634026,"Henry, Virginia, US",50557,Americas
USA,Highland,Virginia,US,38.35799465,-79.56124594,"Highland, Virginia, US",2190,Americas
USA,Isle of Wight,Virginia,US,36.90579348,-76.70842863,"Isle of Wight, Virginia, US",37109,Americas
USA,James City,Virginia,US,37.31156958,-76.76950618,"James City, Virginia, US",76523,Americas
USA,King and Queen,Virginia,US,37.71044922,-76.88689628,"King and Queen, Virginia, US",7025,Americas
USA,King George,Virginia,US,38.26818502,-77.15852768,"King George, Virginia, US",26836,Americas
USA,King William,Virginia,US,37.70965316,-77.09384941,"King William, Virginia, US",17148,Americas
USA,Lancaster,Virginia,US,37.71889653,-76.46400482,"Lancaster, Virginia, US",10603,Americas
USA,Lee,Virginia,US,36.70586667,-83.12606515,"Lee, Virginia, US",23423,Americas
USA,Loudoun,Virginia,US,39.08990083,-77.63481877,"Loudoun, Virginia, US",413538,Americas
USA,Louisa,Virginia,US,37.97850256,-77.96274807,"Louisa, Virginia, US",37591,Americas
USA,Lunenburg,Virginia,US,36.94618528,-78.24133319,"Lunenburg, Virginia, US",12196,Americas
USA,Madison,Virginia,US,38.41531222,-78.28220331,"Madison, Virginia, US",13261,Americas
USA,Mathews,Virginia,US,37.44164146,-76.34098896,"Mathews, Virginia, US",8834,Americas
USA,Mecklenburg,Virginia,US,36.67882005,-78.36131056,"Mecklenburg, Virginia, US",30587,Americas
USA,Middlesex,Virginia,US,37.63191998,-76.55064617,"Middlesex, Virginia, US",10582,Americas
USA,Montgomery,Virginia,US,37.17746986,-80.37868691,"Montgomery, Virginia, US",98535,Americas
USA,Nelson,Virginia,US,37.78790447,-78.88498513,"Nelson, Virginia, US",14930,Americas
USA,New Kent,Virginia,US,37.50694406,-76.99828634,"New Kent, Virginia, US",23091,Americas
USA,Northampton,Virginia,US,37.34062933,-75.87751591,"Northampton, Virginia, US",11710,Americas
USA,Northumberland,Virginia,US,37.89202088,-76.41949732,"Northumberland, Virginia, US",12095,Americas
USA,Nottoway,Virginia,US,37.1435975,-78.05065922,"Nottoway, Virginia, US",15232,Americas
USA,Orange,Virginia,US,38.24530219,-78.015604,"Orange, Virginia, US",37051,Americas
USA,Page,Virginia,US,38.61807452,-78.48797204,"Page, Virginia, US",23902,Americas
USA,Patrick,Virginia,US,36.6801638,-80.2865648,"Patrick, Virginia, US",17608,Americas
USA,Pittsylvania,Virginia,US,36.81980341,-79.39731264,"Pittsylvania, Virginia, US",60354,Americas
USA,Powhatan,Virginia,US,37.55016038,-77.91267882,"Powhatan, Virginia, US",29652,Americas
USA,Prince Edward,Virginia,US,37.22554789,-78.43597949,"Prince Edward, Virginia, US",22802,Americas
USA,Prince George,Virginia,US,37.18497668,-77.22922187,"Prince George, Virginia, US",38353,Americas
USA,Prince William,Virginia,US,38.70916224,-77.48713689,"Prince William, Virginia, US",470335,Americas
USA,Pulaski,Virginia,US,37.06474963,-80.71229738,"Pulaski, Virginia, US",34027,Americas
USA,Rappahannock,Virginia,US,38.68295619,-78.15826963,"Rappahannock, Virginia, US",7370,Americas
USA,Richmond,Virginia,US,37.937575,-76.72920628,"Richmond, Virginia, US",9023,Americas
USA,Roanoke,Virginia,US,37.26865804,-80.06396753,"Roanoke, Virginia, US",94186,Americas
USA,Rockbridge,Virginia,US,37.81204314,-79.44605905,"Rockbridge, Virginia, US",22573,Americas
USA,Rockingham,Virginia,US,38.51006137,-78.87260325,"Rockingham, Virginia, US",81948,Americas
USA,Russell,Virginia,US,36.9302832,-82.10095486,"Russell, Virginia, US",26586,Americas
USA,Scott,Virginia,US,36.71466456,-82.60171704,"Scott, Virginia, US",21566,Americas
USA,Shenandoah,Virginia,US,38.85905135,-78.56813762,"Shenandoah, Virginia, US",43616,Americas
USA,Smyth,Virginia,US,36.84455636,-81.53344948,"Smyth, Virginia, US",30104,Americas
USA,Southampton,Virginia,US,36.72231125,-77.10642712,"Southampton, Virginia, US",17631,Americas
USA,Spotsylvania,Virginia,US,38.18574462,-77.655399,"Spotsylvania, Virginia, US",136215,Americas
USA,Stafford,Virginia,US,38.41758738,-77.45917053,"Stafford, Virginia, US",152882,Americas
USA,Surry,Virginia,US,37.11781893,-76.88450012,"Surry, Virginia, US",6422,Americas
USA,Sussex,Virginia,US,36.92432914,-77.25791182,"Sussex, Virginia, US",11159,Americas
USA,Tazewell,Virginia,US,37.12191123,-81.56685568,"Tazewell, Virginia, US",40595,Americas
USA,Warren,Virginia,US,38.90847745,-78.20280433,"Warren, Virginia, US",40164,Americas
USA,Washington,Virginia,US,36.72341572,-81.95666289,"Washington, Virginia, US",53740,Americas
USA,Westmoreland,Virginia,US,38.11021557,-76.80213247,"Westmoreland, Virginia, US",18015,Americas
USA,Wise,Virginia,US,36.9746148,-82.62410519,"Wise, Virginia, US",37383,Americas
USA,Wythe,Virginia,US,36.91582035,-81.07834059,"Wythe, Virginia, US",28684,Americas
USA,York,Virginia,US,37.24374789,-76.54412815,"York, Virginia, US",68280,Americas
USA,Alexandria,Virginia,US,38.814003,-77.08183073,"Alexandria, Virginia, US",159428,Americas
USA,Bristol,Virginia,US,36.6163024,-82.16359122,"Bristol, Virginia, US",16762,Americas
USA,Buena Vista,Virginia,US,37.73484642,-79.35296097,"Buena Vista, Virginia, US",6478,Americas
USA,Charlottesville,Virginia,US,38.03527919,-78.48569588,"Charlottesville, Virginia, US",47266,Americas
USA,Chesapeake,Virginia,US,36.67670048,-76.30545744,"Chesapeake, Virginia, US",244835,Americas
USA,Colonial Heights,Virginia,US,37.26420587,-77.39609676,"Colonial Heights, Virginia, US",17370,Americas
USA,Covington,Virginia,US,37.7824656,-79.98631446,"Covington, Virginia, US",5538,Americas
USA,Danville,Virginia,US,36.58022376,-79.40395668,"Danville, Virginia, US",40044,Americas
USA,Emporia,Virginia,US,36.69455571,-77.53406129,"Emporia, Virginia, US",5346,Americas
USA,Fairfax City,Virginia,US,38.85157547,-77.2977964,"Fairfax City, Virginia, US",24019,Americas
USA,Falls Church,Virginia,US,38.88485255,-77.17560759,"Falls Church, Virginia, US",14617,Americas
USA,Franklin City,Virginia,US,36.6831435,-76.93859681,"Franklin City, Virginia, US",7967,Americas
USA,Fredericksburg,Virginia,US,38.2977863,-77.4922454,"Fredericksburg, Virginia, US",29036,Americas
USA,Galax,Virginia,US,36.66601852,-80.91703124,"Galax, Virginia, US",6347,Americas
USA,Hampton,Virginia,US,37.03513786,-76.35879121,"Hampton, Virginia, US",134510,Americas
USA,Harrisonburg,Virginia,US,38.43542574,-78.87536254,"Harrisonburg, Virginia, US",53016,Americas
USA,Hopewell,Virginia,US,37.29186313,-77.29754684,"Hopewell, Virginia, US",22529,Americas
USA,Lexington,Virginia,US,37.78258621,-79.44262866,"Lexington, Virginia, US",7446,Americas
USA,Lynchburg,Virginia,US,37.40021399,-79.19888138,"Lynchburg, Virginia, US",82168,Americas
USA,Manassas,Virginia,US,38.7464321,-77.48509905,"Manassas, Virginia, US",41085,Americas
USA,Manassas Park,Virginia,US,38.77058531,-77.44399307,"Manassas Park, Virginia, US",17478,Americas
USA,Martinsville,Virginia,US,36.68212094,-79.86352771,"Martinsville, Virginia, US",12554,Americas
USA,Newport News,Virginia,US,37.08166899,-76.51754109,"Newport News, Virginia, US",179225,Americas
USA,Norfolk,Virginia,US,36.89934014,-76.26420872,"Norfolk, Virginia, US",242742,Americas
USA,Norton,Virginia,US,36.93357076,-82.62750411,"Norton, Virginia, US",3981,Americas
USA,Petersburg,Virginia,US,37.20530399,-77.39368102,"Petersburg, Virginia, US",31346,Americas
USA,Poquoson,Virginia,US,37.14259351,-76.35798148,"Poquoson, Virginia, US",12271,Americas
USA,Portsmouth,Virginia,US,36.85914825,-76.35971629,"Portsmouth, Virginia, US",94398,Americas
USA,Radford,Virginia,US,37.12222899,-80.5602732,"Radford, Virginia, US",18249,Americas
USA,Richmond City,Virginia,US,37.53255773,-77.47966921,"Richmond City, Virginia, US",230436,Americas
USA,Roanoke City,Virginia,US,37.27791025,-79.96189766,"Roanoke City, Virginia, US",99143,Americas
USA,Salem,Virginia,US,37.2836193,-80.06219455,"Salem, Virginia, US",25301,Americas
USA,Staunton,Virginia,US,38.15965544,-79.05979937,"Staunton, Virginia, US",24932,Americas
USA,Suffolk,Virginia,US,36.70155394,-76.63603554,"Suffolk, Virginia, US",92108,Americas
USA,Virginia Beach,Virginia,US,36.73285734,-76.04566934,"Virginia Beach, Virginia, US",449974,Americas
USA,Waynesboro,Virginia,US,38.06451466,-78.90293905,"Waynesboro, Virginia, US",22630,Americas
USA,Williamsburg,Virginia,US,37.28131268,-76.70905141,"Williamsburg, Virginia, US",14954,Americas
USA,Winchester,Virginia,US,39.17054517,-78.17325058,"Winchester, Virginia, US",28078,Americas
USA,Adams,Washington,US,46.98299757,-118.5601734,"Adams, Washington, US",19983,Americas
USA,Asotin,Washington,US,46.18894415,-117.2022851,"Asotin, Washington, US",22582,Americas
USA,Benton,Washington,US,46.23946995,-119.5120834,"Benton, Washington, US",204390,Americas
USA,Chelan,Washington,US,47.87046092,-120.6173956,"Chelan, Washington, US",77200,Americas
USA,Clallam,Washington,US,48.04754642,-123.9226319,"Clallam, Washington, US",77331,Americas
USA,Clark,Washington,US,45.77568046,-122.4829204,"Clark, Washington, US",488241,Americas
USA,Columbia,Washington,US,46.29442881,-117.9051983,"Columbia, Washington, US",3985,Americas
USA,Cowlitz,Washington,US,46.19074721,-122.6782231,"Cowlitz, Washington, US",110593,Americas
USA,Douglas,Washington,US,47.7361335,-119.692937,"Douglas, Washington, US",43429,Americas
USA,Ferry,Washington,US,48.4711431,-118.5154041,"Ferry, Washington, US",7627,Americas
USA,Franklin,Washington,US,46.53351425,-118.9018212,"Franklin, Washington, US",95222,Americas
USA,Garfield,Washington,US,46.43197502,-117.5454032,"Garfield, Washington, US",2225,Americas
USA,Grant,Washington,US,47.20753737,-119.4500749,"Grant, Washington, US",97733,Americas
USA,Grays Harbor,Washington,US,47.14003705,-123.7820567,"Grays Harbor, Washington, US",75061,Americas
USA,Island,Washington,US,48.14713305,-122.5216407,"Island, Washington, US",85141,Americas
USA,Jefferson,Washington,US,47.75003077,-123.5609704,"Jefferson, Washington, US",32221,Americas
USA,King,Washington,US,47.49137892,-121.8346131,"King, Washington, US",2252782,Americas
USA,Kitsap,Washington,US,47.63479026,-122.6436061,"Kitsap, Washington, US",271473,Americas
USA,Kittitas,Washington,US,47.12521214,-120.679439,"Kittitas, Washington, US",47935,Americas
USA,Klickitat,Washington,US,45.87325839,-120.7913598,"Klickitat, Washington, US",22425,Americas
USA,Lewis,Washington,US,46.57756476,-122.3925769,"Lewis, Washington, US",80707,Americas
USA,Lincoln,Washington,US,47.57705241,-118.4194388,"Lincoln, Washington, US",10939,Americas
USA,Mason,Washington,US,47.35007586,-123.1863685,"Mason, Washington, US",66768,Americas
USA,Okanogan,Washington,US,48.54855019,-119.7387224,"Okanogan, Washington, US",42243,Americas
USA,Pacific,Washington,US,46.55418369,-123.7285716,"Pacific, Washington, US",22471,Americas
USA,Pend Oreille,Washington,US,48.53234021,-117.2741804,"Pend Oreille, Washington, US",13724,Americas
USA,Pierce,Washington,US,47.03892768,-122.1405958,"Pierce, Washington, US",904980,Americas
USA,San Juan,Washington,US,48.60182783,-122.96745,"San Juan, Washington, US",17582,Americas
USA,Skagit,Washington,US,48.48171488,-121.766131,"Skagit, Washington, US",129205,Americas
USA,Skamania,Washington,US,46.02408726,-121.9164403,"Skamania, Washington, US",12083,Americas
USA,Snohomish,Washington,US,48.04615983,-121.7170703,"Snohomish, Washington, US",822083,Americas
USA,Spokane,Washington,US,47.62113146,-117.4046494,"Spokane, Washington, US",522798,Americas
USA,Stevens,Washington,US,48.40035475,-117.8542701,"Stevens, Washington, US",45723,Americas
USA,Thurston,Washington,US,46.9291895,-122.8290656,"Thurston, Washington, US",290536,Americas
USA,Wahkiakum,Washington,US,46.2918004,-123.4250831,"Wahkiakum, Washington, US",4488,Americas
USA,Walla Walla,Washington,US,46.23040051,-118.4775539,"Walla Walla, Washington, US",60760,Americas
USA,Whatcom,Washington,US,48.82227976,-121.7490018,"Whatcom, Washington, US",229247,Americas
USA,Whitman,Washington,US,46.90022523,-117.5241763,"Whitman, Washington, US",50104,Americas
USA,Yakima,Washington,US,46.45738486,-120.7380126,"Yakima, Washington, US",250873,Americas
USA,Barbour,West Virginia,US,39.1307219,-80.00350858,"Barbour, West Virginia, US",16441,Americas
USA,Berkeley,West Virginia,US,39.46704621,-78.02414609,"Berkeley, West Virginia, US",119171,Americas
USA,Boone,West Virginia,US,38.01974191,-81.69888019,"Boone, West Virginia, US",21457,Americas
USA,Braxton,West Virginia,US,38.70036159,-80.72011184,"Braxton, West Virginia, US",13957,Americas
USA,Brooke,West Virginia,US,40.27367263,-80.57915332,"Brooke, West Virginia, US",21939,Americas
USA,Cabell,West Virginia,US,38.42424062,-82.23855912,"Cabell, West Virginia, US",91945,Americas
USA,Calhoun,West Virginia,US,38.84315422,-81.11934872,"Calhoun, West Virginia, US",7109,Americas
USA,Clay,West Virginia,US,38.46231092,-81.07652217,"Clay, West Virginia, US",8508,Americas
USA,Doddridge,West Virginia,US,39.27057157,-80.70671527,"Doddridge, West Virginia, US",8448,Americas
USA,Fayette,West Virginia,US,38.02974928,-81.08286634,"Fayette, West Virginia, US",42406,Americas
USA,Gilmer,West Virginia,US,38.9251277,-80.85952723,"Gilmer, West Virginia, US",7823,Americas
USA,Grant,West Virginia,US,39.10314817,-79.19440518,"Grant, West Virginia, US",11568,Americas
USA,Greenbrier,West Virginia,US,37.9463652,-80.45335881,"Greenbrier, West Virginia, US",34662,Americas
USA,Hampshire,West Virginia,US,39.32103553,-78.60826476,"Hampshire, West Virginia, US",23175,Americas
USA,Hancock,West Virginia,US,40.51943859,-80.57461608,"Hancock, West Virginia, US",28810,Americas
USA,Hardy,West Virginia,US,39.00683177,-78.85855301,"Hardy, West Virginia, US",13776,Americas
USA,Harrison,West Virginia,US,39.2853852,-80.37919577,"Harrison, West Virginia, US",67256,Americas
USA,Jackson,West Virginia,US,38.84263974,-81.68148753,"Jackson, West Virginia, US",28576,Americas
USA,Jefferson,West Virginia,US,39.30776166,-77.86014147,"Jefferson, West Virginia, US",57146,Americas
USA,Kanawha,West Virginia,US,38.33860077,-81.52857054,"Kanawha, West Virginia, US",178124,Americas
USA,Lewis,West Virginia,US,38.9947249,-80.49988181,"Lewis, West Virginia, US",15907,Americas
USA,Lincoln,West Virginia,US,38.172154,-82.07017953,"Lincoln, West Virginia, US",20409,Americas
USA,Logan,West Virginia,US,37.8299889,-81.93528571,"Logan, West Virginia, US",32019,Americas
USA,McDowell,West Virginia,US,37.38002939,-81.65083669,"McDowell, West Virginia, US",17624,Americas
USA,Marion,West Virginia,US,39.50984542,-80.24244659,"Marion, West Virginia, US",56072,Americas
USA,Marshall,West Virginia,US,39.86064362,-80.66591062,"Marshall, West Virginia, US",30531,Americas
USA,Mason,West Virginia,US,38.77071799,-82.02524219,"Mason, West Virginia, US",26516,Americas
USA,Mercer,West Virginia,US,37.40481169,-81.11023142,"Mercer, West Virginia, US",58758,Americas
USA,Mineral,West Virginia,US,39.41561583,-78.94104895,"Mineral, West Virginia, US",26868,Americas
USA,Mingo,West Virginia,US,37.73048351,-82.13338365,"Mingo, West Virginia, US",23424,Americas
USA,Monongalia,West Virginia,US,39.63218457,-80.04766838,"Monongalia, West Virginia, US",105612,Americas
USA,Monroe,West Virginia,US,37.56274716,-80.54577965,"Monroe, West Virginia, US",13275,Americas
USA,Morgan,West Virginia,US,39.55439028,-78.26311676,"Morgan, West Virginia, US",17884,Americas
USA,Nicholas,West Virginia,US,38.29617706,-80.79759588,"Nicholas, West Virginia, US",24496,Americas
USA,Ohio,West Virginia,US,40.0955451,-80.62203992,"Ohio, West Virginia, US",41411,Americas
USA,Pendleton,West Virginia,US,38.68314479,-79.35084086,"Pendleton, West Virginia, US",6969,Americas
USA,Pleasants,West Virginia,US,39.37091679,-81.16771771,"Pleasants, West Virginia, US",7460,Americas
USA,Pocahontas,West Virginia,US,38.32758728,-80.00993811,"Pocahontas, West Virginia, US",8247,Americas
USA,Preston,West Virginia,US,39.46770987,-79.66712803,"Preston, West Virginia, US",33432,Americas
USA,Putnam,West Virginia,US,38.50782345,-81.9082131,"Putnam, West Virginia, US",56450,Americas
USA,Raleigh,West Virginia,US,37.76936795,-81.2456041,"Raleigh, West Virginia, US",73361,Americas
USA,Randolph,West Virginia,US,38.769899,-79.87919615,"Randolph, West Virginia, US",28695,Americas
USA,Ritchie,West Virginia,US,39.18094587,-81.06356878,"Ritchie, West Virginia, US",9554,Americas
USA,Roane,West Virginia,US,38.71622686,-81.35243568,"Roane, West Virginia, US",13688,Americas
USA,Summers,West Virginia,US,37.65390597,-80.86009693,"Summers, West Virginia, US",12573,Americas
USA,Taylor,West Virginia,US,39.33602617,-80.0421439,"Taylor, West Virginia, US",16695,Americas
USA,Tucker,West Virginia,US,39.11240885,-79.57053576,"Tucker, West Virginia, US",6839,Americas
USA,Tyler,West Virginia,US,39.46811972,-80.88772676,"Tyler, West Virginia, US",8591,Americas
USA,Upshur,West Virginia,US,38.89285061,-80.23689136,"Upshur, West Virginia, US",24176,Americas
USA,Wayne,West Virginia,US,38.14901357,-82.42287994,"Wayne, West Virginia, US",39402,Americas
USA,Webster,West Virginia,US,38.49370949,-80.4202023,"Webster, West Virginia, US",8114,Americas
USA,Wetzel,West Virginia,US,39.6065771,-80.6401654,"Wetzel, West Virginia, US",15065,Americas
USA,Wirt,West Virginia,US,39.02775007,-81.37473928,"Wirt, West Virginia, US",5821,Americas
USA,Wood,West Virginia,US,39.20967886,-81.5162836,"Wood, West Virginia, US",83518,Americas
USA,Wyoming,West Virginia,US,37.612327,-81.54511071,"Wyoming, West Virginia, US",20394,Americas
USA,Adams,Wisconsin,US,43.96974651,-89.76782777,"Adams, Wisconsin, US",20220,Americas
USA,Ashland,Wisconsin,US,46.31956891,-90.67837132,"Ashland, Wisconsin, US",15562,Americas
USA,Barron,Wisconsin,US,45.42372701,-91.84833627,"Barron, Wisconsin, US",45244,Americas
USA,Bayfield,Wisconsin,US,46.52868768,-91.19716729,"Bayfield, Wisconsin, US",15036,Americas
USA,Brown,Wisconsin,US,44.4526553,-88.00411844,"Brown, Wisconsin, US",264542,Americas
USA,Buffalo,Wisconsin,US,44.37835084,-91.75332578,"Buffalo, Wisconsin, US",13031,Americas
USA,Burnett,Wisconsin,US,45.86303537,-92.36711412,"Burnett, Wisconsin, US",15414,Americas
USA,Calumet,Wisconsin,US,44.0816316,-88.21780273,"Calumet, Wisconsin, US",50089,Americas
USA,Chippewa,Wisconsin,US,45.06939744,-91.28068855,"Chippewa, Wisconsin, US",64658,Americas
USA,Clark,Wisconsin,US,44.73483377,-90.61207486,"Clark, Wisconsin, US",34774,Americas
USA,Columbia,Wisconsin,US,43.46492199,-89.33589004,"Columbia, Wisconsin, US",57532,Americas
USA,Crawford,Wisconsin,US,43.23870316,-90.93073686,"Crawford, Wisconsin, US",16131,Americas
USA,Dane,Wisconsin,US,43.06601594,-89.41733797,"Dane, Wisconsin, US",546695,Americas
USA,Dodge,Wisconsin,US,43.41576662,-88.70928178,"Dodge, Wisconsin, US",87839,Americas
USA,Door,Wisconsin,US,44.95856458,-87.30002707,"Door, Wisconsin, US",27668,Americas
USA,Douglas,Wisconsin,US,46.43222285,-91.91595768,"Douglas, Wisconsin, US",43150,Americas
USA,Dunn,Wisconsin,US,44.94562799,-91.8962481,"Dunn, Wisconsin, US",45368,Americas
USA,Eau Claire,Wisconsin,US,44.726614,-91.28609183,"Eau Claire, Wisconsin, US",104646,Americas
USA,Florence,Wisconsin,US,45.84963535,-88.39804137,"Florence, Wisconsin, US",4295,Americas
USA,Fond du Lac,Wisconsin,US,43.75354908,-88.48885325,"Fond du Lac, Wisconsin, US",103403,Americas
USA,Forest,Wisconsin,US,45.66678019,-88.77084892,"Forest, Wisconsin, US",9004,Americas
USA,Grant,Wisconsin,US,42.8671731,-90.7063218,"Grant, Wisconsin, US",51439,Americas
USA,Green,Wisconsin,US,42.6794956,-89.60243287,"Green, Wisconsin, US",36960,Americas
USA,Green Lake,Wisconsin,US,43.80025981,-89.04679553,"Green Lake, Wisconsin, US",18913,Americas
USA,Iowa,Wisconsin,US,43.00050278,-90.13469017,"Iowa, Wisconsin, US",23678,Americas
USA,Iron,Wisconsin,US,46.26302338,-90.24295041,"Iron, Wisconsin, US",5687,Americas
USA,Jackson,Wisconsin,US,44.31864893,-90.80566792,"Jackson, Wisconsin, US",20643,Americas
USA,Jefferson,Wisconsin,US,43.02054068,-88.77529134,"Jefferson, Wisconsin, US",84769,Americas
USA,Juneau,Wisconsin,US,43.92456975,-90.11120239,"Juneau, Wisconsin, US",26687,Americas
USA,Kenosha,Wisconsin,US,42.57639354,-88.04051686,"Kenosha, Wisconsin, US",169561,Americas
USA,Kewaunee,Wisconsin,US,44.51727459,-87.61468386,"Kewaunee, Wisconsin, US",20434,Americas
USA,La Crosse,Wisconsin,US,43.90632465,-91.11451093,"La Crosse, Wisconsin, US",118016,Americas
USA,Lafayette,Wisconsin,US,42.66005229,-90.1317729,"Lafayette, Wisconsin, US",16665,Americas
USA,Langlade,Wisconsin,US,45.26271619,-89.07483625,"Langlade, Wisconsin, US",19189,Americas
USA,Lincoln,Wisconsin,US,45.33737523,-89.73411273,"Lincoln, Wisconsin, US",27593,Americas
USA,Manitowoc,Wisconsin,US,44.11946801,-87.80928853,"Manitowoc, Wisconsin, US",78981,Americas
USA,Marathon,Wisconsin,US,44.89792533,-89.75863384,"Marathon, Wisconsin, US",135692,Americas
USA,Marinette,Wisconsin,US,45.38553432,-88.033246,"Marinette, Wisconsin, US",40350,Americas
USA,Marquette,Wisconsin,US,43.81911946,-89.40073763,"Marquette, Wisconsin, US",15574,Americas
USA,Menominee,Wisconsin,US,45.00422544,-88.70950714,"Menominee, Wisconsin, US",4556,Americas
USA,Milwaukee,Wisconsin,US,43.00486062,-87.96733172,"Milwaukee, Wisconsin, US",945726,Americas
USA,Monroe,Wisconsin,US,43.94641218,-90.618819,"Monroe, Wisconsin, US",46253,Americas
USA,Oconto,Wisconsin,US,45.02715345,-88.26807503,"Oconto, Wisconsin, US",37930,Americas
USA,Oneida,Wisconsin,US,45.70677897,-89.51944105,"Oneida, Wisconsin, US",35595,Americas
USA,Outagamie,Wisconsin,US,44.41578887,-88.46565023,"Outagamie, Wisconsin, US",187885,Americas
USA,Ozaukee,Wisconsin,US,43.38352225,-87.94625009,"Ozaukee, Wisconsin, US",89221,Americas
USA,Pepin,Wisconsin,US,44.58307413,-91.99949611,"Pepin, Wisconsin, US",7287,Americas
USA,Pierce,Wisconsin,US,44.71850291,-92.4224416,"Pierce, Wisconsin, US",42754,Americas
USA,Polk,Wisconsin,US,45.46130348,-92.44182875,"Polk, Wisconsin, US",43783,Americas
USA,Portage,Wisconsin,US,44.47558711,-89.50152965,"Portage, Wisconsin, US",70772,Americas
USA,Price,Wisconsin,US,45.68051754,-90.3609888,"Price, Wisconsin, US",13351,Americas
USA,Racine,Wisconsin,US,42.74753117,-88.05941254,"Racine, Wisconsin, US",196311,Americas
USA,Richland,Wisconsin,US,43.3762778,-90.43012729,"Richland, Wisconsin, US",17252,Americas
USA,Rock,Wisconsin,US,42.67151616,-89.071479,"Rock, Wisconsin, US",163354,Americas
USA,Rusk,Wisconsin,US,45.47498854,-91.1333012,"Rusk, Wisconsin, US",14178,Americas
USA,St. Croix,Wisconsin,US,45.03437474,-92.45000068,"St. Croix, Wisconsin, US",90687,Americas
USA,Sauk,Wisconsin,US,43.42574087,-89.94966132,"Sauk, Wisconsin, US",64442,Americas
USA,Sawyer,Wisconsin,US,45.87931905,-91.14504927,"Sawyer, Wisconsin, US",16558,Americas
USA,Shawano,Wisconsin,US,44.78902246,-88.76443896,"Shawano, Wisconsin, US",40899,Americas
USA,Sheboygan,Wisconsin,US,43.72099677,-87.94579284,"Sheboygan, Wisconsin, US",115340,Americas
USA,Taylor,Wisconsin,US,45.21179252,-90.5004405,"Taylor, Wisconsin, US",20343,Americas
USA,Trempealeau,Wisconsin,US,44.30360275,-91.35893614,"Trempealeau, Wisconsin, US",29649,Americas
USA,Vernon,Wisconsin,US,43.59422667,-90.8324691,"Vernon, Wisconsin, US",30822,Americas
USA,Vilas,Wisconsin,US,46.05467334,-89.51719204,"Vilas, Wisconsin, US",22195,Americas
USA,Walworth,Wisconsin,US,42.66858202,-88.54163073,"Walworth, Wisconsin, US",103868,Americas
USA,Washburn,Wisconsin,US,45.89838588,-91.79050449,"Washburn, Wisconsin, US",15720,Americas
USA,Washington,Wisconsin,US,43.36863664,-88.22974712,"Washington, Wisconsin, US",136034,Americas
USA,Waukesha,Wisconsin,US,43.01833055,-88.30431188,"Waukesha, Wisconsin, US",404198,Americas
USA,Waupaca,Wisconsin,US,44.47068056,-88.96534501,"Waupaca, Wisconsin, US",50990,Americas
USA,Waushara,Wisconsin,US,44.11324419,-89.24317107,"Waushara, Wisconsin, US",24443,Americas
USA,Winnebago,Wisconsin,US,44.06886922,-88.64477096,"Winnebago, Wisconsin, US",171907,Americas
USA,Wood,Wisconsin,US,44.45537896,-90.04158336,"Wood, Wisconsin, US",72999,Americas
USA,Albany,Wyoming,US,41.65498705,-105.7235415,"Albany, Wyoming, US",38880,Americas
USA,Big Horn,Wyoming,US,44.52405055,-107.9960365,"Big Horn, Wyoming, US",11790,Americas
USA,Campbell,Wyoming,US,44.24886082,-105.5474404,"Campbell, Wyoming, US",46341,Americas
USA,Carbon,Wyoming,US,41.69357844,-106.9326084,"Carbon, Wyoming, US",14800,Americas
USA,Converse,Wyoming,US,42.97272268,-105.5081848,"Converse, Wyoming, US",13822,Americas
USA,Crook,Wyoming,US,44.58855102,-104.5697705,"Crook, Wyoming, US",7584,Americas
USA,Fremont,Wyoming,US,43.04183996,-108.6296893,"Fremont, Wyoming, US",39261,Americas
USA,Goshen,Wyoming,US,42.08798185,-104.3534743,"Goshen, Wyoming, US",13211,Americas
USA,Hot Springs,Wyoming,US,43.71930657,-108.4423174,"Hot Springs, Wyoming, US",4413,Americas
USA,Johnson,Wyoming,US,44.04057166,-106.5845174,"Johnson, Wyoming, US",8445,Americas
USA,Laramie,Wyoming,US,41.3070252,-104.6887497,"Laramie, Wyoming, US",99500,Americas
USA,Lincoln,Wyoming,US,42.26376367,-110.6563997,"Lincoln, Wyoming, US",19830,Americas
USA,Natrona,Wyoming,US,42.96180148,-106.797885,"Natrona, Wyoming, US",79858,Americas
USA,Niobrara,Wyoming,US,43.05607708,-104.4758896,"Niobrara, Wyoming, US",2356,Americas
USA,Park,Wyoming,US,44.52157546,-109.5852825,"Park, Wyoming, US",29194,Americas
USA,Platte,Wyoming,US,42.13299116,-104.966331,"Platte, Wyoming, US",8393,Americas
USA,Sheridan,Wyoming,US,44.79048913,-106.8862389,"Sheridan, Wyoming, US",30485,Americas
USA,Sublette,Wyoming,US,42.76558279,-109.9130922,"Sublette, Wyoming, US",9831,Americas
USA,Sweetwater,Wyoming,US,41.65943896,-108.8827882,"Sweetwater, Wyoming, US",42343,Americas
USA,Teton,Wyoming,US,43.93522482,-110.5890801,"Teton, Wyoming, US",23464,Americas
USA,Uinta,Wyoming,US,41.2878183,-110.5475782,"Uinta, Wyoming, US",20226,Americas
USA,Washakie,Wyoming,US,43.90451606,-107.680187,"Washakie, Wyoming, US",7805,Americas
USA,Weston,Wyoming,US,43.83961191,-104.5674881,"Weston, Wyoming, US",6927,Americas
